function_name,function_index,is_optimised,is_unoptimised,is_address_taken,is_outlined
hwt_set_cerr,0,false,true,false,false
hwt_perf_init_collector,1,false,true,false,false
hwt_perf_free_collector,2,false,true,false,false
hwt_perf_start_collector,3,false,true,false,false
collector_thread,4,false,false,true,false
hwt_perf_stop_collector,5,false,true,false,false
main,0,false,false,false,true
doargs,1,false,false,false,true
pmain,2,false,false,true,false
writer,3,false,false,true,false
reader,4,false,false,true,false
lua_checkstack,5,false,false,false,true
lua_xmove,6,false,false,false,true
lua_atpanic,7,false,false,false,true
lua_version,8,false,false,false,true
lua_absindex,9,false,false,false,true
lua_gettop,10,false,false,false,true
lua_settop,11,false,false,false,true
lua_closeslot,12,false,false,false,true
lua_rotate,13,false,false,false,true
reverse,14,false,false,false,true
lua_copy,15,false,false,false,true
main,0,false,false,false,true
lua_pushvalue,16,false,false,false,true
lua_type,17,false,false,false,true
lua_typename,18,false,false,false,true
lua_iscfunction,19,false,false,false,true
lua_isinteger,20,false,false,false,true
lua_isnumber,21,false,false,false,true
pmain,1,false,false,true,false
lua_isstring,22,false,false,false,true
lua_isuserdata,23,false,false,false,true
report,2,false,false,false,true
lua_rawequal,24,false,false,false,true
collectargs,3,false,false,false,true
lua_arith,25,false,false,false,true
createargtable,4,false,false,false,true
docall,5,false,false,false,true
lua_compare,26,false,false,false,true
lua_stringtonumber,27,false,false,false,true
runargs,6,false,false,false,true
lua_tonumberx,28,false,false,false,true
lua_tointegerx,29,false,false,false,true
lua_toboolean,30,false,false,false,true
pushargs,7,false,false,false,true
lua_tolstring,31,false,false,false,true
lua_rawlen,32,false,false,false,true
lua_tocfunction,33,false,false,false,true
lua_touserdata,34,false,false,false,true
lua_tothread,35,false,false,false,true
lua_topointer,36,false,false,false,true
lua_pushnil,37,false,false,false,true
lua_pushnumber,38,false,false,false,true
lua_pushinteger,39,false,false,false,true
lua_pushlstring,40,false,false,false,true
lua_pushstring,41,false,false,false,true
lua_pushvfstring,42,false,false,false,true
lua_pushfstring,43,false,false,false,true
lua_pushcclosure,44,false,false,false,true
doREPL,8,false,false,false,true
dofile,9,false,false,false,true
lua_pushboolean,45,false,false,false,true
lua_pushlightuserdata,46,false,false,false,true
lua_pushthread,47,false,false,false,true
msghandler,10,false,false,true,false
lua_getglobal,48,false,false,false,true
laction,11,false,false,true,false
lstop,12,false,false,true,false
lua_checkstack,13,false,false,false,true
lua_gettable,49,false,false,false,true
lua_xmove,14,false,false,false,true
lua_atpanic,15,false,false,false,true
lua_version,16,false,false,false,true
lua_getfield,50,false,false,false,true
lua_absindex,17,false,false,false,true
lua_gettop,18,false,false,false,true
lua_settop,19,false,false,false,true
lua_geti,51,false,false,false,true
lua_closeslot,20,false,false,false,true
lua_rotate,21,false,false,false,true
reverse,22,false,false,false,true
lua_rawget,52,false,false,false,true
lua_rawgeti,53,false,false,false,true
lua_rawgetp,54,false,false,false,true
lua_copy,23,false,false,false,true
lua_createtable,55,false,false,false,true
lua_pushvalue,24,false,false,false,true
lua_getmetatable,56,false,false,false,true
lua_type,25,false,false,false,true
lua_typename,26,false,false,false,true
lua_getiuservalue,57,false,false,false,true
lua_iscfunction,27,false,false,false,true
lua_setglobal,58,false,false,false,true
lua_isinteger,28,false,false,false,true
auxsetstr,59,false,false,false,true
lua_isnumber,29,false,false,false,true
lua_isstring,30,false,false,false,true
lua_settable,60,false,false,false,true
lua_setfield,61,false,false,false,true
lua_isuserdata,31,false,false,false,true
lua_seti,62,false,false,false,true
lua_rawset,63,false,false,false,true
lua_rawequal,32,false,false,false,true
lua_arith,33,false,false,false,true
aux_rawset,64,false,false,false,true
lua_rawsetp,65,false,false,false,true
lua_compare,34,false,false,false,true
lua_rawseti,66,false,false,false,true
lua_stringtonumber,35,false,false,false,true
lua_setmetatable,67,false,false,false,true
lua_tonumberx,36,false,false,false,true
lua_setiuservalue,68,false,false,false,true
lua_tointegerx,37,false,false,false,true
lua_callk,69,false,false,false,true
lua_toboolean,38,false,false,false,true
lua_pcallk,70,false,false,false,true
f_call,71,false,false,true,false
lua_tolstring,39,false,false,false,true
lua_load,72,false,false,false,true
lua_dump,73,false,false,false,true
lua_rawlen,40,false,false,false,true
lua_status,74,false,false,false,true
lua_tocfunction,41,false,false,false,true
lua_touserdata,42,false,false,false,true
lua_tothread,43,false,false,false,true
lua_topointer,44,false,false,false,true
lua_pushnil,45,false,false,false,true
lua_pushnumber,46,false,false,false,true
lua_gc,75,false,false,false,true
lua_pushinteger,47,false,false,false,true
lua_error,76,false,false,false,true
lua_next,77,false,false,false,true
lua_pushlstring,48,false,false,false,true
lua_toclose,78,false,false,false,true
lua_concat,79,false,false,false,true
lua_pushstring,49,false,false,false,true
lua_pushvfstring,50,false,false,false,true
lua_pushfstring,51,false,false,false,true
lua_len,80,false,false,false,true
lua_getallocf,81,false,false,false,true
lua_setallocf,82,false,false,false,true
lua_setwarnf,83,false,false,false,true
lua_warning,84,false,false,false,true
lua_newuserdatauv,85,false,false,false,true
lua_pushcclosure,52,false,false,false,true
lua_getupvalue,86,false,false,false,true
lua_pushboolean,53,false,false,false,true
lua_pushlightuserdata,54,false,false,false,true
lua_pushthread,55,false,false,false,true
lua_setupvalue,87,false,false,false,true
lua_getglobal,56,false,false,false,true
lua_upvalueid,88,false,false,false,true
lua_gettable,57,false,false,false,true
lua_upvaluejoin,89,false,false,false,true
luaG_getfuncline,90,false,false,false,true
lua_sethook,91,false,false,false,true
settraps,92,false,false,false,true
lua_gethook,93,false,false,false,true
lua_gethookmask,94,false,false,false,true
lua_gethookcount,95,false,false,false,true
lua_getstack,96,false,false,false,true
luaG_findlocal,97,false,false,false,true
lua_getfield,58,false,false,false,true
lua_getlocal,98,false,false,false,true
lua_geti,59,false,false,false,true
lua_setlocal,99,false,false,false,true
lua_getinfo,100,false,false,false,true
lua_rawget,60,false,false,false,true
lua_rawgeti,61,false,false,false,true
lua_rawgetp,62,false,false,false,true
auxgetinfo,101,false,false,false,true
lua_createtable,63,false,false,false,true
lua_getmetatable,64,false,false,false,true
collectvalidlines,102,false,false,false,true
lua_getiuservalue,65,false,false,false,true
lua_setglobal,66,false,false,false,true
getobjname,103,false,true,false,false
findsetreg,104,false,false,false,true
luaG_typeerror,105,false,true,false,false
varinfo,106,false,true,false,false
typeerror,107,false,true,false,false
auxsetstr,67,false,false,false,true
luaG_runerror,108,false,true,false,false
lua_settable,68,false,false,false,true
luaG_errormsg,109,false,true,false,false
getupvalname,110,false,false,false,true
instack,111,false,false,false,true
lua_setfield,69,false,false,false,true
luaG_callerror,112,false,false,false,true
luaG_forerror,113,false,true,false,false
luaG_concaterror,114,false,false,false,true
luaG_opinterror,115,false,true,false,false
luaG_tointerror,116,false,true,false,false
luaG_ordererror,117,false,true,false,false
lua_seti,70,false,false,false,true
lua_rawset,71,false,false,false,true
luaG_addinfo,118,false,false,false,true
aux_rawset,72,false,false,false,true
lua_rawsetp,73,false,false,false,true
luaG_traceexec,119,false,true,false,false
changedline,120,false,false,false,true
lua_rawseti,74,false,false,false,true
luaD_seterrorobj,121,false,false,false,true
luaD_throw,122,false,true,false,false
luaD_rawrunprotected,123,false,false,false,true
lua_setmetatable,75,false,false,false,true
lua_setiuservalue,76,false,false,false,true
luaD_reallocstack,124,false,false,false,true
luaD_growstack,125,false,true,false,false
luaD_shrinkstack,126,false,false,false,true
lua_callk,77,false,false,false,true
stackinuse,127,false,false,false,true
luaD_inctop,128,false,false,false,true
luaD_hook,129,false,true,false,false
luaD_hookcall,130,false,true,false,false
lua_pcallk,78,false,false,false,true
f_call,79,false,false,true,false
luaD_tryfuncTM,131,false,false,false,true
lua_load,80,false,false,false,true
luaD_poscall,132,false,true,false,false
lua_dump,81,false,false,false,true
lua_status,82,false,false,false,true
rethook,133,false,true,false,false
moveresults_full,134,false,false,false,true
luaD_pretailcall,135,false,true,false,false
precallC,136,false,true,false,false
lua_gc,83,false,false,false,true
lua_error,84,false,false,false,true
lua_next,85,false,false,false,true
lua_toclose,86,false,false,false,true
luaD_precall,137,false,true,false,false
lua_concat,87,false,false,false,true
luaD_call,138,false,true,false,false
lua_len,88,false,false,false,true
luaD_callnoyield,139,false,true,false,false
lua_getallocf,89,false,false,false,true
lua_setallocf,90,false,false,false,true
lua_setwarnf,91,false,false,false,true
lua_warning,92,false,false,false,true
lua_newuserdatauv,93,false,false,false,true
lua_resume,140,false,false,false,true
resume,141,false,false,true,false
precover,142,false,false,false,true
lua_getupvalue,94,false,false,false,true
unroll,143,false,false,true,false
lua_isyieldable,144,false,false,false,true
lua_yieldk,145,false,false,false,true
lua_setupvalue,95,false,false,false,true
luaD_closeprotected,146,false,false,false,true
closepaux,147,false,false,true,false
luaD_pcall,148,false,false,false,true
lua_upvalueid,96,false,false,false,true
luaD_protectedparser,149,false,false,false,true
lua_upvaluejoin,97,false,false,false,true
f_parser,150,false,false,true,false
luaG_getfuncline,98,false,false,false,true
lua_sethook,99,false,false,false,true
settraps,100,false,false,false,true
lua_gethook,101,false,false,false,true
lua_gethookmask,102,false,false,false,true
lua_gethookcount,103,false,false,false,true
lua_getstack,104,false,false,false,true
luaG_findlocal,105,false,false,false,true
luaU_dump,151,false,false,false,true
dumpSize,152,false,false,false,true
lua_getlocal,106,false,false,false,true
dumpConstants,153,false,false,false,true
lua_setlocal,107,false,false,false,true
lua_getinfo,108,false,false,false,true
dumpUpvalues,154,false,false,false,true
dumpProtos,155,false,false,false,true
auxgetinfo,109,false,false,false,true
dumpDebug,156,false,false,false,true
luaF_newCclosure,157,false,false,false,true
luaF_newLclosure,158,false,false,false,true
luaF_initupvals,159,false,false,false,true
luaF_findupval,160,false,false,false,true
collectvalidlines,110,false,false,false,true
luaF_newtbcupval,161,false,false,false,true
luaF_unlinkupval,162,false,false,false,true
luaF_closeupval,163,false,false,false,true
getobjname,111,false,true,false,false
findsetreg,112,false,false,false,true
luaG_typeerror,113,false,true,false,false
varinfo,114,false,true,false,false
typeerror,115,false,true,false,false
luaF_close,164,false,true,false,false
poptbclist,165,false,false,false,true
luaF_newproto,166,false,false,false,true
luaG_runerror,116,false,true,false,false
luaG_errormsg,117,false,true,false,false
getupvalname,118,false,false,false,true
instack,119,false,false,false,true
luaF_freeproto,167,false,false,false,true
luaF_getlocalname,168,false,false,false,true
luaG_callerror,120,false,false,false,true
luaG_forerror,121,false,true,false,false
luaC_barrier_,169,false,false,false,true
luaG_concaterror,122,false,false,false,true
luaG_opinterror,123,false,true,false,false
luaG_tointerror,124,false,true,false,false
luaC_barrierback_,170,false,false,false,true
luaC_fix,171,false,false,false,true
luaG_ordererror,125,false,true,false,false
luaC_newobjdt,172,false,false,false,true
luaC_newobj,173,false,false,false,true
luaG_addinfo,126,false,false,false,true
luaC_checkfinalizer,174,false,false,false,true
luaC_changemode,175,false,false,false,true
luaC_runtilstate,176,false,false,false,true
dothecall,177,false,false,true,false
luaG_traceexec,127,false,true,false,false
changedline,128,false,false,false,true
luaC_freeallobjects,178,false,false,false,true
luaC_step,179,false,false,false,true
luaD_seterrorobj,129,false,false,false,true
luaD_throw,130,false,true,false,false
luaD_rawrunprotected,131,false,false,false,true
luaC_fullgc,180,false,false,false,true
luaM_growaux_,181,false,false,false,true
tryagain,182,false,false,false,true
luaM_saferealloc_,183,false,false,false,true
luaM_shrinkvector_,184,false,false,false,true
luaM_toobig,185,false,false,false,true
luaM_free_,186,false,false,false,true
luaM_realloc_,187,false,false,false,true
luaM_malloc_,188,false,false,false,true
luaO_ceillog2,189,false,false,false,true
luaD_reallocstack,132,false,false,false,true
luaD_growstack,133,false,true,false,false
luaD_shrinkstack,134,false,false,false,true
luaO_rawarith,190,false,false,false,true
intarith,191,false,false,false,true
stackinuse,135,false,false,false,true
luaO_arith,192,false,false,false,true
luaO_hexavalue,193,false,false,false,true
luaD_inctop,136,false,false,false,true
luaO_str2num,194,false,true,false,false
l_str2int,195,false,false,false,true
l_str2dloc,196,false,false,false,true
luaO_utf8esc,197,false,false,false,true
luaD_hook,137,false,true,false,false
luaO_tostring,198,false,false,false,true
luaD_hookcall,138,false,true,false,false
luaD_tryfuncTM,139,false,false,false,true
luaD_poscall,140,false,true,false,false
rethook,141,false,true,false,false
luaO_pushvfstring,199,false,false,false,true
luaO_pushfstring,200,false,true,false,false
moveresults_full,142,false,false,false,true
luaO_chunkid,201,false,false,false,true
luaY_nvarstack,202,false,false,false,true
reglevel,203,false,false,false,true
luaG_ykdebug_str,204,false,false,false,true
ykifyCode,205,false,false,false,true
luaD_pretailcall,143,false,true,false,false
precallC,144,false,true,false,false
luaD_precall,145,false,true,false,false
luaY_parser,206,false,false,false,true
luaD_call,146,false,true,false,false
allocupvalue,207,false,false,false,true
statlist,208,false,false,false,true
error_expected,209,false,false,false,true
luaD_callnoyield,147,false,true,false,false
lua_resume,148,false,false,false,true
resume,149,false,false,true,false
precover,150,false,false,false,true
close_func,210,false,false,false,true
unroll,151,false,false,true,false
lua_isyieldable,152,false,false,false,true
lua_yieldk,153,false,false,false,true
leaveblock,211,false,false,false,true
luaD_closeprotected,154,false,false,false,true
closepaux,155,false,false,true,false
removevars,212,false,false,false,true
luaD_pcall,156,false,false,false,true
movegotosout,213,false,false,false,true
undefgoto,214,false,false,false,true
solvegotos,215,false,false,false,true
luaX_init,216,false,false,false,true
luaX_token2str,217,false,false,false,true
luaX_syntaxerror,218,false,false,false,true
luaD_protectedparser,157,false,false,false,true
lexerror,219,false,false,false,true
f_parser,158,false,false,true,false
luaX_newstring,220,false,false,false,true
luaX_setinput,221,false,false,false,true
luaX_next,222,false,false,false,true
luaU_dump,159,false,false,false,true
dumpSize,160,false,false,false,true
dumpConstants,161,false,false,false,true
dumpUpvalues,162,false,false,false,true
dumpProtos,163,false,false,false,true
llex,223,false,false,false,true
luaX_lookahead,224,false,false,false,true
luaK_semerror,225,false,false,false,true
luaK_exp2const,226,false,false,false,true
luaK_nil,227,false,false,false,true
savelineinfo,228,false,false,false,true
luaK_codeABCk,229,false,false,false,true
luaK_concat,230,false,false,false,true
luaK_jump,231,false,false,false,true
luaK_ret,232,false,false,false,true
luaK_getlabel,233,false,false,false,true
luaK_patchlist,234,false,false,false,true
dumpDebug,164,false,false,false,true
luaF_newCclosure,165,false,false,false,true
luaF_newLclosure,166,false,false,false,true
patchlistaux,235,false,false,false,true
luaK_patchtohere,236,false,false,false,true
luaK_code,237,false,false,false,true
luaF_initupvals,167,false,false,false,true
luaK_codeABx,238,false,false,false,true
luaK_codeAsBx,239,false,false,false,true
luaF_findupval,168,false,false,false,true
luaK_checkstack,240,false,false,false,true
luaK_reserveregs,241,false,false,false,true
luaK_int,242,false,false,false,true
luaF_newtbcupval,169,false,false,false,true
luaF_unlinkupval,170,false,false,false,true
addk,243,false,false,false,true
luaF_closeupval,171,false,false,false,true
luaK_codek,244,false,false,false,true
luaK_setreturns,245,false,false,false,true
luaK_setoneret,246,false,false,false,true
luaF_close,172,false,true,false,false
poptbclist,173,false,false,false,true
luaF_newproto,174,false,false,false,true
luaK_dischargevars,247,false,false,false,true
luaK_exp2nextreg,248,false,false,false,true
luaF_freeproto,175,false,false,false,true
luaF_getlocalname,176,false,false,false,true
exp2reg,249,false,false,false,true
luaC_barrier_,177,false,false,false,true
luaC_barrierback_,178,false,false,false,true
luaC_fix,179,false,false,false,true
discharge2reg,250,false,false,false,true
luaC_newobjdt,180,false,false,false,true
need_value,251,false,false,false,true
luaK_exp2anyreg,252,false,false,false,true
luaK_exp2anyregup,253,false,false,false,true
luaC_newobj,181,false,false,false,true
luaK_exp2val,254,false,false,false,true
luaK_exp2RK,255,false,false,false,true
luaK_exp2K,256,false,false,false,true
luaC_checkfinalizer,182,false,false,false,true
luaK_storevar,257,false,false,false,true
luaC_changemode,183,false,false,false,true
luaC_runtilstate,184,false,false,false,true
dothecall,185,false,false,true,false
luaK_self,258,false,false,false,true
luaK_goiftrue,259,false,false,false,true
luaC_freeallobjects,186,false,false,false,true
luaC_step,187,false,false,false,true
jumponcond,260,false,false,false,true
luaK_goiffalse,261,false,false,false,true
luaK_isKint,262,false,false,false,true
luaC_fullgc,188,false,false,false,true
luaK_indexed,263,false,false,false,true
luaM_growaux_,189,false,false,false,true
tryagain,190,false,false,false,true
luaM_saferealloc_,191,false,false,false,true
luaM_shrinkvector_,192,false,false,false,true
luaM_toobig,193,false,false,false,true
luaM_free_,194,false,false,false,true
luaM_realloc_,195,false,false,false,true
luaM_malloc_,196,false,false,false,true
luaO_ceillog2,197,false,false,false,true
luaK_prefix,264,false,false,false,true
luaO_rawarith,198,false,false,false,true
intarith,199,false,false,false,true
luaO_arith,200,false,false,false,true
luaO_hexavalue,201,false,false,false,true
constfolding,265,false,false,false,true
removevalues,266,false,false,false,true
luaO_str2num,202,false,true,false,false
luaK_infix,267,false,false,false,true
l_str2int,203,false,false,false,true
l_str2dloc,204,false,false,false,true
luaO_utf8esc,205,false,false,false,true
luaO_tostring,206,false,false,false,true
luaO_pushvfstring,207,false,false,false,true
luaO_pushfstring,208,false,true,false,false
luaO_chunkid,209,false,false,false,true
luaY_nvarstack,210,false,false,false,true
reglevel,211,false,false,false,true
luaG_ykdebug_str,212,false,false,false,true
luaK_posfix,268,false,false,false,true
ykifyCode,213,false,false,false,true
finishbinexpval,269,false,false,false,true
codebinexpval,270,false,false,false,true
luaK_fixline,271,false,false,false,true
luaK_settablesize,272,false,false,false,true
luaK_setlist,273,false,false,false,true
luaK_finish,274,false,false,false,true
luaE_setdebt,275,false,false,false,true
lua_setcstacklimit,276,false,false,false,true
luaE_extendCI,277,false,false,false,true
luaE_freeCI,278,false,false,false,true
luaE_shrinkCI,279,false,false,false,true
luaE_checkcstack,280,false,true,false,false
luaE_incCstack,281,false,false,false,true
lua_newthread,282,false,false,false,true
luaY_parser,214,false,false,false,true
allocupvalue,215,false,false,false,true
statlist,216,false,false,false,true
error_expected,217,false,false,false,true
stack_init,283,false,false,false,true
luaE_freethread,284,false,false,false,true
luaE_resetthread,285,false,true,false,false
lua_closethread,286,false,false,false,true
close_func,218,false,false,false,true
lua_resetthread,287,false,false,false,true
lua_newstate,288,false,false,true,false
leaveblock,219,false,false,false,true
f_luaopen,289,false,false,true,false
removevars,220,false,false,false,true
lua_close,290,false,false,false,true
luaE_warning,291,false,false,false,true
luaE_warnerror,292,false,false,false,true
movegotosout,221,false,false,false,true
luaS_eqlngstr,293,false,false,false,true
luaS_hash,294,false,false,false,true
undefgoto,222,false,false,false,true
luaS_hashlongstr,295,false,false,false,true
luaS_resize,296,false,false,false,true
tablerehash,297,false,false,false,true
luaS_clearcache,298,false,false,false,true
solvegotos,223,false,false,false,true
luaS_init,299,false,false,false,true
luaX_init,224,false,false,false,true
luaX_token2str,225,false,false,false,true
luaX_syntaxerror,226,false,false,false,true
internshrstr,300,false,false,false,true
luaS_newlstr,301,false,false,false,true
lexerror,227,false,false,false,true
luaS_createlngstrobj,302,false,false,false,true
luaS_remove,303,false,false,false,true
luaS_new,304,false,false,false,true
luaS_newudata,305,false,false,false,true
luaH_realasize,306,false,false,false,true
luaX_newstring,228,false,false,false,true
luaH_next,307,false,false,false,true
luaX_setinput,229,false,false,false,true
getgeneric,308,false,false,false,true
luaX_next,230,false,false,false,true
luaH_resize,309,false,false,false,true
luaH_getint,310,false,false,false,true
luaH_newkey,311,false,false,false,true
luaH_get,312,false,true,false,false
luaH_getshortstr,313,false,false,false,true
luaH_setint,314,false,false,false,true
luaH_resizearray,315,false,false,false,true
luaH_new,316,false,false,false,true
luaH_free,317,false,false,false,true
luaH_set,318,false,false,false,true
luaH_getstr,319,false,false,false,true
luaH_finishset,320,false,false,false,true
luaH_getn,321,false,true,false,false
binsearch,322,false,false,false,true
hash_search,323,false,false,false,true
luaT_init,324,false,false,false,true
luaT_gettm,325,false,false,false,true
luaT_gettmbyobj,326,false,false,false,true
luaT_objtypename,327,false,true,false,false
luaT_callTM,328,false,false,false,true
luaT_callTMres,329,false,true,false,false
luaT_trybinTM,330,false,false,false,true
callbinTM,331,false,true,false,false
luaT_tryconcatTM,332,false,false,false,true
luaT_trybinassocTM,333,false,true,false,false
llex,231,false,false,false,true
luaT_trybiniTM,334,false,false,false,true
luaX_lookahead,232,false,false,false,true
luaK_semerror,233,false,false,false,true
luaT_callorderTM,335,false,true,false,false
luaT_callorderiTM,336,false,false,false,true
luaK_exp2const,234,false,false,false,true
luaK_nil,235,false,false,false,true
luaT_adjustvarargs,337,false,false,false,true
savelineinfo,236,false,false,false,true
luaT_getvarargs,338,false,false,false,true
luaK_codeABCk,237,false,false,false,true
luaK_concat,238,false,false,false,true
luaK_jump,239,false,false,false,true
luaK_ret,240,false,false,false,true
luaK_getlabel,241,false,false,false,true
luaK_patchlist,242,false,false,false,true
patchlistaux,243,false,false,false,true
luaK_patchtohere,244,false,false,false,true
luaK_code,245,false,false,false,true
luaK_codeABx,246,false,false,false,true
luaK_codeAsBx,247,false,false,false,true
luaK_checkstack,248,false,false,false,true
luaK_reserveregs,249,false,false,false,true
luaK_int,250,false,false,false,true
luaU_undump,339,false,false,false,true
error,340,false,false,false,true
loadUnsigned,341,false,false,false,true
addk,251,false,false,false,true
loadConstants,342,false,false,false,true
luaK_codek,252,false,false,false,true
luaK_setreturns,253,false,false,false,true
luaK_setoneret,254,false,false,false,true
loadUpvalues,343,false,false,false,true
loadProtos,344,false,false,false,true
luaK_dischargevars,255,false,false,false,true
luaK_exp2nextreg,256,false,false,false,true
exp2reg,257,false,false,false,true
loadDebug,345,false,false,false,true
luaV_tonumber_,346,false,false,false,true
luaV_flttointeger,347,false,false,false,true
luaV_tointegerns,348,false,true,false,false
discharge2reg,258,false,false,false,true
luaV_tointeger,349,false,false,false,true
need_value,259,false,false,false,true
luaK_exp2anyreg,260,false,false,false,true
luaK_exp2anyregup,261,false,false,false,true
luaK_exp2val,262,false,false,false,true
luaK_exp2RK,263,false,false,false,true
luaV_finishget,350,false,true,false,false
luaK_exp2K,264,false,false,false,true
luaV_finishset,351,false,false,false,true
luaV_lessthan,352,false,false,false,true
l_strcmp,353,false,false,false,true
luaK_storevar,265,false,false,false,true
luaV_lessequal,354,false,false,false,true
luaK_self,266,false,false,false,true
luaV_equalobj,355,false,true,false,false
luaK_goiftrue,267,false,false,false,true
luaV_concat,356,false,false,false,true
jumponcond,268,false,false,false,true
luaK_goiffalse,269,false,false,false,true
luaK_isKint,270,false,false,false,true
luaV_objlen,357,false,true,false,false
luaV_idiv,358,false,false,false,true
luaV_mod,359,false,false,false,true
luaV_modf,360,false,false,false,true
luaV_shiftl,361,false,false,false,true
luaV_finishOp,362,false,false,false,true
load_inst,363,false,false,false,true
luaK_indexed,271,false,false,false,true
luaK_prefix,272,false,false,false,true
constfolding,273,false,false,false,true
removevalues,274,false,false,false,true
luaK_infix,275,false,false,false,true
luaK_posfix,276,false,false,false,true
finishbinexpval,277,false,false,false,true
codebinexpval,278,false,false,false,true
luaK_fixline,279,false,false,false,true
luaK_settablesize,280,false,false,false,true
luaK_setlist,281,false,false,false,true
luaK_finish,282,false,false,false,true
luaE_setdebt,283,false,false,false,true
lua_setcstacklimit,284,false,false,false,true
luaE_extendCI,285,false,false,false,true
luaE_freeCI,286,false,false,false,true
luaE_shrinkCI,287,false,false,false,true
luaE_checkcstack,288,false,true,false,false
luaE_incCstack,289,false,false,false,true
lua_newthread,290,false,false,false,true
stack_init,291,false,false,false,true
luaE_freethread,292,false,false,false,true
luaE_resetthread,293,false,true,false,false
lua_closethread,294,false,false,false,true
lua_resetthread,295,false,false,false,true
luaV_execute,364,false,false,false,true
lua_newstate,296,false,false,true,false
pushclosure,365,false,false,false,true
luaZ_fill,366,false,false,false,true
luaZ_init,367,false,false,false,true
luaZ_read,368,false,false,false,true
f_luaopen,297,false,false,true,false
lua_close,298,false,false,false,true
luaE_warning,299,false,false,false,true
luaE_warnerror,300,false,false,false,true
luaS_eqlngstr,301,false,false,false,true
luaS_hash,302,false,false,false,true
luaS_hashlongstr,303,false,false,false,true
luaL_traceback,369,false,false,false,true
luaS_resize,304,false,false,false,true
tablerehash,305,false,false,false,true
luaS_clearcache,306,false,false,false,true
luaS_init,307,false,false,false,true
prepbuffsize,370,false,false,false,true
findfield,371,false,false,false,true
luaL_error,372,false,false,false,true
internshrstr,308,false,false,false,true
luaS_newlstr,309,false,false,false,true
luaS_createlngstrobj,310,false,false,false,true
luaL_newmetatable,373,false,false,false,true
luaS_remove,311,false,false,false,true
luaS_new,312,false,false,false,true
luaS_newudata,313,false,false,false,true
luaH_realasize,314,false,false,false,true
luaL_setfuncs,374,false,false,false,true
boxgc,375,false,false,true,false
luaL_buffinit,376,false,false,false,true
luaL_addstring,377,false,false,false,true
luaL_prepbuffsize,378,false,false,false,true
luaH_next,315,false,false,false,true
luaL_addvalue,379,false,false,false,true
luaL_pushresult,380,false,false,false,true
getgeneric,316,false,false,false,true
luaL_argerror,381,false,false,false,true
luaH_resize,317,false,false,false,true
luaL_typeerror,382,false,false,false,true
luaH_getint,318,false,false,false,true
luaL_getmetafield,383,false,false,false,true
luaL_where,384,false,false,false,true
luaL_fileresult,385,false,false,false,true
luaH_newkey,319,false,false,false,true
luaH_get,320,false,true,false,false
luaH_getshortstr,321,false,false,false,true
luaL_execresult,386,false,false,false,true
luaL_setmetatable,387,false,false,false,true
luaH_setint,322,false,false,false,true
luaH_resizearray,323,false,false,false,true
luaH_new,324,false,false,false,true
luaH_free,325,false,false,false,true
luaL_testudata,388,false,false,false,true
luaH_set,326,false,false,false,true
luaH_getstr,327,false,false,false,true
luaH_finishset,328,false,false,false,true
luaL_checkudata,389,false,false,false,true
luaH_getn,329,false,true,false,false
binsearch,330,false,false,false,true
luaL_checkoption,390,false,false,false,true
hash_search,331,false,false,false,true
luaL_optlstring,391,false,false,false,true
luaL_checklstring,392,false,false,false,true
luaL_checkstack,393,false,false,false,true
luaT_init,332,false,false,false,true
luaT_gettm,333,false,false,false,true
luaL_checktype,394,false,false,false,true
luaT_gettmbyobj,334,false,false,false,true
luaL_checkany,395,false,false,false,true
luaL_checknumber,396,false,false,false,true
luaT_objtypename,335,false,true,false,false
luaL_optnumber,397,false,false,false,true
luaL_checkinteger,398,false,false,false,true
interror,399,false,false,false,true
luaT_callTM,336,false,false,false,true
luaL_optinteger,400,false,false,false,true
luaL_addlstring,401,false,false,false,true
luaL_pushresultsize,402,false,false,false,true
luaT_callTMres,337,false,true,false,false
luaT_trybinTM,338,false,false,false,true
luaL_buffinitsize,403,false,false,false,true
luaL_ref,404,false,false,false,true
callbinTM,339,false,true,false,false
luaT_tryconcatTM,340,false,false,false,true
luaT_trybinassocTM,341,false,true,false,false
luaT_trybiniTM,342,false,false,false,true
luaL_unref,405,false,false,false,true
luaT_callorderTM,343,false,true,false,false
luaT_callorderiTM,344,false,false,false,true
luaL_loadfilex,406,false,false,false,true
skipcomment,407,false,false,false,true
luaT_adjustvarargs,345,false,false,false,true
getF,408,false,false,true,false
luaL_loadbufferx,409,false,false,false,true
getS,410,false,false,true,false
luaT_getvarargs,346,false,false,false,true
luaL_loadstring,411,false,false,false,true
luaL_callmeta,412,false,false,false,true
luaL_len,413,false,false,false,true
luaU_undump,347,false,false,false,true
error,348,false,false,false,true
luaL_tolstring,414,false,false,false,true
loadUnsigned,349,false,false,false,true
luaL_getsubtable,415,false,false,false,true
luaL_requiref,416,false,false,false,true
luaL_addgsub,417,false,false,false,true
loadConstants,350,false,false,false,true
luaL_gsub,418,false,false,false,true
luaL_newstate,419,false,false,false,true
l_alloc,420,false,false,true,false
panic,421,false,false,true,false
warnfoff,422,false,false,true,false
warnfon,423,false,false,true,false
warnfcont,424,false,false,true,false
luaL_checkversion_,425,false,false,false,true
lua_newstate.specialized.1,426,false,false,false,true
loadUpvalues,351,false,false,false,true
__yk_opt_main,427,true,false,false,false
__yk_opt_PrintFunction,428,true,false,false,false
loadProtos,352,false,false,false,true
__yk_opt_PrintCode,429,true,false,false,false
__yk_opt_PrintDebug,430,true,false,false,false
__yk_opt_PrintConstant,431,true,false,false,false
__yk_opt_lua_checkstack,432,true,false,false,false
__yk_opt_lua_xmove,433,true,false,false,false
__yk_opt_lua_atpanic,434,true,false,false,false
__yk_opt_lua_version,435,true,false,false,false
__yk_opt_lua_absindex,436,true,false,false,false
__yk_opt_lua_gettop,437,true,false,false,false
__yk_opt_lua_settop,438,true,false,false,false
__yk_opt_lua_closeslot,439,true,false,false,false
__yk_opt_lua_rotate,440,true,false,false,false
__yk_opt_lua_copy,441,true,false,false,false
__yk_opt_lua_pushvalue,442,true,false,false,false
__yk_opt_lua_type,443,true,false,false,false
__yk_opt_lua_typename,444,true,false,false,false
loadDebug,353,false,false,false,true
__yk_opt_lua_iscfunction,445,true,false,false,false
luaV_tonumber_,354,false,false,false,true
luaV_flttointeger,355,false,false,false,true
__yk_opt_lua_isinteger,446,true,false,false,false
luaV_tointegerns,356,false,true,false,false
__yk_opt_lua_isnumber,447,true,false,false,false
luaV_tointeger,357,false,false,false,true
__yk_opt_lua_isstring,448,true,false,false,false
__yk_opt_lua_isuserdata,449,true,false,false,false
__yk_opt_lua_rawequal,450,true,false,false,false
__yk_opt_lua_arith,451,true,false,false,false
luaV_finishget,358,false,true,false,false
__yk_opt_lua_compare,452,true,false,false,false
__yk_opt_lua_stringtonumber,453,true,false,false,false
__yk_opt_lua_tonumberx,454,true,false,false,false
__yk_opt_lua_tointegerx,455,true,false,false,false
__yk_opt_lua_toboolean,456,true,false,false,false
luaV_finishset,359,false,false,false,true
__yk_opt_lua_tolstring,457,true,false,false,false
luaV_lessthan,360,false,false,false,true
__yk_opt_lua_rawlen,458,true,false,false,false
l_strcmp,361,false,false,false,true
__yk_opt_lua_tocfunction,459,true,false,false,false
luaV_lessequal,362,false,false,false,true
__yk_opt_lua_touserdata,460,true,false,false,false
__yk_opt_lua_tothread,461,true,false,false,false
__yk_opt_lua_topointer,462,true,false,false,false
__yk_opt_lua_pushnil,463,true,false,false,false
__yk_opt_lua_pushnumber,464,true,false,false,false
__yk_opt_lua_pushinteger,465,true,false,false,false
__yk_opt_lua_pushlstring,466,true,false,false,false
luaV_equalobj,363,false,true,false,false
__yk_opt_lua_pushstring,467,true,false,false,false
__yk_opt_lua_pushvfstring,468,true,false,false,false
__yk_opt_lua_pushfstring,469,true,false,false,false
luaV_concat,364,false,false,false,true
__yk_opt_lua_pushcclosure,470,true,false,false,false
__yk_opt_lua_pushboolean,471,true,false,false,false
__yk_opt_lua_pushlightuserdata,472,true,false,false,false
__yk_opt_lua_pushthread,473,true,false,false,false
__yk_opt_lua_getglobal,474,true,false,false,false
luaV_objlen,365,false,true,false,false
luaV_idiv,366,false,false,false,true
luaV_mod,367,false,false,false,true
luaV_modf,368,false,false,false,true
luaV_shiftl,369,false,false,false,true
__yk_opt_lua_gettable,475,true,false,false,false
luaV_finishOp,370,false,false,false,true
__yk_opt_lua_getfield,476,true,false,false,false
load_inst,371,false,false,false,true
__yk_opt_lua_geti,477,true,false,false,false
__yk_opt_lua_rawget,478,true,false,false,false
__yk_opt_lua_rawgeti,479,true,false,false,false
__yk_opt_lua_rawgetp,480,true,false,false,false
__yk_opt_lua_createtable,481,true,false,false,false
__yk_opt_lua_getmetatable,482,true,false,false,false
__yk_opt_lua_getiuservalue,483,true,false,false,false
__yk_opt_lua_setglobal,484,true,false,false,false
__yk_opt_auxsetstr,485,true,false,false,false
__yk_opt_lua_settable,486,true,false,false,false
__yk_opt_lua_setfield,487,true,false,false,false
__yk_opt_lua_seti,488,true,false,false,false
__yk_opt_lua_rawset,489,true,false,false,false
__yk_opt_aux_rawset,490,true,false,false,false
__yk_opt_lua_rawsetp,491,true,false,false,false
__yk_opt_lua_rawseti,492,true,false,false,false
__yk_opt_lua_setmetatable,493,true,false,false,false
__yk_opt_lua_setiuservalue,494,true,false,false,false
__yk_opt_lua_callk,495,true,false,false,false
__yk_opt_lua_pcallk,496,true,false,false,false
__yk_opt_lua_load,497,true,false,false,false
__yk_opt_lua_dump,498,true,false,false,false
__yk_opt_lua_status,499,true,false,false,false
__yk_opt_lua_gc,500,true,false,false,false
__yk_opt_lua_error,501,true,false,false,false
__yk_opt_lua_next,502,true,false,false,false
__yk_opt_lua_toclose,503,true,false,false,false
__yk_opt_lua_concat,504,true,false,false,false
__yk_opt_lua_len,505,true,false,false,false
__yk_opt_lua_getallocf,506,true,false,false,false
__yk_opt_lua_setallocf,507,true,false,false,false
__yk_opt_lua_setwarnf,508,true,false,false,false
__yk_opt_lua_warning,509,true,false,false,false
__yk_opt_lua_newuserdatauv,510,true,false,false,false
__yk_opt_lua_getupvalue,511,true,false,false,false
__yk_opt_lua_setupvalue,512,true,false,false,false
__yk_opt_lua_upvalueid,513,true,false,false,false
__yk_opt_lua_upvaluejoin,514,true,false,false,false
__yk_opt_luaG_getfuncline,515,true,false,false,false
__yk_opt_lua_sethook,516,true,false,false,false
__yk_opt_lua_gethook,517,true,false,false,false
__yk_opt_lua_gethookmask,518,true,false,false,false
__yk_opt_lua_gethookcount,519,true,false,false,false
__yk_opt_lua_getstack,520,true,false,false,false
__yk_opt_luaG_findlocal,521,true,false,false,false
__yk_opt_lua_getlocal,522,true,false,false,false
__yk_opt_lua_setlocal,523,true,false,false,false
__yk_opt_lua_getinfo,524,true,false,false,false
__yk_opt_funcnamefromcall,525,true,false,false,false
__yk_opt_getobjname,526,true,false,false,false
__yk_opt_luaG_typeerror,527,true,false,false,false
__yk_opt_varinfo,528,true,false,false,false
__yk_opt_typeerror,529,true,false,false,false
__yk_opt_luaG_runerror,530,true,false,false,false
__yk_opt_luaG_errormsg,531,true,false,false,false
__yk_opt_luaG_callerror,532,true,false,false,false
__yk_opt_luaG_forerror,533,true,false,false,false
__yk_opt_luaG_concaterror,534,true,false,false,false
__yk_opt_luaG_opinterror,535,true,false,false,false
__yk_opt_luaG_tointerror,536,true,false,false,false
__yk_opt_luaG_ordererror,537,true,false,false,false
__yk_opt_luaG_addinfo,538,true,false,false,false
__yk_opt_luaG_traceexec,539,true,false,false,false
__yk_opt_luaD_seterrorobj,540,true,false,false,false
__yk_opt_luaD_throw,541,true,false,false,false
__yk_opt_luaD_rawrunprotected,542,true,false,false,false
__yk_opt_luaD_reallocstack,543,true,false,false,false
__yk_opt_correctstack,544,true,false,false,false
__yk_opt_luaD_growstack,545,true,false,false,false
__yk_opt_luaD_shrinkstack,546,true,false,false,false
__yk_opt_luaD_inctop,547,true,false,false,false
__yk_opt_luaD_hook,548,true,false,false,false
__yk_opt_luaD_hookcall,549,true,false,false,false
luaV_execute,372,false,false,false,true
__yk_opt_luaD_tryfuncTM,550,true,false,false,false
__yk_opt_luaD_poscall,551,true,false,false,false
pushclosure,373,false,false,false,true
__yk_opt_rethook,552,true,false,false,false
luaZ_fill,374,false,false,false,true
luaZ_init,375,false,false,false,true
luaZ_read,376,false,false,false,true
__yk_opt_luaD_pretailcall,553,true,false,false,false
__yk_opt_precallC,554,true,false,false,false
__yk_opt_luaD_precall,555,true,false,false,false
__yk_opt_luaD_call,556,true,false,false,false
__yk_opt_luaD_callnoyield,557,true,false,false,false
luaL_traceback,377,false,false,false,true
__yk_opt_lua_resume,558,true,false,false,false
__yk_opt_lua_isyieldable,559,true,false,false,false
__yk_opt_lua_yieldk,560,true,false,false,false
__yk_opt_luaD_closeprotected,561,true,false,false,false
__yk_opt_luaD_pcall,562,true,false,false,false
prepbuffsize,378,false,false,false,true
__yk_opt_luaD_protectedparser,563,true,false,false,false
__yk_opt_luaU_dump,564,true,false,false,false
findfield,379,false,false,false,true
luaL_error,380,false,false,false,true
luaL_newmetatable,381,false,false,false,true
luaL_setfuncs,382,false,false,false,true
boxgc,383,false,false,true,false
luaL_buffinit,384,false,false,false,true
luaL_addstring,385,false,false,false,true
luaL_prepbuffsize,386,false,false,false,true
luaL_addvalue,387,false,false,false,true
luaL_pushresult,388,false,false,false,true
luaL_argerror,389,false,false,false,true
__yk_opt_dumpFunction,565,true,false,false,false
__yk_opt_luaF_newCclosure,566,true,false,false,false
__yk_opt_luaF_newLclosure,567,true,false,false,false
__yk_opt_luaF_initupvals,568,true,false,false,false
__yk_opt_luaF_findupval,569,true,false,false,false
luaL_typeerror,390,false,false,false,true
__yk_opt_luaF_newtbcupval,570,true,false,false,false
__yk_opt_luaF_unlinkupval,571,true,false,false,false
__yk_opt_luaF_closeupval,572,true,false,false,false
luaL_getmetafield,391,false,false,false,true
luaL_where,392,false,false,false,true
luaL_fileresult,393,false,false,false,true
__yk_opt_luaF_close,573,true,false,false,false
__yk_opt_luaF_newproto,574,true,false,false,false
luaL_execresult,394,false,false,false,true
luaL_setmetatable,395,false,false,false,true
__yk_opt_luaF_freeproto,575,true,false,false,false
__yk_opt_luaF_getlocalname,576,true,false,false,false
__yk_opt_luaC_barrier_,577,true,false,false,false
luaL_testudata,396,false,false,false,true
__yk_opt_reallymarkobject,578,true,false,false,false
__yk_opt_luaC_barrierback_,579,true,false,false,false
__yk_opt_luaC_fix,580,true,false,false,false
__yk_opt_luaC_newobjdt,581,true,false,false,false
__yk_opt_luaC_newobj,582,true,false,false,false
luaL_checkudata,397,false,false,false,true
luaL_checkoption,398,false,false,false,true
__yk_opt_luaC_checkfinalizer,583,true,false,false,false
luaL_optlstring,399,false,false,false,true
luaL_checklstring,400,false,false,false,true
__yk_opt_sweeptolive,584,true,false,false,false
luaL_checkstack,401,false,false,false,true
luaL_checktype,402,false,false,false,true
__yk_opt_freeobj,585,true,false,false,false
luaL_checkany,403,false,false,false,true
luaL_checknumber,404,false,false,false,true
__yk_opt_luaC_changemode,586,true,false,false,false
luaL_optnumber,405,false,false,false,true
luaL_checkinteger,406,false,false,false,true
interror,407,false,false,false,true
luaL_optinteger,408,false,false,false,true
luaL_addlstring,409,false,false,false,true
__yk_opt_entergen,587,true,false,false,false
__yk_opt_luaC_runtilstate,588,true,false,false,false
luaL_pushresultsize,410,false,false,false,true
luaL_buffinitsize,411,false,false,false,true
luaL_ref,412,false,false,false,true
__yk_opt_atomic,589,true,false,false,false
luaL_unref,413,false,false,false,true
__yk_opt_atomic2gen,590,true,false,false,false
__yk_opt_finishgencycle,591,true,false,false,false
luaL_loadfilex,414,false,false,false,true
skipcomment,415,false,false,false,true
getF,416,false,false,true,false
__yk_opt_GCTM,592,true,false,false,false
__yk_opt_correctgraylist,593,true,false,false,false
luaL_loadbufferx,417,false,false,false,true
getS,418,false,false,true,false
__yk_opt_markmt,594,true,false,false,false
__yk_opt_clearbyvalues,595,true,false,false,false
luaL_loadstring,419,false,false,false,true
__yk_opt_traverseephemeron,596,true,false,false,false
__yk_opt_genlink,597,true,false,false,false
__yk_opt_propagatemark,598,true,false,false,false
luaL_callmeta,420,false,false,false,true
__yk_opt_traversetable,599,true,false,false,false
luaL_len,421,false,false,false,true
__yk_opt_traverseproto,600,true,false,false,false
__yk_opt_traversethread,601,true,false,false,false
__yk_opt_traverseweakvalue,602,true,false,false,false
__yk_opt_traversestrongtable,603,true,false,false,false
__yk_opt_singlestep,604,true,false,false,false
__yk_opt_restartcollection,605,true,false,false,false
__yk_opt_runafewfinalizers,606,true,false,false,false
luaL_tolstring,422,false,false,false,true
__yk_opt_luaC_freeallobjects,607,true,false,false,false
__yk_opt_luaC_step,608,true,false,false,false
luaL_getsubtable,423,false,false,false,true
__yk_opt_genstep,609,true,false,false,false
__yk_opt_incstep,610,true,false,false,false
luaL_requiref,424,false,false,false,true
luaL_addgsub,425,false,false,false,true
luaL_gsub,426,false,false,false,true
__yk_opt_stepgenfull,611,true,false,false,false
luaL_newstate,427,false,false,false,true
l_alloc,428,false,false,true,false
panic,429,false,false,true,false
warnfoff,430,false,false,true,false
warnfon,431,false,false,true,false
warnfcont,432,false,false,true,false
luaL_checkversion_,433,false,false,false,true
__yk_opt_youngcollection,612,true,false,false,false
luaL_openlibs,434,false,false,false,true
luaopen_base,435,false,false,true,false
__yk_opt_luaC_fullgc,613,true,false,false,false
luaB_assert,436,false,false,true,false
__yk_opt_luaM_growaux_,614,true,false,false,false
__yk_opt_tryagain,615,true,false,false,false
__yk_opt_luaM_saferealloc_,616,true,false,false,false
__yk_opt_luaM_shrinkvector_,617,true,false,false,false
__yk_opt_luaM_toobig,618,true,false,false,false
__yk_opt_luaM_free_,619,true,false,false,false
__yk_opt_luaM_realloc_,620,true,false,false,false
luaB_collectgarbage,437,false,false,true,false
__yk_opt_luaM_malloc_,621,true,false,false,false
__yk_opt_luaO_ceillog2,622,true,false,false,false
__yk_opt_luaO_rawarith,623,true,false,false,false
__yk_opt_intarith,624,true,false,false,false
__yk_opt_luaO_arith,625,true,false,false,false
__yk_opt_luaO_hexavalue,626,true,false,false,false
luaB_dofile,438,false,false,true,false
__yk_opt_luaO_str2num,627,true,false,false,false
luaB_error,439,false,false,true,false
__yk_opt_luaO_utf8esc,628,true,false,false,false
__yk_opt_luaO_tostring,629,true,false,false,false
luaB_getmetatable,440,false,false,true,false
luaB_ipairs,441,false,false,true,false
luaB_loadfile,442,false,false,true,false
__yk_opt_luaO_pushvfstring,630,true,false,false,false
__yk_opt_addstr2buff,631,true,false,false,false
__yk_opt_addnum2buff,632,true,false,false,false
__yk_opt_luaO_pushfstring,633,true,false,false,false
__yk_opt_luaO_chunkid,634,true,false,false,false
__yk_opt_luaY_nvarstack,635,true,false,false,false
__yk_opt_luaG_ykdebug_str,636,true,false,false,false
luaB_load,443,false,false,true,false
__yk_opt_ykifyCode,637,true,false,false,false
luaB_next,444,false,false,true,false
luaB_pairs,445,false,false,true,false
luaB_pcall,446,false,false,true,false
luaB_print,447,false,false,true,false
luaB_warn,448,false,false,true,false
luaB_rawequal,449,false,false,true,false
luaB_rawlen,450,false,false,true,false
__yk_opt_luaY_parser,638,true,false,false,false
__yk_opt_allocupvalue,639,true,false,false,false
__yk_opt_error_expected,640,true,false,false,false
luaB_rawget,451,false,false,true,false
luaB_rawset,452,false,false,true,false
luaB_select,453,false,false,true,false
luaB_setmetatable,454,false,false,true,false
__yk_opt_close_func,641,true,false,false,false
luaB_tonumber,455,false,false,true,false
luaB_tostring,456,false,false,true,false
luaB_type,457,false,false,true,false
__yk_opt_leaveblock,642,true,false,false,false
luaB_xpcall,458,false,false,true,false
finishpcall,459,false,false,true,false
b_str2int,460,false,false,false,true
pairscont,461,false,false,true,false
__yk_opt_createlabel,643,true,false,false,false
__yk_opt_undefgoto,644,true,false,false,false
__yk_opt_jumpscopeerror,645,true,false,false,false
generic_reader,462,false,false,true,false
ipairsaux,463,false,false,true,false
dofilecont,464,false,false,true,false
luaopen_package,465,false,false,true,false
gctm,466,false,false,true,false
createsearcherstable,467,false,false,false,true
setpath,468,false,false,false,true
ll_require,469,false,false,true,false
findloader,470,false,false,false,true
searcher_preload,471,false,false,true,false
searcher_Lua,472,false,false,true,false
searcher_C,473,false,false,true,false
searcher_Croot,474,false,false,true,false
searchpath,475,false,false,false,true
loadfunc,476,false,false,false,true
lookforfunc,477,false,false,false,true
ll_loadlib,478,false,false,true,false
ll_searchpath,479,false,false,true,false
luaopen_coroutine,480,false,false,true,false
luaB_cocreate,481,false,false,true,false
luaB_coresume,482,false,false,true,false
luaB_corunning,483,false,false,true,false
luaB_costatus,484,false,false,true,false
luaB_cowrap,485,false,false,true,false
luaB_yield,486,false,false,true,false
luaB_yieldable,487,false,false,true,false
luaB_close,488,false,false,true,false
luaB_auxwrap,489,false,false,true,false
auxresume,490,false,false,false,true
luaopen_table,491,false,false,true,false
tconcat,492,false,false,true,false
__yk_opt_statement,646,true,false,false,false
tinsert,493,false,false,true,false
tpack,494,false,false,true,false
__yk_opt_subexpr,647,true,false,false,false
__yk_opt_check_match,648,true,false,false,false
__yk_opt_errorlimit,649,true,false,false,false
__yk_opt_adjustlocalvars,650,true,false,false,false
tunpack,495,false,false,true,false
tremove,496,false,false,true,false
__yk_opt_forbody,651,true,false,false,false
tmove,497,false,false,true,false
sort,498,false,false,true,false
__yk_opt_body,652,true,false,false,false
__yk_opt_explist,653,true,false,false,false
__yk_opt_suffixedexp,654,true,false,false,false
auxsort,499,false,false,false,true
__yk_opt_restassign,655,true,false,false,false
luaopen_io,500,false,false,true,false
__yk_opt_singlevar,656,true,false,false,false
io_noclose,501,false,false,true,false
f_read,502,false,false,true,false
f_write,503,false,false,true,false
f_lines,504,false,false,true,false
f_flush,505,false,false,true,false
f_seek,506,false,false,true,false
f_close,507,false,false,true,false
f_setvbuf,508,false,false,true,false
__yk_opt_funcargs,657,true,false,false,false
aux_lines,509,false,false,false,true
__yk_opt_constructor,658,true,false,false,false
__yk_opt_recfield,659,true,false,false,false
io_readline,510,false,false,true,false
__yk_opt_singlevaraux,660,true,false,false,false
__yk_opt_registerlocalvar,661,true,false,false,false
g_read,511,false,false,false,true
g_write,512,false,false,false,true
f_gc,513,false,false,true,false
f_tostring,514,false,false,true,false
io_close,515,false,false,true,false
io_flush,516,false,false,true,false
io_input,517,false,false,true,false
__yk_opt_test_then_block,662,true,false,false,false
__yk_opt_luaX_init,663,true,false,false,false
__yk_opt_luaX_token2str,664,true,false,false,false
__yk_opt_luaX_syntaxerror,665,true,false,false,false
__yk_opt_lexerror,666,true,false,false,false
io_lines,518,false,false,true,false
__yk_opt_luaX_newstring,667,true,false,false,false
__yk_opt_luaX_setinput,668,true,false,false,false
__yk_opt_luaX_next,669,true,false,false,false
io_open,519,false,false,true,false
io_output,520,false,false,true,false
io_popen,521,false,false,true,false
io_read,522,false,false,true,false
io_tmpfile,523,false,false,true,false
io_type,524,false,false,true,false
io_write,525,false,false,true,false
io_fclose,526,false,false,true,false
io_pclose,527,false,false,true,false
g_iofile,528,false,false,false,true
opencheck,529,false,false,false,true
luaopen_os,530,false,false,true,false
os_clock,531,false,false,true,false
__yk_opt_llex,670,true,false,false,false
__yk_opt_inclinenumber,671,true,false,false,false
__yk_opt_skip_sep,672,true,false,false,false
os_date,532,false,false,true,false
os_difftime,533,false,false,true,false
__yk_opt_read_long_string,673,true,false,false,false
os_execute,534,false,false,true,false
os_exit,535,false,false,true,false
os_getenv,536,false,false,true,false
os_monotonic,537,false,false,true,false
os_remove,538,false,false,true,false
os_rename,539,false,false,true,false
os_setlocale,540,false,false,true,false
__yk_opt_read_string,674,true,false,false,false
os_time,541,false,false,true,false
os_tmpname,542,false,false,true,false
getfield,543,false,false,false,true
__yk_opt_read_numeral,675,true,false,false,false
__yk_opt_check_next2,676,true,false,false,false
luaopen_string,544,false,false,true,false
arith_add,545,false,false,true,false
arith_sub,546,false,false,true,false
arith_mul,547,false,false,true,false
arith_mod,548,false,false,true,false
arith_pow,549,false,false,true,false
arith_div,550,false,false,true,false
arith_idiv,551,false,false,true,false
arith_unm,552,false,false,true,false
__yk_opt_gethexa,677,true,false,false,false
__yk_opt_utf8esc,678,true,false,false,false
__yk_opt_save,679,true,false,false,false
arith,553,false,false,false,true
__yk_opt_readdecesc,680,true,false,false,false
str_byte,554,false,false,true,false
str_char,555,false,false,true,false
str_dump,556,false,false,true,false
str_find,557,false,false,true,false
__yk_opt_readutf8esc,681,true,false,false,false
__yk_opt_luaX_lookahead,682,true,false,false,false
__yk_opt_luaK_semerror,683,true,false,false,false
__yk_opt_luaK_exp2const,684,true,false,false,false
__yk_opt_luaK_nil,685,true,false,false,false
__yk_opt_savelineinfo,686,true,false,false,false
__yk_opt_luaK_codeABCk,687,true,false,false,false
__yk_opt_luaK_concat,688,true,false,false,false
__yk_opt_luaK_jump,689,true,false,false,false
__yk_opt_luaK_ret,690,true,false,false,false
__yk_opt_luaK_getlabel,691,true,false,false,false
__yk_opt_luaK_patchlist,692,true,false,false,false
__yk_opt_patchlistaux,693,true,false,false,false
__yk_opt_luaK_patchtohere,694,true,false,false,false
__yk_opt_luaK_code,695,true,false,false,false
__yk_opt_luaK_codeABx,696,true,false,false,false
__yk_opt_luaK_codeAsBx,697,true,false,false,false
__yk_opt_luaK_checkstack,698,true,false,false,false
__yk_opt_luaK_reserveregs,699,true,false,false,false
__yk_opt_luaK_int,700,true,false,false,false
str_format,558,false,false,true,false
__yk_opt_addk,701,true,false,false,false
gmatch,559,false,false,true,false
__yk_opt_luaK_codek,702,true,false,false,false
__yk_opt_luaK_setreturns,703,true,false,false,false
__yk_opt_luaK_setoneret,704,true,false,false,false
__yk_opt_luaK_dischargevars,705,true,false,false,false
__yk_opt_luaK_exp2nextreg,706,true,false,false,false
str_gsub,560,false,false,true,false
str_len,561,false,false,true,false
__yk_opt_exp2reg,707,true,false,false,false
str_lower,562,false,false,true,false
str_match,563,false,false,true,false
__yk_opt_discharge2reg,708,true,false,false,false
__yk_opt_luaK_exp2anyreg,709,true,false,false,false
str_rep,564,false,false,true,false
__yk_opt_luaK_exp2anyregup,710,true,false,false,false
str_reverse,565,false,false,true,false
__yk_opt_luaK_exp2val,711,true,false,false,false
__yk_opt_luaK_exp2RK,712,true,false,false,false
str_sub,566,false,false,true,false
__yk_opt_luaK_exp2K,713,true,false,false,false
str_upper,567,false,false,true,false
__yk_opt_luaK_storevar,714,true,false,false,false
__yk_opt_luaK_self,715,true,false,false,false
__yk_opt_luaK_goiftrue,716,true,false,false,false
str_pack,568,false,false,true,false
str_packsize,569,false,false,true,false
__yk_opt_jumponcond,717,true,false,false,false
__yk_opt_luaK_goiffalse,718,true,false,false,false
__yk_opt_luaK_isKint,719,true,false,false,false
str_unpack,570,false,false,true,false
__yk_opt_luaK_indexed,720,true,false,false,false
str_find_aux,571,false,false,false,true
gmatch_aux,572,false,false,true,false
__yk_opt_luaK_prefix,721,true,false,false,false
writer,573,false,false,true,false
__yk_opt_constfolding,722,true,false,false,false
luaopen_math,574,false,false,true,false
__yk_opt_luaK_infix,723,true,false,false,false
setseed,575,false,false,false,true
math_random,576,false,false,true,false
math_randomseed,577,false,false,true,false
project,578,false,false,false,true
math_abs,579,false,false,true,false
math_acos,580,false,false,true,false
math_asin,581,false,false,true,false
math_atan,582,false,false,true,false
math_ceil,583,false,false,true,false
__yk_opt_luaK_posfix,724,true,false,false,false
math_cos,584,false,false,true,false
math_deg,585,false,false,true,false
math_exp,586,false,false,true,false
math_toint,587,false,false,true,false
__yk_opt_finishbinexpval,725,true,false,false,false
__yk_opt_codebinexpval,726,true,false,false,false
__yk_opt_luaK_fixline,727,true,false,false,false
__yk_opt_luaK_settablesize,728,true,false,false,false
math_floor,588,false,false,true,false
__yk_opt_luaK_setlist,729,true,false,false,false
__yk_opt_luaK_finish,730,true,false,false,false
__yk_opt_luaE_setdebt,731,true,false,false,false
__yk_opt_lua_setcstacklimit,732,true,false,false,false
__yk_opt_luaE_extendCI,733,true,false,false,false
__yk_opt_luaE_freeCI,734,true,false,false,false
__yk_opt_luaE_shrinkCI,735,true,false,false,false
math_fmod,589,false,false,true,false
__yk_opt_luaE_checkcstack,736,true,false,false,false
__yk_opt_luaE_incCstack,737,true,false,false,false
math_ult,590,false,false,true,false
math_log,591,false,false,true,false
math_max,592,false,false,true,false
__yk_opt_lua_newthread,738,true,false,false,false
math_min,593,false,false,true,false
__yk_opt_luaE_freethread,739,true,false,false,false
math_modf,594,false,false,true,false
__yk_opt_luaE_resetthread,740,true,false,false,false
math_rad,595,false,false,true,false
__yk_opt_lua_closethread,741,true,false,false,false
math_sin,596,false,false,true,false
__yk_opt_lua_resetthread,742,true,false,false,false
math_sqrt,597,false,false,true,false
__yk_opt_close_state,743,true,false,false,false
__yk_opt_lua_close,744,true,false,false,false
math_tan,598,false,false,true,false
__yk_opt_luaE_warning,745,true,false,false,false
__yk_opt_luaE_warnerror,746,true,false,false,false
__yk_opt_luaS_eqlngstr,747,true,false,false,false
__yk_opt_luaS_hash,748,true,false,false,false
math_type,599,false,false,true,false
__yk_opt_luaS_hashlongstr,749,true,false,false,false
math_cosh,600,false,false,true,false
__yk_opt_luaS_resize,750,true,false,false,false
__yk_opt_tablerehash,751,true,false,false,false
__yk_opt_luaS_clearcache,752,true,false,false,false
math_sinh,601,false,false,true,false
__yk_opt_luaS_init,753,true,false,false,false
math_tanh,602,false,false,true,false
__yk_opt_internshrstr,754,true,false,false,false
__yk_opt_luaS_newlstr,755,true,false,false,false
math_pow,603,false,false,true,false
__yk_opt_luaS_createlngstrobj,756,true,false,false,false
__yk_opt_luaS_remove,757,true,false,false,false
__yk_opt_luaS_new,758,true,false,false,false
__yk_opt_luaS_newudata,759,true,false,false,false
__yk_opt_luaH_realasize,760,true,false,false,false
math_frexp,604,false,false,true,false
__yk_opt_luaH_next,761,true,false,false,false
__yk_opt_getgeneric,762,true,false,false,false
math_ldexp,605,false,false,true,false
__yk_opt_mainpositionTV,763,true,false,false,false
math_log10,606,false,false,true,false
luaopen_utf8,607,false,false,true,false
__yk_opt_luaH_resize,764,true,false,false,false
byteoffset,608,false,false,true,false
__yk_opt_setnodevector_full,765,true,false,false,false
codepoint,609,false,false,true,false
__yk_opt_luaH_getint,766,true,false,false,false
utfchar,610,false,false,true,false
__yk_opt_luaH_newkey,767,true,false,false,false
__yk_opt_freehash,768,true,false,false,false
utflen,611,false,false,true,false
__yk_opt_luaH_get,769,true,false,false,false
__yk_opt_luaH_getshortstr,770,true,false,false,false
iter_codes,612,false,false,true,false
iter_auxstrict,613,false,false,true,false
iter_auxlax,614,false,false,true,false
__yk_opt_rehash,771,true,false,false,false
__yk_opt_luaH_setint,772,true,false,false,false
__yk_opt_luaH_resizearray,773,true,false,false,false
__yk_opt_luaH_new,774,true,false,false,false
iter_aux,615,false,false,false,true
__yk_opt_luaH_free,775,true,false,false,false
__yk_opt_luaH_set,776,true,false,false,false
luaopen_debug,616,false,false,true,false
__yk_opt_luaH_getstr,777,true,false,false,false
__yk_opt_luaH_finishset,778,true,false,false,false
db_debug,617,false,false,true,false
__yk_opt_luaH_getn,779,true,false,false,false
db_getuservalue,618,false,false,true,false
__yk_opt_luaT_init,780,true,false,false,false
__yk_opt_luaT_gettm,781,true,false,false,false
__yk_opt_luaT_gettmbyobj,782,true,false,false,false
__yk_opt_luaT_objtypename,783,true,false,false,false
__yk_opt_luaT_callTM,784,true,false,false,false
db_gethook,619,false,false,true,false
__yk_opt_luaT_callTMres,785,true,false,false,false
__yk_opt_luaT_trybinTM,786,true,false,false,false
__yk_opt_callbinTM,787,true,false,false,false
__yk_opt_luaT_tryconcatTM,788,true,false,false,false
__yk_opt_luaT_trybinassocTM,789,true,false,false,false
__yk_opt_luaT_trybiniTM,790,true,false,false,false
__yk_opt_luaT_callorderTM,791,true,false,false,false
__yk_opt_luaT_callorderiTM,792,true,false,false,false
__yk_opt_luaT_adjustvarargs,793,true,false,false,false
__yk_opt_luaT_getvarargs,794,true,false,false,false
db_getinfo,620,false,false,true,false
__yk_opt_luaU_undump,795,true,false,false,false
__yk_opt_error,796,true,false,false,false
db_getlocal,621,false,false,true,false
db_getregistry,622,false,false,true,false
db_getmetatable,623,false,false,true,false
db_getupvalue,624,false,false,true,false
db_upvaluejoin,625,false,false,true,false
db_upvalueid,626,false,false,true,false
db_setuservalue,627,false,false,true,false
db_sethook,628,false,false,true,false
db_setlocal,629,false,false,true,false
db_setmetatable,630,false,false,true,false
__yk_opt_loadFunction,797,true,false,false,false
db_setupvalue,631,false,false,true,false
__yk_opt_loadStringN,798,true,false,false,false
__yk_opt_luaV_tonumber_,799,true,false,false,false
__yk_opt_luaV_flttointeger,800,true,false,false,false
db_traceback,632,false,false,true,false
__yk_opt_luaV_tointegerns,801,true,false,false,false
__yk_opt_luaV_tointeger,802,true,false,false,false
db_setcstacklimit,633,false,false,true,false
__yk_opt_luaV_finishget,803,true,false,false,false
hookf,634,false,false,true,false
__yk_opt_luaV_finishset,804,true,false,false,false
lua_newstate.specialized.1,635,false,false,false,true
__yk_opt_luaV_lessthan,805,true,false,false,false
__yk_opt_luaV_lessequal,806,true,false,false,false
__yk_opt_main,636,true,false,false,false
__yk_opt_report,637,true,false,false,false
__yk_opt_luaV_equalobj,807,true,false,false,false
__yk_opt_luaV_concat,808,true,false,false,false
__yk_opt_docall,638,true,false,false,false
__yk_opt_pushline,639,true,false,false,false
__yk_opt_luaV_objlen,809,true,false,false,false
__yk_opt_luaV_idiv,810,true,false,false,false
__yk_opt_luaV_mod,811,true,false,false,false
__yk_opt_luaV_modf,812,true,false,false,false
__yk_opt_luaV_shiftl,813,true,false,false,false
__yk_opt_multiline,640,true,false,false,false
__yk_opt_lua_checkstack,641,true,false,false,false
__yk_opt_luaV_finishOp,814,true,false,false,false
__yk_opt_load_inst,815,true,false,false,false
__yk_opt_luaZ_fill,816,true,false,false,false
__yk_opt_luaZ_init,817,true,false,false,false
__yk_opt_lua_xmove,642,true,false,false,false
__yk_opt_luaZ_read,818,true,false,false,false
__yk_opt_lua_atpanic,643,true,false,false,false
__yk_opt_lua_version,644,true,false,false,false
__yk_opt_lua_absindex,645,true,false,false,false
__yk_opt_lua_gettop,646,true,false,false,false
__yk_opt_lua_settop,647,true,false,false,false
__yk_opt_lua_closeslot,648,true,false,false,false
__yk_opt_lua_rotate,649,true,false,false,false
__yk_opt_luaL_traceback,819,true,false,false,false
__yk_opt_lua_copy,650,true,false,false,false
__yk_opt_lua_pushvalue,651,true,false,false,false
__yk_opt_lua_type,652,true,false,false,false
__yk_opt_lua_typename,653,true,false,false,false
__yk_opt_lua_iscfunction,654,true,false,false,false
__yk_opt_lua_isinteger,655,true,false,false,false
__yk_opt_prepbuffsize,820,true,false,false,false
__yk_opt_lua_isnumber,656,true,false,false,false
__yk_opt_pushglobalfuncname,821,true,false,false,false
__yk_opt_lua_isstring,657,true,false,false,false
__yk_opt_lua_isuserdata,658,true,false,false,false
__yk_opt_findfield,822,true,false,false,false
__yk_opt_luaL_error,823,true,false,false,false
__yk_opt_luaL_newmetatable,824,true,false,false,false
__yk_opt_lua_rawequal,659,true,false,false,false
__yk_opt_lua_arith,660,true,false,false,false
__yk_opt_lua_compare,661,true,false,false,false
__yk_opt_lua_stringtonumber,662,true,false,false,false
__yk_opt_luaL_setfuncs,825,true,false,false,false
__yk_opt_luaL_buffinit,826,true,false,false,false
__yk_opt_luaL_addstring,827,true,false,false,false
__yk_opt_luaL_prepbuffsize,828,true,false,false,false
__yk_opt_luaL_addvalue,829,true,false,false,false
__yk_opt_lua_tonumberx,663,true,false,false,false
__yk_opt_luaL_pushresult,830,true,false,false,false
__yk_opt_luaL_argerror,831,true,false,false,false
__yk_opt_lua_tointegerx,664,true,false,false,false
__yk_opt_lua_toboolean,665,true,false,false,false
__yk_opt_luaL_typeerror,832,true,false,false,false
__yk_opt_lua_tolstring,666,true,false,false,false
__yk_opt_lua_rawlen,667,true,false,false,false
__yk_opt_luaL_getmetafield,833,true,false,false,false
__yk_opt_lua_tocfunction,668,true,false,false,false
__yk_opt_luaL_where,834,true,false,false,false
__yk_opt_luaL_fileresult,835,true,false,false,false
__yk_opt_lua_touserdata,669,true,false,false,false
__yk_opt_luaL_execresult,836,true,false,false,false
__yk_opt_luaL_setmetatable,837,true,false,false,false
__yk_opt_lua_tothread,670,true,false,false,false
__yk_opt_lua_topointer,671,true,false,false,false
__yk_opt_lua_pushnil,672,true,false,false,false
__yk_opt_luaL_testudata,838,true,false,false,false
__yk_opt_lua_pushnumber,673,true,false,false,false
__yk_opt_lua_pushinteger,674,true,false,false,false
__yk_opt_lua_pushlstring,675,true,false,false,false
__yk_opt_luaL_checkudata,839,true,false,false,false
__yk_opt_lua_pushstring,676,true,false,false,false
__yk_opt_luaL_checkoption,840,true,false,false,false
__yk_opt_lua_pushvfstring,677,true,false,false,false
__yk_opt_luaL_optlstring,841,true,false,false,false
__yk_opt_luaL_checklstring,842,true,false,false,false
__yk_opt_luaL_checkstack,843,true,false,false,false
__yk_opt_lua_pushfstring,678,true,false,false,false
__yk_opt_luaL_checktype,844,true,false,false,false
__yk_opt_luaL_checkany,845,true,false,false,false
__yk_opt_luaL_checknumber,846,true,false,false,false
__yk_opt_luaL_optnumber,847,true,false,false,false
__yk_opt_lua_pushcclosure,679,true,false,false,false
__yk_opt_luaL_checkinteger,848,true,false,false,false
__yk_opt_interror,849,true,false,false,false
__yk_opt_lua_pushboolean,680,true,false,false,false
__yk_opt_lua_pushlightuserdata,681,true,false,false,false
__yk_opt_lua_pushthread,682,true,false,false,false
__yk_opt_luaL_optinteger,850,true,false,false,false
__yk_opt_luaL_addlstring,851,true,false,false,false
__yk_opt_luaL_pushresultsize,852,true,false,false,false
__yk_opt_luaL_buffinitsize,853,true,false,false,false
__yk_opt_lua_getglobal,683,true,false,false,false
__yk_opt_lua_gettable,684,true,false,false,false
__yk_opt_luaL_ref,854,true,false,false,false
__yk_opt_lua_getfield,685,true,false,false,false
__yk_opt_luaL_unref,855,true,false,false,false
__yk_opt_lua_geti,686,true,false,false,false
__yk_opt_lua_rawget,687,true,false,false,false
__yk_opt_lua_rawgeti,688,true,false,false,false
__yk_opt_lua_rawgetp,689,true,false,false,false
__yk_opt_luaL_loadfilex,856,true,false,false,false
__yk_opt_skipcomment,857,true,false,false,false
__yk_opt_luaL_loadbufferx,858,true,false,false,false
__yk_opt_luaL_loadstring,859,true,false,false,false
__yk_opt_lua_createtable,690,true,false,false,false
__yk_opt_lua_getmetatable,691,true,false,false,false
__yk_opt_luaL_callmeta,860,true,false,false,false
__yk_opt_lua_getiuservalue,692,true,false,false,false
__yk_opt_lua_setglobal,693,true,false,false,false
__yk_opt_luaL_len,861,true,false,false,false
__yk_opt_auxsetstr,694,true,false,false,false
__yk_opt_lua_settable,695,true,false,false,false
__yk_opt_lua_setfield,696,true,false,false,false
__yk_opt_lua_seti,697,true,false,false,false
__yk_opt_lua_rawset,698,true,false,false,false
__yk_opt_luaL_tolstring,862,true,false,false,false
__yk_opt_luaL_getsubtable,863,true,false,false,false
__yk_opt_aux_rawset,699,true,false,false,false
__yk_opt_lua_rawsetp,700,true,false,false,false
__yk_opt_luaL_requiref,864,true,false,false,false
__yk_opt_lua_rawseti,701,true,false,false,false
__yk_opt_luaL_addgsub,865,true,false,false,false
__yk_opt_luaL_gsub,866,true,false,false,false
__yk_opt_lua_setmetatable,702,true,false,false,false
__yk_opt_lua_setiuservalue,703,true,false,false,false
__yk_opt_luaL_newstate,867,true,false,false,false
__yk_opt_luaL_checkversion_,868,true,false,false,false
__yk_trace_basicblock_wrapper,869,false,false,false,true
__yk_opt_lua_callk,704,true,false,false,false
__yk_opt_lua_pcallk,705,true,false,false,false
__yk_opt_lua_load,706,true,false,false,false
__yk_opt_lua_dump,707,true,false,false,false
__yk_opt_lua_status,708,true,false,false,false
__yk_opt_lua_gc,709,true,false,false,false
__yk_opt_lua_error,710,true,false,false,false
__yk_opt_lua_next,711,true,false,false,false
__yk_opt_lua_toclose,712,true,false,false,false
__yk_opt_lua_concat,713,true,false,false,false
__yk_opt_lua_len,714,true,false,false,false
__yk_opt_lua_getallocf,715,true,false,false,false
__yk_opt_lua_setallocf,716,true,false,false,false
__yk_opt_lua_setwarnf,717,true,false,false,false
__yk_opt_lua_warning,718,true,false,false,false
__yk_opt_lua_newuserdatauv,719,true,false,false,false
__yk_opt_lua_getupvalue,720,true,false,false,false
__yk_opt_lua_setupvalue,721,true,false,false,false
__yk_opt_lua_upvalueid,722,true,false,false,false
__yk_opt_lua_upvaluejoin,723,true,false,false,false
__yk_opt_luaG_getfuncline,724,true,false,false,false
__yk_opt_lua_sethook,725,true,false,false,false
__yk_opt_lua_gethook,726,true,false,false,false
__yk_opt_lua_gethookmask,727,true,false,false,false
__yk_opt_lua_gethookcount,728,true,false,false,false
__yk_opt_lua_getstack,729,true,false,false,false
__yk_opt_luaG_findlocal,730,true,false,false,false
__yk_opt_lua_getlocal,731,true,false,false,false
__yk_opt_lua_setlocal,732,true,false,false,false
__yk_opt_lua_getinfo,733,true,false,false,false
__yk_opt_funcnamefromcall,734,true,false,false,false
__yk_opt_getobjname,735,true,false,false,false
__yk_opt_luaG_typeerror,736,true,false,false,false
__yk_opt_varinfo,737,true,false,false,false
__yk_opt_typeerror,738,true,false,false,false
__yk_opt_luaG_runerror,739,true,false,false,false
__yk_opt_luaG_errormsg,740,true,false,false,false
__yk_opt_luaG_callerror,741,true,false,false,false
__yk_opt_luaG_forerror,742,true,false,false,false
__yk_opt_luaG_concaterror,743,true,false,false,false
__yk_opt_luaG_opinterror,744,true,false,false,false
__yk_opt_luaG_tointerror,745,true,false,false,false
__yk_opt_luaG_ordererror,746,true,false,false,false
__yk_opt_luaG_addinfo,747,true,false,false,false
__yk_opt_luaG_traceexec,748,true,false,false,false
__yk_opt_luaD_seterrorobj,749,true,false,false,false
__yk_opt_luaD_throw,750,true,false,false,false
__yk_opt_luaD_rawrunprotected,751,true,false,false,false
__yk_opt_luaD_reallocstack,752,true,false,false,false
__yk_opt_correctstack,753,true,false,false,false
__yk_opt_luaD_growstack,754,true,false,false,false
__yk_opt_luaD_shrinkstack,755,true,false,false,false
__yk_opt_luaD_inctop,756,true,false,false,false
__yk_opt_luaD_hook,757,true,false,false,false
__yk_opt_luaD_hookcall,758,true,false,false,false
__yk_opt_luaD_tryfuncTM,759,true,false,false,false
__yk_opt_luaD_poscall,760,true,false,false,false
__yk_opt_rethook,761,true,false,false,false
__yk_opt_luaD_pretailcall,762,true,false,false,false
__yk_opt_precallC,763,true,false,false,false
__yk_opt_luaD_precall,764,true,false,false,false
__yk_opt_luaD_call,765,true,false,false,false
__yk_opt_luaD_callnoyield,766,true,false,false,false
__yk_opt_lua_resume,767,true,false,false,false
__yk_opt_lua_isyieldable,768,true,false,false,false
__yk_opt_lua_yieldk,769,true,false,false,false
__yk_opt_luaD_closeprotected,770,true,false,false,false
__yk_opt_luaD_pcall,771,true,false,false,false
__yk_opt_luaD_protectedparser,772,true,false,false,false
__yk_opt_luaU_dump,773,true,false,false,false
__yk_opt_dumpFunction,774,true,false,false,false
__yk_opt_luaF_newCclosure,775,true,false,false,false
__yk_opt_luaF_newLclosure,776,true,false,false,false
__yk_opt_luaF_initupvals,777,true,false,false,false
__yk_opt_luaF_findupval,778,true,false,false,false
__yk_opt_luaF_newtbcupval,779,true,false,false,false
__yk_opt_luaF_unlinkupval,780,true,false,false,false
__yk_opt_luaF_closeupval,781,true,false,false,false
__yk_opt_luaF_close,782,true,false,false,false
__yk_opt_luaF_newproto,783,true,false,false,false
__yk_opt_luaF_freeproto,784,true,false,false,false
__yk_opt_luaF_getlocalname,785,true,false,false,false
__yk_opt_luaC_barrier_,786,true,false,false,false
__yk_opt_reallymarkobject,787,true,false,false,false
__yk_opt_luaC_barrierback_,788,true,false,false,false
__yk_opt_luaC_fix,789,true,false,false,false
__yk_opt_luaC_newobjdt,790,true,false,false,false
__yk_opt_luaC_newobj,791,true,false,false,false
__yk_opt_luaC_checkfinalizer,792,true,false,false,false
__yk_opt_sweeptolive,793,true,false,false,false
__yk_opt_freeobj,794,true,false,false,false
__yk_opt_luaC_changemode,795,true,false,false,false
__yk_opt_entergen,796,true,false,false,false
__yk_opt_luaC_runtilstate,797,true,false,false,false
__yk_opt_atomic,798,true,false,false,false
__yk_opt_atomic2gen,799,true,false,false,false
__yk_opt_finishgencycle,800,true,false,false,false
__yk_opt_GCTM,801,true,false,false,false
__yk_opt_correctgraylist,802,true,false,false,false
__yk_opt_markmt,803,true,false,false,false
__yk_opt_clearbyvalues,804,true,false,false,false
__yk_opt_traverseephemeron,805,true,false,false,false
__yk_opt_genlink,806,true,false,false,false
__yk_opt_propagatemark,807,true,false,false,false
__yk_opt_traversetable,808,true,false,false,false
__yk_opt_traverseproto,809,true,false,false,false
__yk_opt_traversethread,810,true,false,false,false
__yk_opt_traverseweakvalue,811,true,false,false,false
__yk_opt_traversestrongtable,812,true,false,false,false
__yk_opt_singlestep,813,true,false,false,false
__yk_opt_restartcollection,814,true,false,false,false
__yk_opt_runafewfinalizers,815,true,false,false,false
__yk_opt_luaC_freeallobjects,816,true,false,false,false
__yk_opt_luaC_step,817,true,false,false,false
__yk_opt_genstep,818,true,false,false,false
__yk_opt_incstep,819,true,false,false,false
__yk_opt_stepgenfull,820,true,false,false,false
__yk_opt_youngcollection,821,true,false,false,false
__yk_opt_luaC_fullgc,822,true,false,false,false
__yk_opt_luaM_growaux_,823,true,false,false,false
__yk_opt_tryagain,824,true,false,false,false
__yk_opt_luaM_saferealloc_,825,true,false,false,false
__yk_opt_luaM_shrinkvector_,826,true,false,false,false
__yk_opt_luaM_toobig,827,true,false,false,false
__yk_opt_luaM_free_,828,true,false,false,false
__yk_opt_luaM_realloc_,829,true,false,false,false
__yk_opt_luaM_malloc_,830,true,false,false,false
__yk_opt_luaO_ceillog2,831,true,false,false,false
__yk_opt_luaO_rawarith,832,true,false,false,false
__yk_opt_intarith,833,true,false,false,false
__yk_opt_luaO_arith,834,true,false,false,false
__yk_opt_luaO_hexavalue,835,true,false,false,false
__yk_opt_luaO_str2num,836,true,false,false,false
__yk_opt_luaO_utf8esc,837,true,false,false,false
__yk_opt_luaO_tostring,838,true,false,false,false
__yk_opt_luaO_pushvfstring,839,true,false,false,false
__yk_opt_addstr2buff,840,true,false,false,false
__yk_opt_addnum2buff,841,true,false,false,false
__yk_opt_luaO_pushfstring,842,true,false,false,false
__yk_opt_luaO_chunkid,843,true,false,false,false
__yk_opt_luaY_nvarstack,844,true,false,false,false
__yk_opt_luaG_ykdebug_str,845,true,false,false,false
__yk_opt_ykifyCode,846,true,false,false,false
__yk_opt_luaY_parser,847,true,false,false,false
__yk_opt_allocupvalue,848,true,false,false,false
__yk_opt_error_expected,849,true,false,false,false
__yk_opt_close_func,850,true,false,false,false
__yk_opt_leaveblock,851,true,false,false,false
__yk_opt_createlabel,852,true,false,false,false
__yk_opt_undefgoto,853,true,false,false,false
__yk_opt_jumpscopeerror,854,true,false,false,false
__yk_opt_statement,855,true,false,false,false
__yk_opt_subexpr,856,true,false,false,false
__yk_opt_check_match,857,true,false,false,false
__yk_opt_errorlimit,858,true,false,false,false
__yk_opt_adjustlocalvars,859,true,false,false,false
__yk_opt_forbody,860,true,false,false,false
__yk_opt_body,861,true,false,false,false
__yk_opt_explist,862,true,false,false,false
__yk_opt_suffixedexp,863,true,false,false,false
__yk_opt_restassign,864,true,false,false,false
__yk_opt_singlevar,865,true,false,false,false
__yk_opt_funcargs,866,true,false,false,false
__yk_opt_constructor,867,true,false,false,false
__yk_opt_recfield,868,true,false,false,false
__yk_opt_singlevaraux,869,true,false,false,false
__yk_opt_registerlocalvar,870,true,false,false,false
__yk_opt_test_then_block,871,true,false,false,false
__yk_opt_luaX_init,872,true,false,false,false
__yk_opt_luaX_token2str,873,true,false,false,false
__yk_opt_luaX_syntaxerror,874,true,false,false,false
__yk_opt_lexerror,875,true,false,false,false
__yk_opt_luaX_newstring,876,true,false,false,false
__yk_opt_luaX_setinput,877,true,false,false,false
__yk_opt_luaX_next,878,true,false,false,false
__yk_opt_llex,879,true,false,false,false
__yk_opt_inclinenumber,880,true,false,false,false
__yk_opt_skip_sep,881,true,false,false,false
__yk_opt_read_long_string,882,true,false,false,false
__yk_opt_read_string,883,true,false,false,false
__yk_opt_read_numeral,884,true,false,false,false
__yk_opt_check_next2,885,true,false,false,false
__yk_opt_gethexa,886,true,false,false,false
__yk_opt_utf8esc,887,true,false,false,false
__yk_opt_save,888,true,false,false,false
__yk_opt_readdecesc,889,true,false,false,false
__yk_opt_readutf8esc,890,true,false,false,false
__yk_opt_luaX_lookahead,891,true,false,false,false
__yk_opt_luaK_semerror,892,true,false,false,false
__yk_opt_luaK_exp2const,893,true,false,false,false
__yk_opt_luaK_nil,894,true,false,false,false
__yk_opt_savelineinfo,895,true,false,false,false
__yk_opt_luaK_codeABCk,896,true,false,false,false
__yk_opt_luaK_concat,897,true,false,false,false
__yk_opt_luaK_jump,898,true,false,false,false
__yk_opt_luaK_ret,899,true,false,false,false
__yk_opt_luaK_getlabel,900,true,false,false,false
__yk_opt_luaK_patchlist,901,true,false,false,false
__yk_opt_patchlistaux,902,true,false,false,false
__yk_opt_luaK_patchtohere,903,true,false,false,false
__yk_opt_luaK_code,904,true,false,false,false
__yk_opt_luaK_codeABx,905,true,false,false,false
__yk_opt_luaK_codeAsBx,906,true,false,false,false
__yk_opt_luaK_checkstack,907,true,false,false,false
__yk_opt_luaK_reserveregs,908,true,false,false,false
__yk_opt_luaK_int,909,true,false,false,false
__yk_opt_addk,910,true,false,false,false
__yk_opt_luaK_codek,911,true,false,false,false
__yk_opt_luaK_setreturns,912,true,false,false,false
__yk_opt_luaK_setoneret,913,true,false,false,false
__yk_opt_luaK_dischargevars,914,true,false,false,false
__yk_opt_luaK_exp2nextreg,915,true,false,false,false
__yk_opt_exp2reg,916,true,false,false,false
__yk_opt_discharge2reg,917,true,false,false,false
__yk_opt_luaK_exp2anyreg,918,true,false,false,false
__yk_opt_luaK_exp2anyregup,919,true,false,false,false
__yk_opt_luaK_exp2val,920,true,false,false,false
__yk_opt_luaK_exp2RK,921,true,false,false,false
__yk_opt_luaK_exp2K,922,true,false,false,false
__yk_opt_luaK_storevar,923,true,false,false,false
__yk_opt_luaK_self,924,true,false,false,false
__yk_opt_luaK_goiftrue,925,true,false,false,false
__yk_opt_jumponcond,926,true,false,false,false
__yk_opt_luaK_goiffalse,927,true,false,false,false
__yk_opt_luaK_isKint,928,true,false,false,false
__yk_opt_luaK_indexed,929,true,false,false,false
__yk_opt_luaK_prefix,930,true,false,false,false
__yk_opt_constfolding,931,true,false,false,false
__yk_opt_luaK_infix,932,true,false,false,false
__yk_opt_luaK_posfix,933,true,false,false,false
__yk_opt_finishbinexpval,934,true,false,false,false
__yk_opt_codebinexpval,935,true,false,false,false
__yk_opt_luaK_fixline,936,true,false,false,false
__yk_opt_luaK_settablesize,937,true,false,false,false
__yk_opt_luaK_setlist,938,true,false,false,false
__yk_opt_luaK_finish,939,true,false,false,false
__yk_opt_luaE_setdebt,940,true,false,false,false
__yk_opt_lua_setcstacklimit,941,true,false,false,false
__yk_opt_luaE_extendCI,942,true,false,false,false
__yk_opt_luaE_freeCI,943,true,false,false,false
__yk_opt_luaE_shrinkCI,944,true,false,false,false
__yk_opt_luaE_checkcstack,945,true,false,false,false
__yk_opt_luaE_incCstack,946,true,false,false,false
__yk_opt_lua_newthread,947,true,false,false,false
__yk_opt_luaE_freethread,948,true,false,false,false
__yk_opt_luaE_resetthread,949,true,false,false,false
__yk_opt_lua_closethread,950,true,false,false,false
__yk_opt_lua_resetthread,951,true,false,false,false
__yk_opt_close_state,952,true,false,false,false
__yk_opt_lua_close,953,true,false,false,false
__yk_opt_luaE_warning,954,true,false,false,false
__yk_opt_luaE_warnerror,955,true,false,false,false
__yk_opt_luaS_eqlngstr,956,true,false,false,false
__yk_opt_luaS_hash,957,true,false,false,false
__yk_opt_luaS_hashlongstr,958,true,false,false,false
__yk_opt_luaS_resize,959,true,false,false,false
__yk_opt_tablerehash,960,true,false,false,false
__yk_opt_luaS_clearcache,961,true,false,false,false
__yk_opt_luaS_init,962,true,false,false,false
__yk_opt_internshrstr,963,true,false,false,false
__yk_opt_luaS_newlstr,964,true,false,false,false
__yk_opt_luaS_createlngstrobj,965,true,false,false,false
__yk_opt_luaS_remove,966,true,false,false,false
__yk_opt_luaS_new,967,true,false,false,false
__yk_opt_luaS_newudata,968,true,false,false,false
__yk_opt_luaH_realasize,969,true,false,false,false
__yk_opt_luaH_next,970,true,false,false,false
__yk_opt_getgeneric,971,true,false,false,false
__yk_opt_mainpositionTV,972,true,false,false,false
__yk_opt_luaH_resize,973,true,false,false,false
__yk_opt_setnodevector_full,974,true,false,false,false
__yk_opt_luaH_getint,975,true,false,false,false
__yk_opt_luaH_newkey,976,true,false,false,false
__yk_opt_freehash,977,true,false,false,false
__yk_opt_luaH_get,978,true,false,false,false
__yk_opt_luaH_getshortstr,979,true,false,false,false
__yk_opt_rehash,980,true,false,false,false
__yk_opt_luaH_setint,981,true,false,false,false
__yk_opt_luaH_resizearray,982,true,false,false,false
__yk_opt_luaH_new,983,true,false,false,false
__yk_opt_luaH_free,984,true,false,false,false
__yk_opt_luaH_set,985,true,false,false,false
__yk_opt_luaH_getstr,986,true,false,false,false
__yk_opt_luaH_finishset,987,true,false,false,false
__yk_opt_luaH_getn,988,true,false,false,false
__yk_opt_luaT_init,989,true,false,false,false
__yk_opt_luaT_gettm,990,true,false,false,false
__yk_opt_luaT_gettmbyobj,991,true,false,false,false
__yk_opt_luaT_objtypename,992,true,false,false,false
__yk_opt_luaT_callTM,993,true,false,false,false
__yk_opt_luaT_callTMres,994,true,false,false,false
__yk_opt_luaT_trybinTM,995,true,false,false,false
__yk_opt_callbinTM,996,true,false,false,false
__yk_opt_luaT_tryconcatTM,997,true,false,false,false
__yk_opt_luaT_trybinassocTM,998,true,false,false,false
__yk_opt_luaT_trybiniTM,999,true,false,false,false
__yk_opt_luaT_callorderTM,1000,true,false,false,false
__yk_opt_luaT_callorderiTM,1001,true,false,false,false
__yk_opt_luaT_adjustvarargs,1002,true,false,false,false
__yk_opt_luaT_getvarargs,1003,true,false,false,false
__yk_opt_luaU_undump,1004,true,false,false,false
__yk_opt_error,1005,true,false,false,false
__yk_opt_loadFunction,1006,true,false,false,false
__yk_opt_loadStringN,1007,true,false,false,false
__yk_opt_luaV_tonumber_,1008,true,false,false,false
__yk_opt_luaV_flttointeger,1009,true,false,false,false
__yk_opt_luaV_tointegerns,1010,true,false,false,false
__yk_opt_luaV_tointeger,1011,true,false,false,false
__yk_opt_luaV_finishget,1012,true,false,false,false
__yk_opt_luaV_finishset,1013,true,false,false,false
__yk_opt_luaV_lessthan,1014,true,false,false,false
__yk_opt_luaV_lessequal,1015,true,false,false,false
__yk_opt_luaV_equalobj,1016,true,false,false,false
__yk_opt_luaV_concat,1017,true,false,false,false
__yk_opt_luaV_objlen,1018,true,false,false,false
__yk_opt_luaV_idiv,1019,true,false,false,false
__yk_opt_luaV_mod,1020,true,false,false,false
__yk_opt_luaV_modf,1021,true,false,false,false
__yk_opt_luaV_shiftl,1022,true,false,false,false
__yk_opt_luaV_finishOp,1023,true,false,false,false
__yk_opt_load_inst,1024,true,false,false,false
__yk_opt_luaZ_fill,1025,true,false,false,false
__yk_opt_luaZ_init,1026,true,false,false,false
__yk_opt_luaZ_read,1027,true,false,false,false
__yk_opt_luaL_traceback,1028,true,false,false,false
__yk_opt_prepbuffsize,1029,true,false,false,false
__yk_opt_pushglobalfuncname,1030,true,false,false,false
__yk_opt_findfield,1031,true,false,false,false
__yk_opt_luaL_error,1032,true,false,false,false
__yk_opt_luaL_newmetatable,1033,true,false,false,false
__yk_opt_luaL_setfuncs,1034,true,false,false,false
__yk_opt_luaL_buffinit,1035,true,false,false,false
__yk_opt_luaL_addstring,1036,true,false,false,false
__yk_opt_luaL_prepbuffsize,1037,true,false,false,false
__yk_opt_luaL_addvalue,1038,true,false,false,false
__yk_opt_luaL_pushresult,1039,true,false,false,false
__yk_opt_luaL_argerror,1040,true,false,false,false
__yk_opt_luaL_typeerror,1041,true,false,false,false
__yk_opt_luaL_getmetafield,1042,true,false,false,false
__yk_opt_luaL_where,1043,true,false,false,false
__yk_opt_luaL_fileresult,1044,true,false,false,false
__yk_opt_luaL_execresult,1045,true,false,false,false
__yk_opt_luaL_setmetatable,1046,true,false,false,false
__yk_opt_luaL_testudata,1047,true,false,false,false
__yk_opt_luaL_checkudata,1048,true,false,false,false
__yk_opt_luaL_checkoption,1049,true,false,false,false
__yk_opt_luaL_optlstring,1050,true,false,false,false
__yk_opt_luaL_checklstring,1051,true,false,false,false
__yk_opt_luaL_checkstack,1052,true,false,false,false
__yk_opt_luaL_checktype,1053,true,false,false,false
__yk_opt_luaL_checkany,1054,true,false,false,false
__yk_opt_luaL_checknumber,1055,true,false,false,false
__yk_opt_luaL_optnumber,1056,true,false,false,false
__yk_opt_luaL_checkinteger,1057,true,false,false,false
__yk_opt_interror,1058,true,false,false,false
__yk_opt_luaL_optinteger,1059,true,false,false,false
__yk_opt_luaL_addlstring,1060,true,false,false,false
__yk_opt_luaL_pushresultsize,1061,true,false,false,false
__yk_opt_luaL_buffinitsize,1062,true,false,false,false
__yk_opt_luaL_ref,1063,true,false,false,false
__yk_opt_luaL_unref,1064,true,false,false,false
__yk_opt_luaL_loadfilex,1065,true,false,false,false
__yk_opt_skipcomment,1066,true,false,false,false
__yk_opt_luaL_loadbufferx,1067,true,false,false,false
__yk_opt_luaL_loadstring,1068,true,false,false,false
__yk_opt_luaL_callmeta,1069,true,false,false,false
__yk_opt_luaL_len,1070,true,false,false,false
__yk_opt_luaL_tolstring,1071,true,false,false,false
__yk_opt_luaL_getsubtable,1072,true,false,false,false
__yk_opt_luaL_requiref,1073,true,false,false,false
__yk_opt_luaL_addgsub,1074,true,false,false,false
__yk_opt_luaL_gsub,1075,true,false,false,false
__yk_opt_luaL_newstate,1076,true,false,false,false
__yk_opt_luaL_checkversion_,1077,true,false,false,false
__yk_opt_luaL_openlibs,1078,true,false,false,false
__yk_opt_checktab,1079,true,false,false,false
__yk_opt_auxsort,1080,true,false,false,false
__yk_opt_sort_comp,1081,true,false,false,false
__yk_opt_partition,1082,true,false,false,false
__yk_opt_read_line,1083,true,false,false,false
__yk_opt_read_number,1084,true,false,false,false
__yk_opt_getdetails,1085,true,false,false,false
__yk_opt_unpackint,1086,true,false,false,false
__yk_opt_getoption,1087,true,false,false,false
__yk_opt_packint,1088,true,false,false,false
__yk_opt_match,1089,true,false,false,false
__yk_opt_push_onecapture,1090,true,false,false,false
__yk_opt_match_class,1091,true,false,false,false
__yk_opt_max_expand,1092,true,false,false,false
__yk_opt_min_expand,1093,true,false,false,false
__yk_opt_checkformat,1094,true,false,false,false
__yk_trace_basicblock_wrapper,1095,false,false,false,true
main,0,false,false,false,true
pmain,1,false,false,true,false
report,2,false,false,false,true
collectargs,3,false,false,false,true
createargtable,4,false,false,false,true
docall,5,false,false,false,true
runargs,6,false,false,false,true
pushargs,7,false,false,false,true
doREPL,8,false,false,false,true
dofile,9,false,false,false,true
msghandler,10,false,false,true,false
laction,11,false,false,true,false
lstop,12,false,false,true,false
lua_checkstack,13,false,false,false,true
lua_xmove,14,false,false,false,true
lua_atpanic,15,false,false,false,true
lua_version,16,false,false,false,true
lua_absindex,17,false,false,false,true
lua_gettop,18,false,false,false,true
lua_settop,19,false,false,false,true
lua_closeslot,20,false,false,false,true
lua_rotate,21,false,false,false,true
reverse,22,false,false,false,true
lua_copy,23,false,false,false,true
lua_pushvalue,24,false,false,false,true
lua_type,25,false,false,false,true
lua_typename,26,false,false,false,true
lua_iscfunction,27,false,false,false,true
lua_isinteger,28,false,false,false,true
lua_isnumber,29,false,false,false,true
lua_isstring,30,false,false,false,true
lua_isuserdata,31,false,false,false,true
lua_rawequal,32,false,false,false,true
lua_arith,33,false,false,false,true
lua_compare,34,false,false,false,true
lua_stringtonumber,35,false,false,false,true
lua_tonumberx,36,false,false,false,true
lua_tointegerx,37,false,false,false,true
lua_toboolean,38,false,false,false,true
lua_tolstring,39,false,false,false,true
lua_rawlen,40,false,false,false,true
lua_tocfunction,41,false,false,false,true
lua_touserdata,42,false,false,false,true
lua_tothread,43,false,false,false,true
lua_topointer,44,false,false,false,true
lua_pushnil,45,false,false,false,true
lua_pushnumber,46,false,false,false,true
lua_pushinteger,47,false,false,false,true
lua_pushlstring,48,false,false,false,true
lua_pushstring,49,false,false,false,true
lua_pushvfstring,50,false,false,false,true
lua_pushfstring,51,false,false,false,true
lua_pushcclosure,52,false,false,false,true
lua_pushboolean,53,false,false,false,true
lua_pushlightuserdata,54,false,false,false,true
lua_pushthread,55,false,false,false,true
lua_getglobal,56,false,false,false,true
lua_gettable,57,false,false,false,true
lua_getfield,58,false,false,false,true
lua_geti,59,false,false,false,true
lua_rawget,60,false,false,false,true
lua_rawgeti,61,false,false,false,true
lua_rawgetp,62,false,false,false,true
lua_createtable,63,false,false,false,true
lua_getmetatable,64,false,false,false,true
lua_getiuservalue,65,false,false,false,true
lua_setglobal,66,false,false,false,true
auxsetstr,67,false,false,false,true
lua_settable,68,false,false,false,true
lua_setfield,69,false,false,false,true
lua_seti,70,false,false,false,true
lua_rawset,71,false,false,false,true
aux_rawset,72,false,false,false,true
lua_rawsetp,73,false,false,false,true
lua_rawseti,74,false,false,false,true
lua_setmetatable,75,false,false,false,true
lua_setiuservalue,76,false,false,false,true
lua_callk,77,false,false,false,true
lua_pcallk,78,false,false,false,true
f_call,79,false,false,true,false
lua_load,80,false,false,false,true
lua_dump,81,false,false,false,true
lua_status,82,false,false,false,true
lua_gc,83,false,false,false,true
lua_error,84,false,false,false,true
lua_next,85,false,false,false,true
lua_toclose,86,false,false,false,true
lua_concat,87,false,false,false,true
lua_len,88,false,false,false,true
lua_getallocf,89,false,false,false,true
lua_setallocf,90,false,false,false,true
lua_setwarnf,91,false,false,false,true
lua_warning,92,false,false,false,true
lua_newuserdatauv,93,false,false,false,true
lua_getupvalue,94,false,false,false,true
lua_setupvalue,95,false,false,false,true
lua_upvalueid,96,false,false,false,true
lua_upvaluejoin,97,false,false,false,true
luaG_getfuncline,98,false,false,false,true
lua_sethook,99,false,false,false,true
settraps,100,false,false,false,true
lua_gethook,101,false,false,false,true
lua_gethookmask,102,false,false,false,true
lua_gethookcount,103,false,false,false,true
lua_getstack,104,false,false,false,true
luaG_findlocal,105,false,false,false,true
lua_getlocal,106,false,false,false,true
lua_setlocal,107,false,false,false,true
lua_getinfo,108,false,false,false,true
auxgetinfo,109,false,false,false,true
collectvalidlines,110,false,false,false,true
getobjname,111,false,true,false,false
findsetreg,112,false,false,false,true
luaG_typeerror,113,false,true,false,false
varinfo,114,false,true,false,false
typeerror,115,false,true,false,false
luaG_runerror,116,false,true,false,false
luaG_errormsg,117,false,true,false,false
getupvalname,118,false,false,false,true
instack,119,false,false,false,true
luaG_callerror,120,false,false,false,true
luaG_forerror,121,false,true,false,false
luaG_concaterror,122,false,false,false,true
luaG_opinterror,123,false,true,false,false
luaG_tointerror,124,false,true,false,false
luaG_ordererror,125,false,true,false,false
luaG_addinfo,126,false,false,false,true
luaG_traceexec,127,false,true,false,false
changedline,128,false,false,false,true
luaD_seterrorobj,129,false,false,false,true
luaD_throw,130,false,true,false,false
luaD_rawrunprotected,131,false,false,false,true
luaD_reallocstack,132,false,false,false,true
luaD_growstack,133,false,true,false,false
luaD_shrinkstack,134,false,false,false,true
stackinuse,135,false,false,false,true
luaD_inctop,136,false,false,false,true
luaD_hook,137,false,true,false,false
luaD_hookcall,138,false,true,false,false
luaD_tryfuncTM,139,false,false,false,true
luaD_poscall,140,false,true,false,false
rethook,141,false,true,false,false
moveresults_full,142,false,false,false,true
luaD_pretailcall,143,false,true,false,false
precallC,144,false,true,false,false
luaD_precall,145,false,true,false,false
luaD_call,146,false,true,false,false
luaD_callnoyield,147,false,true,false,false
lua_resume,148,false,false,false,true
resume,149,false,false,true,false
precover,150,false,false,false,true
unroll,151,false,false,true,false
lua_isyieldable,152,false,false,false,true
lua_yieldk,153,false,false,false,true
luaD_closeprotected,154,false,false,false,true
closepaux,155,false,false,true,false
luaD_pcall,156,false,false,false,true
luaD_protectedparser,157,false,false,false,true
f_parser,158,false,false,true,false
luaU_dump,159,false,false,false,true
dumpSize,160,false,false,false,true
dumpConstants,161,false,false,false,true
dumpUpvalues,162,false,false,false,true
dumpProtos,163,false,false,false,true
dumpDebug,164,false,false,false,true
luaF_newCclosure,165,false,false,false,true
luaF_newLclosure,166,false,false,false,true
luaF_initupvals,167,false,false,false,true
luaF_findupval,168,false,false,false,true
luaF_newtbcupval,169,false,false,false,true
luaF_unlinkupval,170,false,false,false,true
luaF_closeupval,171,false,false,false,true
luaF_close,172,false,true,false,false
poptbclist,173,false,false,false,true
luaF_newproto,174,false,false,false,true
luaF_freeproto,175,false,false,false,true
luaF_getlocalname,176,false,false,false,true
luaC_barrier_,177,false,false,false,true
luaC_barrierback_,178,false,false,false,true
luaC_fix,179,false,false,false,true
luaC_newobjdt,180,false,false,false,true
luaC_newobj,181,false,false,false,true
luaC_checkfinalizer,182,false,false,false,true
luaC_changemode,183,false,false,false,true
luaC_runtilstate,184,false,false,false,true
dothecall,185,false,false,true,false
luaC_freeallobjects,186,false,false,false,true
luaC_step,187,false,false,false,true
luaC_fullgc,188,false,false,false,true
luaM_growaux_,189,false,false,false,true
tryagain,190,false,false,false,true
luaM_saferealloc_,191,false,false,false,true
luaM_shrinkvector_,192,false,false,false,true
luaM_toobig,193,false,false,false,true
luaM_free_,194,false,false,false,true
luaM_realloc_,195,false,false,false,true
luaM_malloc_,196,false,false,false,true
luaO_ceillog2,197,false,false,false,true
luaO_rawarith,198,false,false,false,true
intarith,199,false,false,false,true
luaO_arith,200,false,false,false,true
luaO_hexavalue,201,false,false,false,true
luaO_str2num,202,false,true,false,false
l_str2int,203,false,false,false,true
l_str2dloc,204,false,false,false,true
luaO_utf8esc,205,false,false,false,true
luaO_tostring,206,false,false,false,true
luaO_pushvfstring,207,false,false,false,true
luaO_pushfstring,208,false,true,false,false
luaO_chunkid,209,false,false,false,true
luaY_nvarstack,210,false,false,false,true
reglevel,211,false,false,false,true
luaG_ykdebug_str,212,false,false,false,true
ykifyCode,213,false,false,false,true
luaY_parser,214,false,false,false,true
allocupvalue,215,false,false,false,true
statlist,216,false,false,false,true
error_expected,217,false,false,false,true
close_func,218,false,false,false,true
leaveblock,219,false,false,false,true
removevars,220,false,false,false,true
movegotosout,221,false,false,false,true
undefgoto,222,false,false,false,true
solvegotos,223,false,false,false,true
luaX_init,224,false,false,false,true
luaX_token2str,225,false,false,false,true
luaX_syntaxerror,226,false,false,false,true
lexerror,227,false,false,false,true
luaX_newstring,228,false,false,false,true
luaX_setinput,229,false,false,false,true
luaX_next,230,false,false,false,true
llex,231,false,false,false,true
luaX_lookahead,232,false,false,false,true
luaK_semerror,233,false,false,false,true
luaK_exp2const,234,false,false,false,true
luaK_nil,235,false,false,false,true
savelineinfo,236,false,false,false,true
luaK_codeABCk,237,false,false,false,true
luaK_concat,238,false,false,false,true
luaK_jump,239,false,false,false,true
luaK_ret,240,false,false,false,true
luaK_getlabel,241,false,false,false,true
luaK_patchlist,242,false,false,false,true
patchlistaux,243,false,false,false,true
luaK_patchtohere,244,false,false,false,true
luaK_code,245,false,false,false,true
luaK_codeABx,246,false,false,false,true
luaK_codeAsBx,247,false,false,false,true
luaK_checkstack,248,false,false,false,true
luaK_reserveregs,249,false,false,false,true
luaK_int,250,false,false,false,true
addk,251,false,false,false,true
luaK_codek,252,false,false,false,true
luaK_setreturns,253,false,false,false,true
luaK_setoneret,254,false,false,false,true
luaK_dischargevars,255,false,false,false,true
luaK_exp2nextreg,256,false,false,false,true
exp2reg,257,false,false,false,true
discharge2reg,258,false,false,false,true
need_value,259,false,false,false,true
luaK_exp2anyreg,260,false,false,false,true
luaK_exp2anyregup,261,false,false,false,true
luaK_exp2val,262,false,false,false,true
luaK_exp2RK,263,false,false,false,true
luaK_exp2K,264,false,false,false,true
luaK_storevar,265,false,false,false,true
luaK_self,266,false,false,false,true
luaK_goiftrue,267,false,false,false,true
jumponcond,268,false,false,false,true
luaK_goiffalse,269,false,false,false,true
luaK_isKint,270,false,false,false,true
luaK_indexed,271,false,false,false,true
luaK_prefix,272,false,false,false,true
constfolding,273,false,false,false,true
removevalues,274,false,false,false,true
luaK_infix,275,false,false,false,true
luaK_posfix,276,false,false,false,true
finishbinexpval,277,false,false,false,true
codebinexpval,278,false,false,false,true
luaK_fixline,279,false,false,false,true
luaK_settablesize,280,false,false,false,true
luaK_setlist,281,false,false,false,true
luaK_finish,282,false,false,false,true
luaE_setdebt,283,false,false,false,true
lua_setcstacklimit,284,false,false,false,true
luaE_extendCI,285,false,false,false,true
luaE_freeCI,286,false,false,false,true
luaE_shrinkCI,287,false,false,false,true
luaE_checkcstack,288,false,true,false,false
luaE_incCstack,289,false,false,false,true
lua_newthread,290,false,false,false,true
stack_init,291,false,false,false,true
luaE_freethread,292,false,false,false,true
luaE_resetthread,293,false,true,false,false
lua_closethread,294,false,false,false,true
lua_resetthread,295,false,false,false,true
lua_newstate,296,false,false,true,false
f_luaopen,297,false,false,true,false
lua_close,298,false,false,false,true
luaE_warning,299,false,false,false,true
luaE_warnerror,300,false,false,false,true
luaS_eqlngstr,301,false,false,false,true
luaS_hash,302,false,false,false,true
luaS_hashlongstr,303,false,false,false,true
luaS_resize,304,false,false,false,true
tablerehash,305,false,false,false,true
luaS_clearcache,306,false,false,false,true
luaS_init,307,false,false,false,true
internshrstr,308,false,false,false,true
luaS_newlstr,309,false,false,false,true
luaS_createlngstrobj,310,false,false,false,true
luaS_remove,311,false,false,false,true
luaS_new,312,false,false,false,true
luaS_newudata,313,false,false,false,true
luaH_realasize,314,false,false,false,true
luaH_next,315,false,false,false,true
getgeneric,316,false,false,false,true
luaH_resize,317,false,false,false,true
luaH_getint,318,false,false,false,true
luaH_newkey,319,false,false,false,true
luaH_get,320,false,true,false,false
luaH_getshortstr,321,false,false,false,true
luaH_setint,322,false,false,false,true
luaH_resizearray,323,false,false,false,true
luaH_new,324,false,false,false,true
luaH_free,325,false,false,false,true
luaH_set,326,false,false,false,true
luaH_getstr,327,false,false,false,true
luaH_finishset,328,false,false,false,true
luaH_getn,329,false,true,false,false
binsearch,330,false,false,false,true
hash_search,331,false,false,false,true
luaT_init,332,false,false,false,true
luaT_gettm,333,false,false,false,true
luaT_gettmbyobj,334,false,false,false,true
luaT_objtypename,335,false,true,false,false
luaT_callTM,336,false,false,false,true
luaT_callTMres,337,false,true,false,false
luaT_trybinTM,338,false,false,false,true
callbinTM,339,false,true,false,false
luaT_tryconcatTM,340,false,false,false,true
luaT_trybinassocTM,341,false,true,false,false
luaT_trybiniTM,342,false,false,false,true
luaT_callorderTM,343,false,true,false,false
luaT_callorderiTM,344,false,false,false,true
luaT_adjustvarargs,345,false,false,false,true
luaT_getvarargs,346,false,false,false,true
luaU_undump,347,false,false,false,true
error,348,false,false,false,true
loadUnsigned,349,false,false,false,true
loadConstants,350,false,false,false,true
loadUpvalues,351,false,false,false,true
loadProtos,352,false,false,false,true
loadDebug,353,false,false,false,true
luaV_tonumber_,354,false,false,false,true
luaV_flttointeger,355,false,false,false,true
luaV_tointegerns,356,false,true,false,false
luaV_tointeger,357,false,false,false,true
luaV_finishget,358,false,true,false,false
luaV_finishset,359,false,false,false,true
luaV_lessthan,360,false,false,false,true
l_strcmp,361,false,false,false,true
luaV_lessequal,362,false,false,false,true
luaV_equalobj,363,false,true,false,false
luaV_concat,364,false,false,false,true
luaV_objlen,365,false,true,false,false
luaV_idiv,366,false,false,false,true
luaV_mod,367,false,false,false,true
luaV_modf,368,false,false,false,true
luaV_shiftl,369,false,false,false,true
luaV_finishOp,370,false,false,false,true
load_inst,371,false,false,false,true
luaV_execute,372,false,false,false,true
pushclosure,373,false,false,false,true
luaZ_fill,374,false,false,false,true
luaZ_init,375,false,false,false,true
luaZ_read,376,false,false,false,true
luaL_traceback,377,false,false,false,true
prepbuffsize,378,false,false,false,true
findfield,379,false,false,false,true
luaL_error,380,false,false,false,true
luaL_newmetatable,381,false,false,false,true
luaL_setfuncs,382,false,false,false,true
boxgc,383,false,false,true,false
luaL_buffinit,384,false,false,false,true
luaL_addstring,385,false,false,false,true
luaL_prepbuffsize,386,false,false,false,true
luaL_addvalue,387,false,false,false,true
luaL_pushresult,388,false,false,false,true
luaL_argerror,389,false,false,false,true
luaL_typeerror,390,false,false,false,true
luaL_getmetafield,391,false,false,false,true
luaL_where,392,false,false,false,true
luaL_fileresult,393,false,false,false,true
luaL_execresult,394,false,false,false,true
luaL_setmetatable,395,false,false,false,true
luaL_testudata,396,false,false,false,true
luaL_checkudata,397,false,false,false,true
luaL_checkoption,398,false,false,false,true
luaL_optlstring,399,false,false,false,true
luaL_checklstring,400,false,false,false,true
luaL_checkstack,401,false,false,false,true
luaL_checktype,402,false,false,false,true
luaL_checkany,403,false,false,false,true
luaL_checknumber,404,false,false,false,true
luaL_optnumber,405,false,false,false,true
luaL_checkinteger,406,false,false,false,true
interror,407,false,false,false,true
luaL_optinteger,408,false,false,false,true
luaL_addlstring,409,false,false,false,true
luaL_pushresultsize,410,false,false,false,true
luaL_buffinitsize,411,false,false,false,true
luaL_ref,412,false,false,false,true
luaL_unref,413,false,false,false,true
luaL_loadfilex,414,false,false,false,true
skipcomment,415,false,false,false,true
getF,416,false,false,true,false
luaL_loadbufferx,417,false,false,false,true
getS,418,false,false,true,false
luaL_loadstring,419,false,false,false,true
luaL_callmeta,420,false,false,false,true
luaL_len,421,false,false,false,true
luaL_tolstring,422,false,false,false,true
luaL_getsubtable,423,false,false,false,true
luaL_requiref,424,false,false,false,true
luaL_addgsub,425,false,false,false,true
luaL_gsub,426,false,false,false,true
luaL_newstate,427,false,false,false,true
l_alloc,428,false,false,true,false
panic,429,false,false,true,false
warnfoff,430,false,false,true,false
warnfon,431,false,false,true,false
warnfcont,432,false,false,true,false
luaL_checkversion_,433,false,false,false,true
luaL_openlibs,434,false,false,false,true
luaopen_base,435,false,false,true,false
luaB_assert,436,false,false,true,false
luaB_collectgarbage,437,false,false,true,false
luaB_dofile,438,false,false,true,false
luaB_error,439,false,false,true,false
luaB_getmetatable,440,false,false,true,false
luaB_ipairs,441,false,false,true,false
luaB_loadfile,442,false,false,true,false
luaB_load,443,false,false,true,false
luaB_next,444,false,false,true,false
luaB_pairs,445,false,false,true,false
luaB_pcall,446,false,false,true,false
luaB_print,447,false,false,true,false
luaB_warn,448,false,false,true,false
luaB_rawequal,449,false,false,true,false
luaB_rawlen,450,false,false,true,false
luaB_rawget,451,false,false,true,false
luaB_rawset,452,false,false,true,false
luaB_select,453,false,false,true,false
luaB_setmetatable,454,false,false,true,false
luaB_tonumber,455,false,false,true,false
luaB_tostring,456,false,false,true,false
luaB_type,457,false,false,true,false
luaB_xpcall,458,false,false,true,false
finishpcall,459,false,false,true,false
b_str2int,460,false,false,false,true
pairscont,461,false,false,true,false
generic_reader,462,false,false,true,false
ipairsaux,463,false,false,true,false
dofilecont,464,false,false,true,false
luaopen_package,465,false,false,true,false
gctm,466,false,false,true,false
createsearcherstable,467,false,false,false,true
setpath,468,false,false,false,true
ll_require,469,false,false,true,false
findloader,470,false,false,false,true
searcher_preload,471,false,false,true,false
searcher_Lua,472,false,false,true,false
searcher_C,473,false,false,true,false
searcher_Croot,474,false,false,true,false
searchpath,475,false,false,false,true
loadfunc,476,false,false,false,true
lookforfunc,477,false,false,false,true
ll_loadlib,478,false,false,true,false
ll_searchpath,479,false,false,true,false
luaopen_coroutine,480,false,false,true,false
luaB_cocreate,481,false,false,true,false
luaB_coresume,482,false,false,true,false
luaB_corunning,483,false,false,true,false
luaB_costatus,484,false,false,true,false
luaB_cowrap,485,false,false,true,false
luaB_yield,486,false,false,true,false
luaB_yieldable,487,false,false,true,false
luaB_close,488,false,false,true,false
luaB_auxwrap,489,false,false,true,false
auxresume,490,false,false,false,true
luaopen_table,491,false,false,true,false
tconcat,492,false,false,true,false
tinsert,493,false,false,true,false
tpack,494,false,false,true,false
tunpack,495,false,false,true,false
tremove,496,false,false,true,false
tmove,497,false,false,true,false
sort,498,false,false,true,false
auxsort,499,false,false,false,true
luaopen_io,500,false,false,true,false
io_noclose,501,false,false,true,false
f_read,502,false,false,true,false
f_write,503,false,false,true,false
f_lines,504,false,false,true,false
f_flush,505,false,false,true,false
f_seek,506,false,false,true,false
f_close,507,false,false,true,false
f_setvbuf,508,false,false,true,false
aux_lines,509,false,false,false,true
io_readline,510,false,false,true,false
g_read,511,false,false,false,true
g_write,512,false,false,false,true
f_gc,513,false,false,true,false
f_tostring,514,false,false,true,false
io_close,515,false,false,true,false
io_flush,516,false,false,true,false
io_input,517,false,false,true,false
io_lines,518,false,false,true,false
io_open,519,false,false,true,false
io_output,520,false,false,true,false
io_popen,521,false,false,true,false
io_read,522,false,false,true,false
io_tmpfile,523,false,false,true,false
io_type,524,false,false,true,false
io_write,525,false,false,true,false
io_fclose,526,false,false,true,false
io_pclose,527,false,false,true,false
g_iofile,528,false,false,false,true
opencheck,529,false,false,false,true
luaopen_os,530,false,false,true,false
os_clock,531,false,false,true,false
os_date,532,false,false,true,false
os_difftime,533,false,false,true,false
os_execute,534,false,false,true,false
os_exit,535,false,false,true,false
os_getenv,536,false,false,true,false
os_monotonic,537,false,false,true,false
os_remove,538,false,false,true,false
os_rename,539,false,false,true,false
os_setlocale,540,false,false,true,false
os_time,541,false,false,true,false
os_tmpname,542,false,false,true,false
getfield,543,false,false,false,true
luaopen_string,544,false,false,true,false
arith_add,545,false,false,true,false
arith_sub,546,false,false,true,false
arith_mul,547,false,false,true,false
arith_mod,548,false,false,true,false
arith_pow,549,false,false,true,false
arith_div,550,false,false,true,false
arith_idiv,551,false,false,true,false
arith_unm,552,false,false,true,false
arith,553,false,false,false,true
str_byte,554,false,false,true,false
str_char,555,false,false,true,false
str_dump,556,false,false,true,false
str_find,557,false,false,true,false
str_format,558,false,false,true,false
gmatch,559,false,false,true,false
str_gsub,560,false,false,true,false
str_len,561,false,false,true,false
str_lower,562,false,false,true,false
str_match,563,false,false,true,false
str_rep,564,false,false,true,false
str_reverse,565,false,false,true,false
str_sub,566,false,false,true,false
str_upper,567,false,false,true,false
str_pack,568,false,false,true,false
str_packsize,569,false,false,true,false
str_unpack,570,false,false,true,false
str_find_aux,571,false,false,false,true
gmatch_aux,572,false,false,true,false
writer,573,false,false,true,false
luaopen_math,574,false,false,true,false
setseed,575,false,false,false,true
math_random,576,false,false,true,false
math_randomseed,577,false,false,true,false
project,578,false,false,false,true
math_abs,579,false,false,true,false
math_acos,580,false,false,true,false
math_asin,581,false,false,true,false
math_atan,582,false,false,true,false
math_ceil,583,false,false,true,false
math_cos,584,false,false,true,false
math_deg,585,false,false,true,false
math_exp,586,false,false,true,false
math_toint,587,false,false,true,false
math_floor,588,false,false,true,false
math_fmod,589,false,false,true,false
math_ult,590,false,false,true,false
math_log,591,false,false,true,false
math_max,592,false,false,true,false
math_min,593,false,false,true,false
math_modf,594,false,false,true,false
math_rad,595,false,false,true,false
math_sin,596,false,false,true,false
math_sqrt,597,false,false,true,false
math_tan,598,false,false,true,false
math_type,599,false,false,true,false
math_cosh,600,false,false,true,false
math_sinh,601,false,false,true,false
math_tanh,602,false,false,true,false
math_pow,603,false,false,true,false
math_frexp,604,false,false,true,false
math_ldexp,605,false,false,true,false
math_log10,606,false,false,true,false
luaopen_utf8,607,false,false,true,false
byteoffset,608,false,false,true,false
codepoint,609,false,false,true,false
utfchar,610,false,false,true,false
utflen,611,false,false,true,false
iter_codes,612,false,false,true,false
iter_auxstrict,613,false,false,true,false
iter_auxlax,614,false,false,true,false
iter_aux,615,false,false,false,true
luaopen_debug,616,false,false,true,false
db_debug,617,false,false,true,false
db_getuservalue,618,false,false,true,false
db_gethook,619,false,false,true,false
db_getinfo,620,false,false,true,false
db_getlocal,621,false,false,true,false
db_getregistry,622,false,false,true,false
db_getmetatable,623,false,false,true,false
db_getupvalue,624,false,false,true,false
db_upvaluejoin,625,false,false,true,false
db_upvalueid,626,false,false,true,false
db_setuservalue,627,false,false,true,false
db_sethook,628,false,false,true,false
db_setlocal,629,false,false,true,false
db_setmetatable,630,false,false,true,false
db_setupvalue,631,false,false,true,false
db_traceback,632,false,false,true,false
db_setcstacklimit,633,false,false,true,false
hookf,634,false,false,true,false
lua_newstate.specialized.1,635,false,false,false,true
__yk_opt_main,636,true,false,false,false
__yk_opt_report,637,true,false,false,false
__yk_opt_docall,638,true,false,false,false
__yk_opt_pushline,639,true,false,false,false
__yk_opt_multiline,640,true,false,false,false
__yk_opt_lua_checkstack,641,true,false,false,false
__yk_opt_lua_xmove,642,true,false,false,false
__yk_opt_lua_atpanic,643,true,false,false,false
__yk_opt_lua_version,644,true,false,false,false
__yk_opt_lua_absindex,645,true,false,false,false
__yk_opt_lua_gettop,646,true,false,false,false
__yk_opt_lua_settop,647,true,false,false,false
__yk_opt_lua_closeslot,648,true,false,false,false
__yk_opt_lua_rotate,649,true,false,false,false
__yk_opt_lua_copy,650,true,false,false,false
__yk_opt_lua_pushvalue,651,true,false,false,false
__yk_opt_lua_type,652,true,false,false,false
__yk_opt_lua_typename,653,true,false,false,false
__yk_opt_lua_iscfunction,654,true,false,false,false
__yk_opt_lua_isinteger,655,true,false,false,false
__yk_opt_lua_isnumber,656,true,false,false,false
__yk_opt_lua_isstring,657,true,false,false,false
__yk_opt_lua_isuserdata,658,true,false,false,false
__yk_opt_lua_rawequal,659,true,false,false,false
__yk_opt_lua_arith,660,true,false,false,false
__yk_opt_lua_compare,661,true,false,false,false
__yk_opt_lua_stringtonumber,662,true,false,false,false
__yk_opt_lua_tonumberx,663,true,false,false,false
__yk_opt_lua_tointegerx,664,true,false,false,false
__yk_opt_lua_toboolean,665,true,false,false,false
__yk_opt_lua_tolstring,666,true,false,false,false
__yk_opt_lua_rawlen,667,true,false,false,false
__yk_opt_lua_tocfunction,668,true,false,false,false
__yk_opt_lua_touserdata,669,true,false,false,false
__yk_opt_lua_tothread,670,true,false,false,false
__yk_opt_lua_topointer,671,true,false,false,false
__yk_opt_lua_pushnil,672,true,false,false,false
__yk_opt_lua_pushnumber,673,true,false,false,false
__yk_opt_lua_pushinteger,674,true,false,false,false
__yk_opt_lua_pushlstring,675,true,false,false,false
__yk_opt_lua_pushstring,676,true,false,false,false
__yk_opt_lua_pushvfstring,677,true,false,false,false
__yk_opt_lua_pushfstring,678,true,false,false,false
__yk_opt_lua_pushcclosure,679,true,false,false,false
__yk_opt_lua_pushboolean,680,true,false,false,false
__yk_opt_lua_pushlightuserdata,681,true,false,false,false
__yk_opt_lua_pushthread,682,true,false,false,false
__yk_opt_lua_getglobal,683,true,false,false,false
__yk_opt_lua_gettable,684,true,false,false,false
__yk_opt_lua_getfield,685,true,false,false,false
__yk_opt_lua_geti,686,true,false,false,false
__yk_opt_lua_rawget,687,true,false,false,false
__yk_opt_lua_rawgeti,688,true,false,false,false
__yk_opt_lua_rawgetp,689,true,false,false,false
__yk_opt_lua_createtable,690,true,false,false,false
__yk_opt_lua_getmetatable,691,true,false,false,false
__yk_opt_lua_getiuservalue,692,true,false,false,false
__yk_opt_lua_setglobal,693,true,false,false,false
__yk_opt_auxsetstr,694,true,false,false,false
__yk_opt_lua_settable,695,true,false,false,false
__yk_opt_lua_setfield,696,true,false,false,false
__yk_opt_lua_seti,697,true,false,false,false
__yk_opt_lua_rawset,698,true,false,false,false
__yk_opt_aux_rawset,699,true,false,false,false
__yk_opt_lua_rawsetp,700,true,false,false,false
__yk_opt_lua_rawseti,701,true,false,false,false
__yk_opt_lua_setmetatable,702,true,false,false,false
__yk_opt_lua_setiuservalue,703,true,false,false,false
__yk_opt_lua_callk,704,true,false,false,false
__yk_opt_lua_pcallk,705,true,false,false,false
__yk_opt_lua_load,706,true,false,false,false
__yk_opt_lua_dump,707,true,false,false,false
__yk_opt_lua_status,708,true,false,false,false
__yk_opt_lua_gc,709,true,false,false,false
__yk_opt_lua_error,710,true,false,false,false
__yk_opt_lua_next,711,true,false,false,false
__yk_opt_lua_toclose,712,true,false,false,false
__yk_opt_lua_concat,713,true,false,false,false
__yk_opt_lua_len,714,true,false,false,false
__yk_opt_lua_getallocf,715,true,false,false,false
__yk_opt_lua_setallocf,716,true,false,false,false
__yk_opt_lua_setwarnf,717,true,false,false,false
__yk_opt_lua_warning,718,true,false,false,false
__yk_opt_lua_newuserdatauv,719,true,false,false,false
__yk_opt_lua_getupvalue,720,true,false,false,false
__yk_opt_lua_setupvalue,721,true,false,false,false
__yk_opt_lua_upvalueid,722,true,false,false,false
__yk_opt_lua_upvaluejoin,723,true,false,false,false
__yk_opt_luaG_getfuncline,724,true,false,false,false
__yk_opt_lua_sethook,725,true,false,false,false
__yk_opt_lua_gethook,726,true,false,false,false
__yk_opt_lua_gethookmask,727,true,false,false,false
__yk_opt_lua_gethookcount,728,true,false,false,false
__yk_opt_lua_getstack,729,true,false,false,false
__yk_opt_luaG_findlocal,730,true,false,false,false
__yk_opt_lua_getlocal,731,true,false,false,false
__yk_opt_lua_setlocal,732,true,false,false,false
__yk_opt_lua_getinfo,733,true,false,false,false
__yk_opt_funcnamefromcall,734,true,false,false,false
__yk_opt_getobjname,735,true,false,false,false
__yk_opt_luaG_typeerror,736,true,false,false,false
__yk_opt_varinfo,737,true,false,false,false
__yk_opt_typeerror,738,true,false,false,false
__yk_opt_luaG_runerror,739,true,false,false,false
__yk_opt_luaG_errormsg,740,true,false,false,false
__yk_opt_luaG_callerror,741,true,false,false,false
__yk_opt_luaG_forerror,742,true,false,false,false
__yk_opt_luaG_concaterror,743,true,false,false,false
__yk_opt_luaG_opinterror,744,true,false,false,false
__yk_opt_luaG_tointerror,745,true,false,false,false
__yk_opt_luaG_ordererror,746,true,false,false,false
__yk_opt_luaG_addinfo,747,true,false,false,false
__yk_opt_luaG_traceexec,748,true,false,false,false
__yk_opt_luaD_seterrorobj,749,true,false,false,false
__yk_opt_luaD_throw,750,true,false,false,false
__yk_opt_luaD_rawrunprotected,751,true,false,false,false
__yk_opt_luaD_reallocstack,752,true,false,false,false
__yk_opt_correctstack,753,true,false,false,false
__yk_opt_luaD_growstack,754,true,false,false,false
__yk_opt_luaD_shrinkstack,755,true,false,false,false
__yk_opt_luaD_inctop,756,true,false,false,false
__yk_opt_luaD_hook,757,true,false,false,false
__yk_opt_luaD_hookcall,758,true,false,false,false
__yk_opt_luaD_tryfuncTM,759,true,false,false,false
__yk_opt_luaD_poscall,760,true,false,false,false
__yk_opt_rethook,761,true,false,false,false
__yk_opt_luaD_pretailcall,762,true,false,false,false
__yk_opt_precallC,763,true,false,false,false
__yk_opt_luaD_precall,764,true,false,false,false
__yk_opt_luaD_call,765,true,false,false,false
__yk_opt_luaD_callnoyield,766,true,false,false,false
__yk_opt_lua_resume,767,true,false,false,false
__yk_opt_lua_isyieldable,768,true,false,false,false
__yk_opt_lua_yieldk,769,true,false,false,false
__yk_opt_luaD_closeprotected,770,true,false,false,false
__yk_opt_luaD_pcall,771,true,false,false,false
__yk_opt_luaD_protectedparser,772,true,false,false,false
__yk_opt_luaU_dump,773,true,false,false,false
__yk_opt_dumpFunction,774,true,false,false,false
__yk_opt_luaF_newCclosure,775,true,false,false,false
__yk_opt_luaF_newLclosure,776,true,false,false,false
__yk_opt_luaF_initupvals,777,true,false,false,false
__yk_opt_luaF_findupval,778,true,false,false,false
__yk_opt_luaF_newtbcupval,779,true,false,false,false
__yk_opt_luaF_unlinkupval,780,true,false,false,false
__yk_opt_luaF_closeupval,781,true,false,false,false
__yk_opt_luaF_close,782,true,false,false,false
__yk_opt_luaF_newproto,783,true,false,false,false
__yk_opt_luaF_freeproto,784,true,false,false,false
__yk_opt_luaF_getlocalname,785,true,false,false,false
__yk_opt_luaC_barrier_,786,true,false,false,false
__yk_opt_reallymarkobject,787,true,false,false,false
__yk_opt_luaC_barrierback_,788,true,false,false,false
__yk_opt_luaC_fix,789,true,false,false,false
__yk_opt_luaC_newobjdt,790,true,false,false,false
__yk_opt_luaC_newobj,791,true,false,false,false
__yk_opt_luaC_checkfinalizer,792,true,false,false,false
__yk_opt_sweeptolive,793,true,false,false,false
__yk_opt_freeobj,794,true,false,false,false
__yk_opt_luaC_changemode,795,true,false,false,false
__yk_opt_entergen,796,true,false,false,false
__yk_opt_luaC_runtilstate,797,true,false,false,false
__yk_opt_atomic,798,true,false,false,false
__yk_opt_atomic2gen,799,true,false,false,false
__yk_opt_finishgencycle,800,true,false,false,false
__yk_opt_GCTM,801,true,false,false,false
__yk_opt_correctgraylist,802,true,false,false,false
__yk_opt_markmt,803,true,false,false,false
__yk_opt_clearbyvalues,804,true,false,false,false
__yk_opt_traverseephemeron,805,true,false,false,false
__yk_opt_genlink,806,true,false,false,false
__yk_opt_propagatemark,807,true,false,false,false
__yk_opt_traversetable,808,true,false,false,false
__yk_opt_traverseproto,809,true,false,false,false
__yk_opt_traversethread,810,true,false,false,false
__yk_opt_traverseweakvalue,811,true,false,false,false
__yk_opt_traversestrongtable,812,true,false,false,false
__yk_opt_singlestep,813,true,false,false,false
__yk_opt_restartcollection,814,true,false,false,false
__yk_opt_runafewfinalizers,815,true,false,false,false
__yk_opt_luaC_freeallobjects,816,true,false,false,false
__yk_opt_luaC_step,817,true,false,false,false
__yk_opt_genstep,818,true,false,false,false
__yk_opt_incstep,819,true,false,false,false
__yk_opt_stepgenfull,820,true,false,false,false
__yk_opt_youngcollection,821,true,false,false,false
__yk_opt_luaC_fullgc,822,true,false,false,false
__yk_opt_luaM_growaux_,823,true,false,false,false
__yk_opt_tryagain,824,true,false,false,false
__yk_opt_luaM_saferealloc_,825,true,false,false,false
__yk_opt_luaM_shrinkvector_,826,true,false,false,false
__yk_opt_luaM_toobig,827,true,false,false,false
__yk_opt_luaM_free_,828,true,false,false,false
__yk_opt_luaM_realloc_,829,true,false,false,false
__yk_opt_luaM_malloc_,830,true,false,false,false
__yk_opt_luaO_ceillog2,831,true,false,false,false
__yk_opt_luaO_rawarith,832,true,false,false,false
__yk_opt_intarith,833,true,false,false,false
__yk_opt_luaO_arith,834,true,false,false,false
__yk_opt_luaO_hexavalue,835,true,false,false,false
__yk_opt_luaO_str2num,836,true,false,false,false
__yk_opt_luaO_utf8esc,837,true,false,false,false
__yk_opt_luaO_tostring,838,true,false,false,false
__yk_opt_luaO_pushvfstring,839,true,false,false,false
__yk_opt_addstr2buff,840,true,false,false,false
__yk_opt_addnum2buff,841,true,false,false,false
__yk_opt_luaO_pushfstring,842,true,false,false,false
__yk_opt_luaO_chunkid,843,true,false,false,false
__yk_opt_luaY_nvarstack,844,true,false,false,false
__yk_opt_luaG_ykdebug_str,845,true,false,false,false
__yk_opt_ykifyCode,846,true,false,false,false
__yk_opt_luaY_parser,847,true,false,false,false
__yk_opt_allocupvalue,848,true,false,false,false
__yk_opt_error_expected,849,true,false,false,false
__yk_opt_close_func,850,true,false,false,false
__yk_opt_leaveblock,851,true,false,false,false
__yk_opt_createlabel,852,true,false,false,false
__yk_opt_undefgoto,853,true,false,false,false
__yk_opt_jumpscopeerror,854,true,false,false,false
__yk_opt_statement,855,true,false,false,false
__yk_opt_subexpr,856,true,false,false,false
__yk_opt_check_match,857,true,false,false,false
__yk_opt_errorlimit,858,true,false,false,false
__yk_opt_adjustlocalvars,859,true,false,false,false
__yk_opt_forbody,860,true,false,false,false
__yk_opt_body,861,true,false,false,false
__yk_opt_explist,862,true,false,false,false
__yk_opt_suffixedexp,863,true,false,false,false
__yk_opt_restassign,864,true,false,false,false
__yk_opt_singlevar,865,true,false,false,false
__yk_opt_funcargs,866,true,false,false,false
__yk_opt_constructor,867,true,false,false,false
__yk_opt_recfield,868,true,false,false,false
__yk_opt_singlevaraux,869,true,false,false,false
__yk_opt_registerlocalvar,870,true,false,false,false
__yk_opt_test_then_block,871,true,false,false,false
__yk_opt_luaX_init,872,true,false,false,false
__yk_opt_luaX_token2str,873,true,false,false,false
__yk_opt_luaX_syntaxerror,874,true,false,false,false
__yk_opt_lexerror,875,true,false,false,false
__yk_opt_luaX_newstring,876,true,false,false,false
__yk_opt_luaX_setinput,877,true,false,false,false
__yk_opt_luaX_next,878,true,false,false,false
__yk_opt_llex,879,true,false,false,false
__yk_opt_inclinenumber,880,true,false,false,false
__yk_opt_skip_sep,881,true,false,false,false
__yk_opt_read_long_string,882,true,false,false,false
__yk_opt_read_string,883,true,false,false,false
__yk_opt_read_numeral,884,true,false,false,false
__yk_opt_check_next2,885,true,false,false,false
__yk_opt_gethexa,886,true,false,false,false
__yk_opt_utf8esc,887,true,false,false,false
__yk_opt_save,888,true,false,false,false
__yk_opt_readdecesc,889,true,false,false,false
__yk_opt_readutf8esc,890,true,false,false,false
__yk_opt_luaX_lookahead,891,true,false,false,false
__yk_opt_luaK_semerror,892,true,false,false,false
__yk_opt_luaK_exp2const,893,true,false,false,false
__yk_opt_luaK_nil,894,true,false,false,false
__yk_opt_savelineinfo,895,true,false,false,false
__yk_opt_luaK_codeABCk,896,true,false,false,false
__yk_opt_luaK_concat,897,true,false,false,false
__yk_opt_luaK_jump,898,true,false,false,false
__yk_opt_luaK_ret,899,true,false,false,false
__yk_opt_luaK_getlabel,900,true,false,false,false
__yk_opt_luaK_patchlist,901,true,false,false,false
__yk_opt_patchlistaux,902,true,false,false,false
__yk_opt_luaK_patchtohere,903,true,false,false,false
__yk_opt_luaK_code,904,true,false,false,false
__yk_opt_luaK_codeABx,905,true,false,false,false
__yk_opt_luaK_codeAsBx,906,true,false,false,false
__yk_opt_luaK_checkstack,907,true,false,false,false
__yk_opt_luaK_reserveregs,908,true,false,false,false
__yk_opt_luaK_int,909,true,false,false,false
__yk_opt_addk,910,true,false,false,false
__yk_opt_luaK_codek,911,true,false,false,false
__yk_opt_luaK_setreturns,912,true,false,false,false
__yk_opt_luaK_setoneret,913,true,false,false,false
__yk_opt_luaK_dischargevars,914,true,false,false,false
__yk_opt_luaK_exp2nextreg,915,true,false,false,false
__yk_opt_exp2reg,916,true,false,false,false
__yk_opt_discharge2reg,917,true,false,false,false
__yk_opt_luaK_exp2anyreg,918,true,false,false,false
__yk_opt_luaK_exp2anyregup,919,true,false,false,false
__yk_opt_luaK_exp2val,920,true,false,false,false
__yk_opt_luaK_exp2RK,921,true,false,false,false
__yk_opt_luaK_exp2K,922,true,false,false,false
__yk_opt_luaK_storevar,923,true,false,false,false
__yk_opt_luaK_self,924,true,false,false,false
__yk_opt_luaK_goiftrue,925,true,false,false,false
__yk_opt_jumponcond,926,true,false,false,false
__yk_opt_luaK_goiffalse,927,true,false,false,false
__yk_opt_luaK_isKint,928,true,false,false,false
__yk_opt_luaK_indexed,929,true,false,false,false
__yk_opt_luaK_prefix,930,true,false,false,false
__yk_opt_constfolding,931,true,false,false,false
__yk_opt_luaK_infix,932,true,false,false,false
__yk_opt_luaK_posfix,933,true,false,false,false
__yk_opt_finishbinexpval,934,true,false,false,false
__yk_opt_codebinexpval,935,true,false,false,false
__yk_opt_luaK_fixline,936,true,false,false,false
__yk_opt_luaK_settablesize,937,true,false,false,false
__yk_opt_luaK_setlist,938,true,false,false,false
__yk_opt_luaK_finish,939,true,false,false,false
__yk_opt_luaE_setdebt,940,true,false,false,false
__yk_opt_lua_setcstacklimit,941,true,false,false,false
__yk_opt_luaE_extendCI,942,true,false,false,false
__yk_opt_luaE_freeCI,943,true,false,false,false
__yk_opt_luaE_shrinkCI,944,true,false,false,false
__yk_opt_luaE_checkcstack,945,true,false,false,false
__yk_opt_luaE_incCstack,946,true,false,false,false
__yk_opt_lua_newthread,947,true,false,false,false
__yk_opt_luaE_freethread,948,true,false,false,false
__yk_opt_luaE_resetthread,949,true,false,false,false
__yk_opt_lua_closethread,950,true,false,false,false
__yk_opt_lua_resetthread,951,true,false,false,false
__yk_opt_close_state,952,true,false,false,false
__yk_opt_lua_close,953,true,false,false,false
__yk_opt_luaE_warning,954,true,false,false,false
__yk_opt_luaE_warnerror,955,true,false,false,false
__yk_opt_luaS_eqlngstr,956,true,false,false,false
__yk_opt_luaS_hash,957,true,false,false,false
__yk_opt_luaS_hashlongstr,958,true,false,false,false
__yk_opt_luaS_resize,959,true,false,false,false
__yk_opt_tablerehash,960,true,false,false,false
__yk_opt_luaS_clearcache,961,true,false,false,false
__yk_opt_luaS_init,962,true,false,false,false
__yk_opt_internshrstr,963,true,false,false,false
__yk_opt_luaS_newlstr,964,true,false,false,false
__yk_opt_luaS_createlngstrobj,965,true,false,false,false
__yk_opt_luaS_remove,966,true,false,false,false
__yk_opt_luaS_new,967,true,false,false,false
__yk_opt_luaS_newudata,968,true,false,false,false
__yk_opt_luaH_realasize,969,true,false,false,false
__yk_opt_luaH_next,970,true,false,false,false
__yk_opt_getgeneric,971,true,false,false,false
__yk_opt_mainpositionTV,972,true,false,false,false
__yk_opt_luaH_resize,973,true,false,false,false
__yk_opt_setnodevector_full,974,true,false,false,false
__yk_opt_luaH_getint,975,true,false,false,false
__yk_opt_luaH_newkey,976,true,false,false,false
__yk_opt_freehash,977,true,false,false,false
__yk_opt_luaH_get,978,true,false,false,false
__yk_opt_luaH_getshortstr,979,true,false,false,false
__yk_opt_rehash,980,true,false,false,false
__yk_opt_luaH_setint,981,true,false,false,false
__yk_opt_luaH_resizearray,982,true,false,false,false
__yk_opt_luaH_new,983,true,false,false,false
__yk_opt_luaH_free,984,true,false,false,false
__yk_opt_luaH_set,985,true,false,false,false
__yk_opt_luaH_getstr,986,true,false,false,false
__yk_opt_luaH_finishset,987,true,false,false,false
__yk_opt_luaH_getn,988,true,false,false,false
__yk_opt_luaT_init,989,true,false,false,false
__yk_opt_luaT_gettm,990,true,false,false,false
__yk_opt_luaT_gettmbyobj,991,true,false,false,false
__yk_opt_luaT_objtypename,992,true,false,false,false
__yk_opt_luaT_callTM,993,true,false,false,false
__yk_opt_luaT_callTMres,994,true,false,false,false
__yk_opt_luaT_trybinTM,995,true,false,false,false
__yk_opt_callbinTM,996,true,false,false,false
__yk_opt_luaT_tryconcatTM,997,true,false,false,false
__yk_opt_luaT_trybinassocTM,998,true,false,false,false
__yk_opt_luaT_trybiniTM,999,true,false,false,false
__yk_opt_luaT_callorderTM,1000,true,false,false,false
__yk_opt_luaT_callorderiTM,1001,true,false,false,false
__yk_opt_luaT_adjustvarargs,1002,true,false,false,false
__yk_opt_luaT_getvarargs,1003,true,false,false,false
__yk_opt_luaU_undump,1004,true,false,false,false
__yk_opt_error,1005,true,false,false,false
__yk_opt_loadFunction,1006,true,false,false,false
__yk_opt_loadStringN,1007,true,false,false,false
__yk_opt_luaV_tonumber_,1008,true,false,false,false
__yk_opt_luaV_flttointeger,1009,true,false,false,false
__yk_opt_luaV_tointegerns,1010,true,false,false,false
__yk_opt_luaV_tointeger,1011,true,false,false,false
__yk_opt_luaV_finishget,1012,true,false,false,false
__yk_opt_luaV_finishset,1013,true,false,false,false
__yk_opt_luaV_lessthan,1014,true,false,false,false
__yk_opt_luaV_lessequal,1015,true,false,false,false
__yk_opt_luaV_equalobj,1016,true,false,false,false
__yk_opt_luaV_concat,1017,true,false,false,false
__yk_opt_luaV_objlen,1018,true,false,false,false
__yk_opt_luaV_idiv,1019,true,false,false,false
__yk_opt_luaV_mod,1020,true,false,false,false
__yk_opt_luaV_modf,1021,true,false,false,false
__yk_opt_luaV_shiftl,1022,true,false,false,false
__yk_opt_luaV_finishOp,1023,true,false,false,false
__yk_opt_load_inst,1024,true,false,false,false
__yk_opt_luaZ_fill,1025,true,false,false,false
__yk_opt_luaZ_init,1026,true,false,false,false
__yk_opt_luaZ_read,1027,true,false,false,false
__yk_opt_luaL_traceback,1028,true,false,false,false
__yk_opt_prepbuffsize,1029,true,false,false,false
__yk_opt_pushglobalfuncname,1030,true,false,false,false
__yk_opt_findfield,1031,true,false,false,false
__yk_opt_luaL_error,1032,true,false,false,false
__yk_opt_luaL_newmetatable,1033,true,false,false,false
__yk_opt_luaL_setfuncs,1034,true,false,false,false
__yk_opt_luaL_buffinit,1035,true,false,false,false
__yk_opt_luaL_addstring,1036,true,false,false,false
__yk_opt_luaL_prepbuffsize,1037,true,false,false,false
__yk_opt_luaL_addvalue,1038,true,false,false,false
__yk_opt_luaL_pushresult,1039,true,false,false,false
__yk_opt_luaL_argerror,1040,true,false,false,false
__yk_opt_luaL_typeerror,1041,true,false,false,false
__yk_opt_luaL_getmetafield,1042,true,false,false,false
__yk_opt_luaL_where,1043,true,false,false,false
__yk_opt_luaL_fileresult,1044,true,false,false,false
__yk_opt_luaL_execresult,1045,true,false,false,false
__yk_opt_luaL_setmetatable,1046,true,false,false,false
__yk_opt_luaL_testudata,1047,true,false,false,false
__yk_opt_luaL_checkudata,1048,true,false,false,false
__yk_opt_luaL_checkoption,1049,true,false,false,false
__yk_opt_luaL_optlstring,1050,true,false,false,false
__yk_opt_luaL_checklstring,1051,true,false,false,false
__yk_opt_luaL_checkstack,1052,true,false,false,false
__yk_opt_luaL_checktype,1053,true,false,false,false
__yk_opt_luaL_checkany,1054,true,false,false,false
__yk_opt_luaL_checknumber,1055,true,false,false,false
__yk_opt_luaL_optnumber,1056,true,false,false,false
__yk_opt_luaL_checkinteger,1057,true,false,false,false
__yk_opt_interror,1058,true,false,false,false
__yk_opt_luaL_optinteger,1059,true,false,false,false
__yk_opt_luaL_addlstring,1060,true,false,false,false
__yk_opt_luaL_pushresultsize,1061,true,false,false,false
__yk_opt_luaL_buffinitsize,1062,true,false,false,false
__yk_opt_luaL_ref,1063,true,false,false,false
__yk_opt_luaL_unref,1064,true,false,false,false
__yk_opt_luaL_loadfilex,1065,true,false,false,false
__yk_opt_skipcomment,1066,true,false,false,false
__yk_opt_luaL_loadbufferx,1067,true,false,false,false
__yk_opt_luaL_loadstring,1068,true,false,false,false
__yk_opt_luaL_callmeta,1069,true,false,false,false
__yk_opt_luaL_len,1070,true,false,false,false
__yk_opt_luaL_tolstring,1071,true,false,false,false
__yk_opt_luaL_getsubtable,1072,true,false,false,false
__yk_opt_luaL_requiref,1073,true,false,false,false
__yk_opt_luaL_addgsub,1074,true,false,false,false
__yk_opt_luaL_gsub,1075,true,false,false,false
__yk_opt_luaL_newstate,1076,true,false,false,false
__yk_opt_luaL_checkversion_,1077,true,false,false,false
__yk_opt_luaL_openlibs,1078,true,false,false,false
__yk_opt_checktab,1079,true,false,false,false
__yk_opt_auxsort,1080,true,false,false,false
__yk_opt_sort_comp,1081,true,false,false,false
__yk_opt_partition,1082,true,false,false,false
__yk_opt_read_line,1083,true,false,false,false
__yk_opt_read_number,1084,true,false,false,false
__yk_opt_getdetails,1085,true,false,false,false
__yk_opt_unpackint,1086,true,false,false,false
__yk_opt_getoption,1087,true,false,false,false
__yk_opt_packint,1088,true,false,false,false
__yk_opt_match,1089,true,false,false,false
__yk_opt_push_onecapture,1090,true,false,false,false
__yk_opt_match_class,1091,true,false,false,false
__yk_opt_max_expand,1092,true,false,false,false
__yk_opt_min_expand,1093,true,false,false,false
__yk_opt_checkformat,1094,true,false,false,false
__yk_trace_basicblock_wrapper,1095,false,false,false,true
