function_name,basicblock_id,number_of_instructions,instructions
lua_checkstack,BB#0,23,"frame-setup PUSH64r killed $r15, implicit-def $rsp, implicit $rsp; frame-setup CFI_INSTRUCTION def_cfa_offset 16; frame-setup PUSH64r killed $r14, implicit-def $rsp, implicit $rsp; frame-setup CFI_INSTRUCTION def_cfa_offset 24; frame-setup PUSH64r killed $r12, implicit-def $rsp, implicit $rsp; frame-setup CFI_INSTRUCTION def_cfa_offset 32; frame-setup PUSH64r killed $rbx, implicit-def $rsp, implicit $rsp; frame-setup CFI_INSTRUCTION def_cfa_offset 40; frame-setup PUSH64r undef $rax, implicit-def $rsp, implicit $rsp; frame-setup CFI_INSTRUCTION def_cfa_offset 48; CFI_INSTRUCTION offset $rbx, -40; CFI_INSTRUCTION offset $r12, -32; CFI_INSTRUCTION offset $r14, -24; CFI_INSTRUCTION offset $r15, -16; renamable $rcx = MOV64rm $rdi, 1, $noreg, 16, $noreg :: (load (s64) from %ir.7, !tbaa !12); renamable $r15 = MOV64rm $rdi, 1, $noreg, 32, $noreg :: (load (s64) from %ir.3, !tbaa !3); renamable $rax = MOV64rm $rdi, 1, $noreg, 40, $noreg :: (load (s64) from %ir.5, !tbaa !12); renamable $rax = SUB64rr killed renamable $rax(tied-def 0), renamable $rcx, implicit-def dead $eflags; renamable $rax = exact SAR64ri killed renamable $rax(tied-def 0), 4, implicit-def dead $eflags; renamable $r12 = MOVSX64rr32 renamable $esi; renamable $ebx = MOV32ri 1; CMP64rr killed renamable $rax, renamable $r12, implicit-def $eflags; JCC_1 %bb.3, 15, implicit $eflags"
lua_checkstack,BB#1,6,"renamable $r14 = COPY $rdi; renamable $ebx = MOV32r0 implicit-def dead $eflags; $edx = MOV32r0 implicit-def dead $eflags; CALL64pcrel32 @luaD_growstack, <regmask $bh $bl $bp $bph $bpl $bx $ebp $ebx $hbp $hbx $rbp $rbx $r12 $r13 $r14 $r15 $r12b $r13b $r14b $r15b $r12bh $r13bh $r14bh $r15bh $r12d $r13d $r14d $r15d $r12w $r13w $r14w $r15w $r12wh and 3 more...>, implicit $rsp, implicit $ssp, implicit $rdi, implicit $esi, implicit killed $edx, implicit-def $rsp, implicit-def $ssp, implicit-def $eax; TEST32rr renamable $eax, renamable $eax, implicit-def $eflags; JCC_1 %bb.5, 4, implicit $eflags"
lua_checkstack,BB#2,2,"renamable $rcx = MOV64rm killed renamable $r14, 1, $noreg, 16, $noreg :: (load (s64) from %ir.19, !tbaa !12); renamable $ebx = COPY killed renamable $eax"
lua_checkstack,BB#3,4,"renamable $r12 = SHL64ri killed renamable $r12(tied-def 0), 4, implicit-def dead $eflags; renamable $r12 = ADD64rr killed renamable $r12(tied-def 0), killed renamable $rcx, implicit-def dead $eflags; CMP64mr renamable $r15, 1, $noreg, 8, $noreg, renamable $r12, implicit-def $eflags :: (load (s64) from %ir.24, !tbaa !12); JCC_1 %bb.5, 3, implicit $eflags"
lua_checkstack,BB#4,1,"MOV64mr killed renamable $r15, 1, $noreg, 8, $noreg, killed renamable $r12 :: (store (s64) into %ir.29, !tbaa !12)"
lua_checkstack,BB#5,12,"$eax = COPY killed renamable $ebx; $rsp = frame-destroy ADD64ri32 $rsp(tied-def 0), 8, implicit-def dead $eflags; frame-destroy CFI_INSTRUCTION def_cfa_offset 40; $rbx = frame-destroy POP64r implicit-def $rsp, implicit $rsp; frame-destroy CFI_INSTRUCTION def_cfa_offset 32; $r12 = frame-destroy POP64r implicit-def $rsp, implicit $rsp; frame-destroy CFI_INSTRUCTION def_cfa_offset 24; $r14 = frame-destroy POP64r implicit-def $rsp, implicit $rsp; frame-destroy CFI_INSTRUCTION def_cfa_offset 16; $r15 = frame-destroy POP64r implicit-def $rsp, implicit $rsp; frame-destroy CFI_INSTRUCTION def_cfa_offset 8; RET 0, $eax"
lua_xmove,BB#0,2,"CMP64rr renamable $rdi, renamable $rsi, implicit-def $eflags; JCC_1 %bb.8, 4, implicit $eflags"
lua_xmove,BB#1,6,"renamable $rax = MOVSX64rr32 renamable $edx; renamable $rcx = COPY renamable $rax; renamable $rcx = SHL64ri killed renamable $rcx(tied-def 0), 4, implicit-def dead $eflags; SUB64mr renamable $rdi, 1, $noreg, 16, $noreg, killed renamable $rcx, implicit-def dead $eflags :: (store (s64) into %ir.6, !tbaa !12), (load (s64) from %ir.6, !tbaa !12); TEST32rr renamable $eax, renamable $eax, implicit-def $eflags, implicit killed $rax; JCC_1 %bb.8, 14, implicit $eflags"
lua_xmove,BB#2,4,"renamable $eax = MOV32rr renamable $edx, implicit-def $rax; renamable $rcx = MOV64rm renamable $rsi, 1, $noreg, 16, $noreg :: (load (s64) from %ir.13, !tbaa !12); CMP32ri killed renamable $edx, 1, implicit-def $eflags; JCC_1 %bb.4, 5, implicit killed $eflags"
lua_xmove,BB#3,2,"renamable $edx = MOV32r0 implicit-def dead $eflags, implicit-def $rdx; JMP_1 %bb.6"
lua_xmove,BB#4,4,"renamable $r8d = COPY renamable $eax, implicit-def $r8; renamable $r8d = AND32ri renamable $r8d(tied-def 0), -2, implicit-def dead $eflags, implicit killed $r8, implicit-def $r8; renamable $r9d = MOV32r0 implicit-def dead $eflags, implicit-def $r9; renamable $edx = MOV32r0 implicit-def dead $eflags, implicit-def $rdx"
lua_xmove,BB#5,20,"renamable $r10 = MOV64rm renamable $rdi, 1, $noreg, 16, $noreg :: (load (s64) from %ir.23, !tbaa !12); renamable $r11 = MOV64rm renamable $r10, 1, renamable $r9, 0, $noreg :: (load (s64) from %ir.27); MOV64mr renamable $rcx, 1, $noreg, 0, $noreg, killed renamable $r11 :: (store (s64) into %ir.21); renamable $r10b = MOV8rm killed renamable $r10, 1, renamable $r9, 8, $noreg :: (load (s8) from %ir.26, align 8, !tbaa !13); MOV8mr killed renamable $rcx, 1, $noreg, 8, $noreg, killed renamable $r10b :: (store (s8) into %ir.30, align 8, !tbaa !13); renamable $rcx = MOV64rm renamable $rsi, 1, $noreg, 16, $noreg :: (load (s64) from %ir.31, !tbaa !12); renamable $r10 = LEA64r renamable $rcx, 1, $noreg, 16, $noreg; MOV64mr renamable $rsi, 1, $noreg, 16, $noreg, killed renamable $r10 :: (store (s64) into %ir.31, !tbaa !12); renamable $r10 = MOV64rm renamable $rdi, 1, $noreg, 16, $noreg :: (load (s64) from %ir.23, !tbaa !12); renamable $r11 = MOV64rm renamable $r10, 1, renamable $r9, 16, $noreg :: (load (s64) from %ir.37); MOV64mr renamable $rcx, 1, $noreg, 16, $noreg, killed renamable $r11 :: (store (s64) into %ir.33); renamable $r10b = MOV8rm killed renamable $r10, 1, renamable $r9, 24, $noreg :: (load (s8) from %ir.40, align 8, !tbaa !13); MOV8mr killed renamable $rcx, 1, $noreg, 24, $noreg, killed renamable $r10b :: (store (s8) into %ir.42, align 8, !tbaa !13); renamable $rcx = MOV64rm renamable $rsi, 1, $noreg, 16, $noreg :: (load (s64) from %ir.31, !tbaa !12); renamable $rcx = nuw ADD64ri32 killed renamable $rcx(tied-def 0), 16, implicit-def dead $eflags; MOV64mr renamable $rsi, 1, $noreg, 16, $noreg, renamable $rcx :: (store (s64) into %ir.31, !tbaa !12); renamable $rdx = nuw ADD64ri32 killed renamable $rdx(tied-def 0), 2, implicit-def dead $eflags; renamable $r9 = nuw ADD64ri32 killed renamable $r9(tied-def 0), 32, implicit-def dead $eflags; CMP64rr renamable $r8, renamable $rdx, implicit-def $eflags; JCC_1 %bb.5, 5, implicit killed $eflags"
lua_xmove,BB#6,2,"TEST8ri renamable $al, 1, implicit-def $eflags, implicit killed $rax; JCC_1 %bb.8, 4, implicit $eflags"
lua_xmove,BB#7,7,"renamable $rax = MOV64rm killed renamable $rdi, 1, $noreg, 16, $noreg :: (load (s64) from %ir.54, !tbaa !12); renamable $rdx = SHL64ri killed renamable $rdx(tied-def 0), 4, implicit-def dead $eflags; renamable $rdi = MOV64rm renamable $rax, 1, renamable $rdx, 0, $noreg :: (load (s64) from %ir.56); MOV64mr renamable $rcx, 1, $noreg, 0, $noreg, killed renamable $rdi :: (store (s64) into %ir.49); renamable $al = MOV8rm killed renamable $rax, 1, killed renamable $rdx, 8, $noreg :: (load (s8) from %ir.58, align 8, !tbaa !13); MOV8mr killed renamable $rcx, 1, $noreg, 8, $noreg, killed renamable $al :: (store (s8) into %ir.60, align 8, !tbaa !13); ADD64mi32 killed renamable $rsi, 1, $noreg, 16, $noreg, 16, implicit-def dead $eflags :: (store (s64) into %ir.61, !tbaa !12), (load (s64) from %ir.61, !tbaa !12)"
lua_xmove,BB#8,1,RET 0
lua_atpanic,BB#0,4,"renamable $rcx = MOV64rm killed renamable $rdi, 1, $noreg, 24, $noreg :: (load (s64) from %ir.3, !tbaa !17); renamable $rax = MOV64rm renamable $rcx, 1, $noreg, 256, $noreg :: (load (s64) from %ir.5, !tbaa !18); MOV64mr killed renamable $rcx, 1, $noreg, 256, $noreg, killed renamable $rsi :: (store (s64) into %ir.5, !tbaa !18); RET 0, $rax"
lua_version,BB#0,2,"renamable $xmm0 = MOVSDrm_alt $rip, 1, $noreg, %const.0, $noreg :: (load (s64) from constant-pool); RET 0, $xmm0"
lua_absindex,BB#0,4,"renamable $eax = COPY $esi, implicit-def $rax; renamable $ecx = LEA64_32r renamable $rax, 1, $noreg, -1, $noreg; CMP32ri killed renamable $ecx, -1001000, implicit-def $eflags; JCC_1 %bb.2, 2, implicit $eflags"
lua_absindex,BB#1,6,"renamable $rcx = MOV64rm renamable $rdi, 1, $noreg, 16, $noreg :: (load (s64) from %ir.6, !tbaa !12); renamable $rdx = MOV64rm killed renamable $rdi, 1, $noreg, 32, $noreg :: (load (s64) from %ir.8, !tbaa !3); renamable $rcx = SUB64rm killed renamable $rcx(tied-def 0), killed renamable $rdx, 1, $noreg, 0, $noreg, implicit-def dead $eflags :: (load (s64) from %ir.9, !tbaa !12); renamable $rcx = exact SHR64ri killed renamable $rcx(tied-def 0), 4, implicit-def dead $eflags; renamable $ecx = nsw ADD32rr renamable $ecx(tied-def 0), renamable $eax, implicit-def dead $eflags, implicit killed $rax, implicit killed $rcx, implicit-def $rcx; renamable $eax = COPY renamable $ecx, implicit killed $rcx, implicit-def $rax"
lua_absindex,BB#2,2,"$eax = KILL renamable $eax, implicit killed $rax; RET 0, $eax"
lua_gettop,BB#0,7,"renamable $rax = MOV64rm renamable $rdi, 1, $noreg, 16, $noreg :: (load (s64) from %ir.2, !tbaa !12); renamable $rcx = MOV64rm killed renamable $rdi, 1, $noreg, 32, $noreg :: (load (s64) from %ir.4, !tbaa !3); renamable $rax = SUB64rm killed renamable $rax(tied-def 0), killed renamable $rcx, 1, $noreg, 0, $noreg, implicit-def dead $eflags :: (load (s64) from %ir.5, !tbaa !12); renamable $rax = ADD64ri32 killed renamable $rax(tied-def 0), -16, implicit-def dead $eflags; renamable $rax = exact SHR64ri killed renamable $rax(tied-def 0), 4, implicit-def dead $eflags; $eax = KILL renamable $eax, implicit killed $rax; RET 0, $eax"
lua_settop,BB#0,5,"frame-setup PUSH64r killed $rbx, implicit-def $rsp, implicit $rsp; frame-setup CFI_INSTRUCTION def_cfa_offset 16; CFI_INSTRUCTION offset $rbx, -16; TEST32rr renamable $esi, renamable $esi, implicit-def $eflags; JCC_1 %bb.9, 8, implicit killed $eflags"
lua_settop,BB#1,10,"renamable $rax = MOV64rm renamable $rdi, 1, $noreg, 32, $noreg :: (load (s64) from %ir.5, !tbaa !3); renamable $edx = MOV32rr killed renamable $esi, implicit-def $rdx; renamable $rdx = SHL64ri killed renamable $rdx(tied-def 0), 4, implicit-def dead $eflags; renamable $rdx = ADD64rm killed renamable $rdx(tied-def 0), killed renamable $rax, 1, $noreg, 0, $noreg, implicit-def dead $eflags :: (load (s64) from %ir.6, !tbaa !12); renamable $rdx = SUB64rm killed renamable $rdx(tied-def 0), renamable $rdi, 1, $noreg, 16, $noreg, implicit-def dead $eflags :: (load (s64) from %ir.11, !tbaa !12); renamable $rdx = ADD64ri32 killed renamable $rdx(tied-def 0), 16, implicit-def dead $eflags; renamable $rcx = COPY renamable $rdx; renamable $rcx = exact SAR64ri killed renamable $rcx(tied-def 0), 4, implicit-def dead $eflags; TEST64rr killed renamable $rdx, renamable $rdx, implicit-def $eflags; JCC_1 %bb.5, 14, implicit $eflags"
lua_settop,BB#2,4,"TEST64rr renamable $rcx, renamable $rcx, implicit-def $eflags; renamable $rax = MOV32ri64 1; renamable $rax = CMOV64rr killed renamable $rax(tied-def 0), renamable $rcx, 14, implicit killed $eflags; renamable $rcx = nsw INC64r killed renamable $rcx(tied-def 0), implicit-def dead $eflags"
lua_settop,BB#3,7,"renamable $rdx = MOV64rm renamable $rdi, 1, $noreg, 16, $noreg :: (load (s64) from %ir.23, !tbaa !12); renamable $rsi = LEA64r renamable $rdx, 1, $noreg, 16, $noreg; MOV64mr renamable $rdi, 1, $noreg, 16, $noreg, killed renamable $rsi :: (store (s64) into %ir.23, !tbaa !12); MOV8mi killed renamable $rdx, 1, $noreg, 8, $noreg, 0 :: (store (s8) into %ir.26, align 8, !tbaa !12); renamable $rcx = nsw DEC64r killed renamable $rcx(tied-def 0), implicit-def dead $eflags; CMP64ri32 renamable $rcx, 1, implicit-def $eflags; JCC_1 %bb.3, 15, implicit killed $eflags"
lua_settop,BB#4,2,"renamable $rax = nsw DEC64r killed renamable $rax(tied-def 0), implicit-def dead $eflags; renamable $rcx = COPY killed renamable $rax"
lua_settop,BB#5,5,"renamable $rax = COPY renamable $rcx; renamable $rax = SHL64ri killed renamable $rax(tied-def 0), 4, implicit-def dead $eflags; renamable $rax = ADD64rm killed renamable $rax(tied-def 0), renamable $rdi, 1, $noreg, 16, $noreg, implicit-def dead $eflags :: (load (s64) from %ir.36, !tbaa !12); TEST64rr killed renamable $rcx, renamable $rcx, implicit-def $eflags; JCC_1 %bb.8, 9, implicit $eflags"
lua_settop,BB#6,2,"CMP64mr renamable $rdi, 1, $noreg, 64, $noreg, renamable $rax, implicit-def $eflags :: (load (s64) from %ir.41, !tbaa !12); JCC_1 %bb.8, 2, implicit $eflags"
lua_settop,BB#7,6,"renamable $rbx = COPY renamable $rdi; $rsi = COPY killed renamable $rax; $edx = MOV32ri -1; $ecx = MOV32r0 implicit-def dead $eflags; CALL64pcrel32 @luaF_close, <regmask $bh $bl $bp $bph $bpl $bx $ebp $ebx $hbp $hbx $rbp $rbx $r12 $r13 $r14 $r15 $r12b $r13b $r14b $r15b $r12bh $r13bh $r14bh $r15bh $r12d $r13d $r14d $r15d $r12w $r13w $r14w $r15w $r12wh and 3 more...>, implicit $rsp, implicit $ssp, implicit $rdi, implicit $rsi, implicit $edx, implicit $ecx, implicit-def $rsp, implicit-def $ssp, implicit-def $rax; renamable $rdi = COPY killed renamable $rbx"
lua_settop,BB#8,4,"MOV64mr killed renamable $rdi, 1, $noreg, 16, $noreg, killed renamable $rax :: (store (s64) into %ir.48, !tbaa !12); $rbx = frame-destroy POP64r implicit-def $rsp, implicit $rsp; frame-destroy CFI_INSTRUCTION def_cfa_offset 8; RET 0"
lua_settop,BB#9,3,"renamable $esi = nsw INC32r killed renamable $esi(tied-def 0), implicit-def dead $eflags; renamable $rcx = MOVSX64rr32 killed renamable $esi; JMP_1 %bb.5"
lua_closeslot,BB#0,2,"TEST32rr renamable $esi, renamable $esi, implicit-def $eflags; JCC_1 %bb.2, 14, implicit killed $eflags"
lua_closeslot,BB#1,5,"renamable $rax = MOV64rm renamable $rdi, 1, $noreg, 32, $noreg :: (load (s64) from %ir.5, !tbaa !3); renamable $esi = MOV32rr killed renamable $esi, implicit-def $rsi; renamable $rsi = SHL64ri killed renamable $rsi(tied-def 0), 4, implicit-def dead $eflags; renamable $rsi = ADD64rm killed renamable $rsi(tied-def 0), killed renamable $rax, 1, $noreg, 0, $noreg, implicit-def dead $eflags :: (load (s64) from %ir.6, !tbaa !12); JMP_1 %bb.3"
lua_closeslot,BB#2,3,"renamable $rsi = MOVSX64rr32 killed renamable $esi; renamable $rsi = SHL64ri killed renamable $rsi(tied-def 0), 4, implicit-def dead $eflags; renamable $rsi = ADD64rm killed renamable $rsi(tied-def 0), renamable $rdi, 1, $noreg, 16, $noreg, implicit-def dead $eflags :: (load (s64) from %ir.11, !tbaa !12)"
lua_closeslot,BB#3,9,"frame-setup PUSH64r undef $rax, implicit-def $rsp, implicit $rsp; frame-setup CFI_INSTRUCTION def_cfa_offset 16; $edx = MOV32ri -1; $ecx = MOV32r0 implicit-def dead $eflags; CALL64pcrel32 @luaF_close, <regmask $bh $bl $bp $bph $bpl $bx $ebp $ebx $hbp $hbx $rbp $rbx $r12 $r13 $r14 $r15 $r12b $r13b $r14b $r15b $r12bh $r13bh $r14bh $r15bh $r12d $r13d $r14d $r15d $r12w $r13w $r14w $r15w $r12wh and 3 more...>, implicit $rsp, implicit $ssp, implicit $rdi, implicit $rsi, implicit killed $edx, implicit killed $ecx, implicit-def $rsp, implicit-def $ssp, implicit-def $rax; MOV8mi killed renamable $rax, 1, $noreg, 8, $noreg, 0 :: (store (s8) into %ir.18, align 8, !tbaa !12); $rax = frame-destroy POP64r implicit-def $rsp, implicit $rsp; frame-destroy CFI_INSTRUCTION def_cfa_offset 8; RET 0"
lua_rotate,BB#0,3,"renamable $rax = MOV64rm renamable $rdi, 1, $noreg, 16, $noreg :: (load (s64) from %ir.4, !tbaa !12); TEST32rr renamable $esi, renamable $esi, implicit-def $eflags; JCC_1 %bb.2, 14, implicit killed $eflags"
lua_rotate,BB#1,5,"renamable $rdi = MOV64rm killed renamable $rdi, 1, $noreg, 32, $noreg :: (load (s64) from %ir.9, !tbaa !3); renamable $ecx = MOV32rr killed renamable $esi, implicit-def $rcx; renamable $rcx = SHL64ri killed renamable $rcx(tied-def 0), 4, implicit-def dead $eflags; renamable $rcx = ADD64rm killed renamable $rcx(tied-def 0), killed renamable $rdi, 1, $noreg, 0, $noreg, implicit-def dead $eflags :: (load (s64) from %ir.10, !tbaa !12); JMP_1 %bb.3"
lua_rotate,BB#2,3,"renamable $rcx = MOVSX64rr32 killed renamable $esi; renamable $rcx = SHL64ri killed renamable $rcx(tied-def 0), 4, implicit-def dead $eflags; renamable $rcx = ADD64rr killed renamable $rcx(tied-def 0), renamable $rax, implicit-def dead $eflags"
lua_rotate,BB#3,3,"renamable $rax = ADD64ri32 killed renamable $rax(tied-def 0), -16, implicit-def dead $eflags; TEST32rr renamable $edx, renamable $edx, implicit-def $eflags; JCC_1 %bb.5, 8, implicit killed $eflags"
lua_rotate,BB#4,5,"renamable $esi = MOV32rr killed renamable $edx, implicit-def $rsi; renamable $rsi = SHL64ri killed renamable $rsi(tied-def 0), 4, implicit-def dead $eflags; renamable $rdx = COPY renamable $rax; renamable $rdx = SUB64rr killed renamable $rdx(tied-def 0), killed renamable $rsi, implicit-def dead $eflags; JMP_1 %bb.6"
lua_rotate,BB#5,5,"renamable $rsi = MOVSX64rr32 killed renamable $edx; renamable $rsi = SHL64ri killed renamable $rsi(tied-def 0), 4, implicit-def dead $eflags; renamable $rdx = COPY renamable $rcx; renamable $rdx = SUB64rr killed renamable $rdx(tied-def 0), killed renamable $rsi, implicit-def dead $eflags; renamable $rdx = ADD64ri32 killed renamable $rdx(tied-def 0), -16, implicit-def dead $eflags"
lua_rotate,BB#6,2,"CMP64rr renamable $rcx, renamable $rdx, implicit-def $eflags; JCC_1 %bb.9, 3, implicit $eflags"
lua_rotate,BB#7,2,renamable $rsi = COPY renamable $rcx; renamable $rdi = COPY renamable $rdx
lua_rotate,BB#8,12,"renamable $r8 = MOV64rm renamable $rsi, 1, $noreg, 0, $noreg :: (load (s64) from %ir.34); renamable $r9b = MOV8rm renamable $rsi, 1, $noreg, 8, $noreg :: (load (s8) from %ir.37, align 8, !tbaa !13); renamable $r10 = MOV64rm renamable $rdi, 1, $noreg, 0, $noreg :: (load (s64) from %ir.35); MOV64mr renamable $rsi, 1, $noreg, 0, $noreg, killed renamable $r10 :: (store (s64) into %ir.34); renamable $r10b = MOV8rm renamable $rdi, 1, $noreg, 8, $noreg :: (load (s8) from %ir.40, align 8, !tbaa !13); MOV8mr renamable $rsi, 1, $noreg, 8, $noreg, killed renamable $r10b :: (store (s8) into %ir.37, align 8, !tbaa !13); MOV64mr renamable $rdi, 1, $noreg, 0, $noreg, killed renamable $r8 :: (store (s64) into %ir.35); MOV8mr renamable $rdi, 1, $noreg, 8, $noreg, killed renamable $r9b :: (store (s8) into %ir.40, align 8, !tbaa !13); renamable $rsi = ADD64ri32 killed renamable $rsi(tied-def 0), 16, implicit-def dead $eflags; renamable $rdi = ADD64ri32 killed renamable $rdi(tied-def 0), -16, implicit-def dead $eflags; CMP64rr renamable $rsi, renamable $rdi, implicit-def $eflags; JCC_1 %bb.8, 2, implicit killed $eflags"
lua_rotate,BB#9,3,"renamable $rdx = nuw ADD64ri32 killed renamable $rdx(tied-def 0), 16, implicit-def dead $eflags; CMP64rr renamable $rdx, renamable $rax, implicit-def $eflags; JCC_1 %bb.13, 3, implicit $eflags"
lua_rotate,BB#10,1,renamable $rsi = COPY renamable $rax
lua_rotate,BB#11,13,"renamable $rdi = MOV64rm renamable $rdx, 1, $noreg, 0, $noreg :: (load (s64) from %ir.50); renamable $r8b = MOV8rm renamable $rdx, 1, $noreg, 8, $noreg :: (load (s8) from %ir.53, align 8, !tbaa !13); renamable $r9 = MOV64rm renamable $rsi, 1, $noreg, 0, $noreg :: (load (s64) from %ir.51); MOV64mr renamable $rdx, 1, $noreg, 0, $noreg, killed renamable $r9 :: (store (s64) into %ir.50); renamable $r9b = MOV8rm renamable $rsi, 1, $noreg, 8, $noreg :: (load (s8) from %ir.56, align 8, !tbaa !13); MOV8mr renamable $rdx, 1, $noreg, 8, $noreg, killed renamable $r9b :: (store (s8) into %ir.53, align 8, !tbaa !13); MOV64mr renamable $rsi, 1, $noreg, 0, $noreg, killed renamable $rdi :: (store (s64) into %ir.51); MOV8mr renamable $rsi, 1, $noreg, 8, $noreg, killed renamable $r8b :: (store (s8) into %ir.56, align 8, !tbaa !13); renamable $rdx = ADD64ri32 killed renamable $rdx(tied-def 0), 16, implicit-def dead $eflags; renamable $rsi = ADD64ri32 killed renamable $rsi(tied-def 0), -16, implicit-def dead $eflags; CMP64rr renamable $rdx, renamable $rsi, implicit-def $eflags; JCC_1 %bb.11, 2, implicit $eflags; JMP_1 %bb.13"
lua_rotate,BB#12,10,"renamable $rdx = MOV64rm renamable $rcx, 1, $noreg, 0, $noreg :: (load (s64) from %ir.65); renamable $sil = MOV8rm renamable $rcx, 1, $noreg, 8, $noreg :: (load (s8) from %ir.68, align 8, !tbaa !13); renamable $rdi = MOV64rm renamable $rax, 1, $noreg, 0, $noreg :: (load (s64) from %ir.66); MOV64mr renamable $rcx, 1, $noreg, 0, $noreg, killed renamable $rdi :: (store (s64) into %ir.65); renamable $dil = MOV8rm renamable $rax, 1, $noreg, 8, $noreg :: (load (s8) from %ir.71, align 8, !tbaa !13); MOV8mr renamable $rcx, 1, $noreg, 8, $noreg, killed renamable $dil :: (store (s8) into %ir.68, align 8, !tbaa !13); MOV64mr renamable $rax, 1, $noreg, 0, $noreg, killed renamable $rdx :: (store (s64) into %ir.66); MOV8mr renamable $rax, 1, $noreg, 8, $noreg, killed renamable $sil :: (store (s8) into %ir.71, align 8, !tbaa !13); renamable $rcx = ADD64ri32 killed renamable $rcx(tied-def 0), 16, implicit-def dead $eflags; renamable $rax = ADD64ri32 killed renamable $rax(tied-def 0), -16, implicit-def dead $eflags"
lua_rotate,BB#13,2,"CMP64rr renamable $rcx, renamable $rax, implicit-def $eflags; JCC_1 %bb.12, 2, implicit killed $eflags"
lua_rotate,BB#14,1,RET 0
lua_copy,BB#0,3,"renamable $rcx = MOV64rm renamable $rdi, 1, $noreg, 32, $noreg :: (load (s64) from %ir.4, !tbaa !3); TEST32rr renamable $esi, renamable $esi, implicit-def $eflags; JCC_1 %bb.3, 14, implicit killed $eflags"
lua_copy,BB#1,5,"renamable $eax = MOV32rr killed renamable $esi, implicit-def $rax; renamable $rax = SHL64ri killed renamable $rax(tied-def 0), 4, implicit-def dead $eflags; renamable $rax = ADD64rm killed renamable $rax(tied-def 0), renamable $rcx, 1, $noreg, 0, $noreg, implicit-def dead $eflags :: (load (s64) from %ir.5, !tbaa !12); CMP64rm renamable $rax, renamable $rdi, 1, $noreg, 16, $noreg, implicit-def $eflags :: (load (s64) from %ir.11, !tbaa !12); JCC_1 %bb.10, 2, implicit $eflags"
lua_copy,BB#2,3,"renamable $rax = MOV64rm renamable $rdi, 1, $noreg, 24, $noreg :: (load (s64) from %ir.52, !tbaa !17), (load (s64) from %ir.48, !tbaa !17), (load (s64) from %ir.15, !tbaa !17); renamable $rax = nuw ADD64ri32 killed renamable $rax(tied-def 0), 80, implicit-def dead $eflags; JMP_1 %bb.10"
lua_copy,BB#3,2,"CMP32ri renamable $esi, -1000999, implicit-def $eflags; JCC_1 %bb.5, 12, implicit killed $eflags"
lua_copy,BB#4,4,"renamable $rax = MOVSX64rr32 killed renamable $esi; renamable $rax = SHL64ri killed renamable $rax(tied-def 0), 4, implicit-def dead $eflags; renamable $rax = ADD64rm killed renamable $rax(tied-def 0), renamable $rdi, 1, $noreg, 16, $noreg, implicit-def dead $eflags :: (load (s64) from %ir.21, !tbaa !12); JMP_1 %bb.10"
lua_copy,BB#5,2,"CMP32ri renamable $esi, -1001000, implicit-def $eflags; JCC_1 %bb.7, 5, implicit killed $eflags"
lua_copy,BB#6,3,"renamable $rax = MOV64rm renamable $rdi, 1, $noreg, 24, $noreg :: (load (s64) from %ir.28, !tbaa !17); renamable $rax = nuw ADD64ri32 killed renamable $rax(tied-def 0), 64, implicit-def dead $eflags; JMP_1 %bb.10"
lua_copy,BB#7,3,"renamable $rax = MOV64rm renamable $rcx, 1, $noreg, 0, $noreg :: (load (s64) from %ir.5, !tbaa !12); CMP8mi renamable $rax, 1, $noreg, 8, $noreg, 102, implicit-def $eflags :: (load (s8) from %ir.33, align 8, !tbaa !12); JCC_1 %bb.2, 5, implicit $eflags"
lua_copy,BB#8,6,"renamable $r8d = MOV32ri -1001000; renamable $r8d = nuw nsw SUB32rr killed renamable $r8d(tied-def 0), renamable $esi, implicit-def dead $eflags; renamable $rax = MOV64rm killed renamable $rax, 1, $noreg, 0, $noreg :: (load (s64) from %ir.32, !tbaa !12); renamable $r9d = MOVZX32rm8 renamable $rax, 1, $noreg, 10, $noreg :: (load (s8) from %ir.39, align 2, !tbaa !29); CMP32rr killed renamable $r8d, killed renamable $r9d, implicit-def $eflags; JCC_1 %bb.2, 7, implicit $eflags"
lua_copy,BB#9,4,"renamable $r8d = MOV32ri -1001001, implicit-def $r8; renamable $r8d = nuw nsw SUB32rr renamable $r8d(tied-def 0), killed renamable $esi, implicit-def dead $eflags, implicit killed $r8, implicit-def $r8; renamable $r8 = SHL64ri killed renamable $r8(tied-def 0), 4, implicit-def dead $eflags; renamable $rax = LEA64r killed renamable $rax, 1, killed renamable $r8, 32, $noreg"
lua_copy,BB#10,2,"TEST32rr renamable $edx, renamable $edx, implicit-def $eflags; JCC_1 %bb.13, 14, implicit killed $eflags"
lua_copy,BB#11,5,"renamable $edx = MOV32rr killed renamable $edx, implicit-def $rdx; renamable $rdx = SHL64ri killed renamable $rdx(tied-def 0), 4, implicit-def dead $eflags; renamable $rdx = ADD64rm killed renamable $rdx(tied-def 0), killed renamable $rcx, 1, $noreg, 0, $noreg, implicit-def dead $eflags :: (load (s64) from %ir.5, !tbaa !12); CMP64rm renamable $rdx, renamable $rdi, 1, $noreg, 16, $noreg, implicit-def $eflags :: (load (s64) from %ir.62, !tbaa !12); JCC_1 %bb.15, 2, implicit $eflags"
lua_copy,BB#12,3,"renamable $rdx = MOV64rm killed renamable $rdi, 1, $noreg, 24, $noreg :: (load (s64) from %ir.66, !tbaa !17); renamable $rdx = nuw ADD64ri32 killed renamable $rdx(tied-def 0), 80, implicit-def dead $eflags; JMP_1 %bb.15"
lua_copy,BB#13,2,"CMP32ri renamable $edx, -1000999, implicit-def $eflags; JCC_1 %bb.16, 12, implicit killed $eflags"
lua_copy,BB#14,3,"renamable $rdx = MOVSX64rr32 killed renamable $edx; renamable $rdx = SHL64ri killed renamable $rdx(tied-def 0), 4, implicit-def dead $eflags; renamable $rdx = ADD64rm killed renamable $rdx(tied-def 0), killed renamable $rdi, 1, $noreg, 16, $noreg, implicit-def dead $eflags :: (load (s64) from %ir.72, !tbaa !12)"
lua_copy,BB#15,5,"renamable $rcx = MOV64rm renamable $rax, 1, $noreg, 0, $noreg :: (load (s64) from %ir.56); MOV64mr renamable $rdx, 1, $noreg, 0, $noreg, killed renamable $rcx :: (store (s64) into %ir.107); renamable $al = MOV8rm killed renamable $rax, 1, $noreg, 8, $noreg :: (load (s8) from %ir.109, align 8, !tbaa !13); MOV8mr killed renamable $rdx, 1, $noreg, 8, $noreg, killed renamable $al :: (store (s8) into %ir.111, align 8, !tbaa !13); RET 0"
lua_copy,BB#16,2,"CMP32ri renamable $edx, -1001000, implicit-def $eflags; JCC_1 %bb.18, 5, implicit killed $eflags"
lua_copy,BB#17,3,"renamable $rdx = MOV64rm killed renamable $rdi, 1, $noreg, 24, $noreg :: (load (s64) from %ir.79, !tbaa !17); renamable $rdx = nuw ADD64ri32 killed renamable $rdx(tied-def 0), 64, implicit-def dead $eflags; JMP_1 %bb.15"
lua_copy,BB#18,3,"renamable $rcx = MOV64rm killed renamable $rcx, 1, $noreg, 0, $noreg :: (load (s64) from %ir.5, !tbaa !12); CMP8mi renamable $rcx, 1, $noreg, 8, $noreg, 102, implicit-def $eflags :: (load (s8) from %ir.84, align 8, !tbaa !12); JCC_1 %bb.21, 5, implicit $eflags"
lua_copy,BB#19,6,"renamable $esi = MOV32ri -1001000; renamable $esi = nuw nsw SUB32rr killed renamable $esi(tied-def 0), renamable $edx, implicit-def dead $eflags; renamable $rcx = MOV64rm killed renamable $rcx, 1, $noreg, 0, $noreg :: (load (s64) from %ir.83, !tbaa !12); renamable $r8d = MOVZX32rm8 renamable $rcx, 1, $noreg, 10, $noreg :: (load (s8) from %ir.90, align 2, !tbaa !29); CMP32rr killed renamable $esi, killed renamable $r8d, implicit-def $eflags; JCC_1 %bb.21, 7, implicit $eflags"
lua_copy,BB#20,5,"renamable $esi = MOV32ri -1001001, implicit-def $rsi; renamable $esi = nuw nsw SUB32rr renamable $esi(tied-def 0), killed renamable $edx, implicit-def dead $eflags, implicit killed $rsi, implicit-def $rsi; renamable $rsi = SHL64ri killed renamable $rsi(tied-def 0), 4, implicit-def dead $eflags; renamable $rcx = LEA64r killed renamable $rcx, 1, killed renamable $rsi, 32, $noreg; JMP_1 %bb.22"
lua_copy,BB#21,2,"renamable $rcx = MOV64rm renamable $rdi, 1, $noreg, 24, $noreg :: (load (s64) from %ir.103, !tbaa !17), (load (s64) from %ir.99, !tbaa !17); renamable $rcx = nuw ADD64ri32 killed renamable $rcx(tied-def 0), 80, implicit-def dead $eflags"
lua_copy,BB#22,6,"renamable $rdx = MOV64rm renamable $rax, 1, $noreg, 0, $noreg :: (load (s64) from %ir.56); MOV64mr renamable $rcx, 1, $noreg, 0, $noreg, killed renamable $rdx :: (store (s64) into %ir.113); renamable $dl = MOV8rm renamable $rax, 1, $noreg, 8, $noreg :: (load (s8) from %ir.115, align 8, !tbaa !13); MOV8mr killed renamable $rcx, 1, $noreg, 8, $noreg, renamable $dl :: (store (s8) into %ir.117, align 8, !tbaa !13); TEST8ri killed renamable $dl, 64, implicit-def $eflags; JCC_1 %bb.25, 4, implicit $eflags"
lua_copy,BB#23,5,"renamable $rcx = MOV64rm renamable $rdi, 1, $noreg, 32, $noreg :: (load (s64) from %ir.121, !tbaa !3); renamable $rcx = MOV64rm killed renamable $rcx, 1, $noreg, 0, $noreg :: (load (s64) from %ir.122, !tbaa !12); renamable $rsi = MOV64rm killed renamable $rcx, 1, $noreg, 0, $noreg :: (load (s64) from %ir.123, !tbaa !12); TEST8mi renamable $rsi, 1, $noreg, 9, $noreg, 32, implicit-def $eflags :: (load (s8) from %ir.125, !tbaa !12); JCC_1 %bb.25, 4, implicit $eflags"
lua_copy,BB#24,3,"renamable $rdx = MOV64rm killed renamable $rax, 1, $noreg, 0, $noreg :: (load (s64) from %ir.56, !tbaa !12); TEST8mi renamable $rdx, 1, $noreg, 9, $noreg, 24, implicit-def $eflags :: (load (s8) from %ir.131, !tbaa !31); TCRETURNdi64cc @luaC_barrier_, 0, 5, <regmask $bh $bl $bp $bph $bpl $bx $ebp $ebx $hbp $hbx $rbp $rbx $r12 $r13 $r14 $r15 $r12b $r13b $r14b $r15b $r12bh $r13bh $r14bh $r15bh $r12d $r13d $r14d $r15d $r12w $r13w $r14w $r15w $r12wh and 3 more...>, implicit $rsp, implicit $eflags, implicit $ssp, implicit $rsp, implicit $ssp, implicit $rdi, implicit $rsi, implicit $rdx, implicit $rdi, implicit-def $rdi, implicit $hsi, implicit-def $hsi, implicit $sih, implicit-def $sih, implicit $sil, implicit-def $sil, implicit $si, implicit-def $si, implicit $esi, implicit-def $esi, implicit $rsi, implicit-def $rsi, implicit $hdx, implicit-def $hdx, implicit $dh, implicit-def $dh, implicit $dl, implicit-def $dl, implicit $dx, implicit-def $dx, implicit $edx, implicit-def $edx, implicit $rdx, implicit-def $rdx, implicit $hdi, implicit-def $hdi, implicit $dih, implicit-def $dih, implicit $dil, implicit-def $dil, implicit $di, implicit-def $di, implicit $edi, implicit-def $edi"
lua_copy,BB#25,1,RET 0
lua_pushvalue,BB#0,4,"renamable $rax = MOV64rm renamable $rdi, 1, $noreg, 16, $noreg :: (load (s64) from %ir.3, !tbaa !12); renamable $rdx = MOV64rm renamable $rdi, 1, $noreg, 32, $noreg :: (load (s64) from %ir.5, !tbaa !3); TEST32rr renamable $esi, renamable $esi, implicit-def $eflags; JCC_1 %bb.3, 14, implicit killed $eflags"
lua_pushvalue,BB#1,5,"renamable $ecx = MOV32rr killed renamable $esi, implicit-def $rcx; renamable $rcx = SHL64ri killed renamable $rcx(tied-def 0), 4, implicit-def dead $eflags; renamable $rcx = ADD64rm killed renamable $rcx(tied-def 0), killed renamable $rdx, 1, $noreg, 0, $noreg, implicit-def dead $eflags :: (load (s64) from %ir.6, !tbaa !12); CMP64rr renamable $rcx, renamable $rax, implicit-def $eflags; JCC_1 %bb.10, 2, implicit $eflags"
lua_pushvalue,BB#2,3,"renamable $rcx = MOV64rm renamable $rdi, 1, $noreg, 24, $noreg :: (load (s64) from %ir.49, !tbaa !17), (load (s64) from %ir.45, !tbaa !17), (load (s64) from %ir.14, !tbaa !17); renamable $rcx = nuw ADD64ri32 killed renamable $rcx(tied-def 0), 80, implicit-def dead $eflags; JMP_1 %bb.10"
lua_pushvalue,BB#3,2,"CMP32ri renamable $esi, -1000999, implicit-def $eflags; JCC_1 %bb.5, 12, implicit killed $eflags"
lua_pushvalue,BB#4,4,"renamable $rcx = MOVSX64rr32 killed renamable $esi; renamable $rcx = SHL64ri killed renamable $rcx(tied-def 0), 4, implicit-def dead $eflags; renamable $rcx = ADD64rr killed renamable $rcx(tied-def 0), renamable $rax, implicit-def dead $eflags; JMP_1 %bb.10"
lua_pushvalue,BB#5,2,"CMP32ri renamable $esi, -1001000, implicit-def $eflags; JCC_1 %bb.7, 5, implicit killed $eflags"
lua_pushvalue,BB#6,3,"renamable $rcx = MOV64rm renamable $rdi, 1, $noreg, 24, $noreg :: (load (s64) from %ir.25, !tbaa !17); renamable $rcx = nuw ADD64ri32 killed renamable $rcx(tied-def 0), 64, implicit-def dead $eflags; JMP_1 %bb.10"
lua_pushvalue,BB#7,3,"renamable $rcx = MOV64rm killed renamable $rdx, 1, $noreg, 0, $noreg :: (load (s64) from %ir.6, !tbaa !12); CMP8mi renamable $rcx, 1, $noreg, 8, $noreg, 102, implicit-def $eflags :: (load (s8) from %ir.30, align 8, !tbaa !12); JCC_1 %bb.2, 5, implicit $eflags"
lua_pushvalue,BB#8,6,"renamable $edx = MOV32ri -1001000; renamable $edx = nuw nsw SUB32rr killed renamable $edx(tied-def 0), renamable $esi, implicit-def dead $eflags; renamable $rcx = MOV64rm killed renamable $rcx, 1, $noreg, 0, $noreg :: (load (s64) from %ir.29, !tbaa !12); renamable $r8d = MOVZX32rm8 renamable $rcx, 1, $noreg, 10, $noreg :: (load (s8) from %ir.36, align 2, !tbaa !29); CMP32rr killed renamable $edx, killed renamable $r8d, implicit-def $eflags; JCC_1 %bb.2, 7, implicit $eflags"
lua_pushvalue,BB#9,4,"renamable $edx = MOV32ri -1001001, implicit-def $rdx; renamable $edx = nuw nsw SUB32rr renamable $edx(tied-def 0), killed renamable $esi, implicit-def dead $eflags, implicit killed $rdx, implicit-def $rdx; renamable $rdx = SHL64ri killed renamable $rdx(tied-def 0), 4, implicit-def dead $eflags; renamable $rcx = LEA64r killed renamable $rcx, 1, killed renamable $rdx, 32, $noreg"
lua_pushvalue,BB#10,6,"renamable $rdx = MOV64rm renamable $rcx, 1, $noreg, 0, $noreg :: (load (s64) from %ir.53); MOV64mr renamable $rax, 1, $noreg, 0, $noreg, killed renamable $rdx :: (store (s64) into %ir.4); renamable $cl = MOV8rm killed renamable $rcx, 1, $noreg, 8, $noreg :: (load (s8) from %ir.55, align 8, !tbaa !13); MOV8mr killed renamable $rax, 1, $noreg, 8, $noreg, killed renamable $cl :: (store (s8) into %ir.57, align 8, !tbaa !13); ADD64mi32 killed renamable $rdi, 1, $noreg, 16, $noreg, 16, implicit-def dead $eflags :: (store (s64) into %ir.58, !tbaa !12), (load (s64) from %ir.58, !tbaa !12); RET 0"
lua_type,BB#0,3,"renamable $rax = MOV64rm renamable $rdi, 1, $noreg, 32, $noreg :: (load (s64) from %ir.3, !tbaa !3); TEST32rr renamable $esi, renamable $esi, implicit-def $eflags; JCC_1 %bb.3, 14, implicit killed $eflags"
lua_type,BB#1,5,"renamable $ecx = MOV32rr killed renamable $esi, implicit-def $rcx; renamable $rcx = SHL64ri killed renamable $rcx(tied-def 0), 4, implicit-def dead $eflags; renamable $rcx = ADD64rm killed renamable $rcx(tied-def 0), killed renamable $rax, 1, $noreg, 0, $noreg, implicit-def dead $eflags :: (load (s64) from %ir.4, !tbaa !12); CMP64rm renamable $rcx, renamable $rdi, 1, $noreg, 16, $noreg, implicit-def $eflags :: (load (s64) from %ir.10, !tbaa !12); JCC_1 %bb.10, 2, implicit $eflags"
lua_type,BB#2,3,"renamable $rcx = MOV64rm renamable $rdi, 1, $noreg, 24, $noreg :: (load (s64) from %ir.51, !tbaa !17), (load (s64) from %ir.47, !tbaa !17), (load (s64) from %ir.14, !tbaa !17); renamable $rcx = nuw ADD64ri32 killed renamable $rcx(tied-def 0), 80, implicit-def dead $eflags; JMP_1 %bb.10"
lua_type,BB#3,2,"CMP32ri renamable $esi, -1000999, implicit-def $eflags; JCC_1 %bb.5, 12, implicit killed $eflags"
lua_type,BB#4,4,"renamable $rcx = MOVSX64rr32 killed renamable $esi; renamable $rcx = SHL64ri killed renamable $rcx(tied-def 0), 4, implicit-def dead $eflags; renamable $rcx = ADD64rm killed renamable $rcx(tied-def 0), renamable $rdi, 1, $noreg, 16, $noreg, implicit-def dead $eflags :: (load (s64) from %ir.20, !tbaa !12); JMP_1 %bb.10"
lua_type,BB#5,2,"CMP32ri renamable $esi, -1001000, implicit-def $eflags; JCC_1 %bb.7, 5, implicit killed $eflags"
lua_type,BB#6,3,"renamable $rcx = MOV64rm renamable $rdi, 1, $noreg, 24, $noreg :: (load (s64) from %ir.27, !tbaa !17); renamable $rcx = nuw ADD64ri32 killed renamable $rcx(tied-def 0), 64, implicit-def dead $eflags; JMP_1 %bb.10"
lua_type,BB#7,3,"renamable $rax = MOV64rm killed renamable $rax, 1, $noreg, 0, $noreg :: (load (s64) from %ir.4, !tbaa !12); CMP8mi renamable $rax, 1, $noreg, 8, $noreg, 102, implicit-def $eflags :: (load (s8) from %ir.32, align 8, !tbaa !12); JCC_1 %bb.2, 5, implicit $eflags"
lua_type,BB#8,6,"renamable $ecx = MOV32ri -1001000; renamable $ecx = nuw nsw SUB32rr killed renamable $ecx(tied-def 0), renamable $esi, implicit-def dead $eflags; renamable $rax = MOV64rm killed renamable $rax, 1, $noreg, 0, $noreg :: (load (s64) from %ir.31, !tbaa !12); renamable $edx = MOVZX32rm8 renamable $rax, 1, $noreg, 10, $noreg :: (load (s8) from %ir.38, align 2, !tbaa !29); CMP32rr killed renamable $ecx, killed renamable $edx, implicit-def $eflags; JCC_1 %bb.2, 7, implicit $eflags"
lua_type,BB#9,4,"renamable $ecx = MOV32ri -1001001, implicit-def $rcx; renamable $ecx = nuw nsw SUB32rr renamable $ecx(tied-def 0), killed renamable $esi, implicit-def dead $eflags, implicit killed $rcx, implicit-def $rcx; renamable $rcx = SHL64ri killed renamable $rcx(tied-def 0), 4, implicit-def dead $eflags; renamable $rcx = LEA64r killed renamable $rax, 1, killed renamable $rcx, 32, $noreg"
lua_type,BB#10,3,"renamable $eax = MOVZX32rm8 renamable $rcx, 1, $noreg, 8, $noreg :: (load (s8) from %ir.56, align 8, !tbaa !13); renamable $eax = AND32ri killed renamable $eax(tied-def 0), 15, implicit-def $eflags; JCC_1 %bb.13, 5, implicit $eflags"
lua_type,BB#11,4,"renamable $rdx = MOV64rm killed renamable $rdi, 1, $noreg, 24, $noreg :: (load (s64) from %ir.63, !tbaa !17); renamable $rdx = nuw ADD64ri32 killed renamable $rdx(tied-def 0), 80, implicit-def dead $eflags; CMP64rr killed renamable $rcx, killed renamable $rdx, implicit-def $eflags; JCC_1 %bb.13, 5, implicit $eflags"
lua_type,BB#12,1,renamable $eax = MOV32ri -1
lua_type,BB#13,1,"RET 0, $eax"
lua_typename,BB#0,3,"renamable $rax = MOVSX64rr32 killed renamable $esi; renamable $rax = MOV64rm $noreg, 8, killed renamable $rax, @luaT_typenames_ + 8, $noreg :: (invariant load (s64) from %ir.5, !tbaa !23); RET 0, $rax"
lua_iscfunction,BB#0,3,"renamable $rcx = MOV64rm renamable $rdi, 1, $noreg, 32, $noreg :: (load (s64) from %ir.3, !tbaa !3); TEST32rr renamable $esi, renamable $esi, implicit-def $eflags; JCC_1 %bb.3, 14, implicit killed $eflags"
lua_iscfunction,BB#1,5,"renamable $eax = MOV32rr killed renamable $esi, implicit-def $rax; renamable $rax = SHL64ri killed renamable $rax(tied-def 0), 4, implicit-def dead $eflags; renamable $rax = ADD64rm killed renamable $rax(tied-def 0), killed renamable $rcx, 1, $noreg, 0, $noreg, implicit-def dead $eflags :: (load (s64) from %ir.4, !tbaa !12); CMP64rm renamable $rax, renamable $rdi, 1, $noreg, 16, $noreg, implicit-def $eflags :: (load (s64) from %ir.10, !tbaa !12); JCC_1 %bb.10, 2, implicit $eflags"
lua_iscfunction,BB#2,3,"renamable $rax = MOV64rm killed renamable $rdi, 1, $noreg, 24, $noreg :: (load (s64) from %ir.51, !tbaa !17), (load (s64) from %ir.47, !tbaa !17), (load (s64) from %ir.14, !tbaa !17); renamable $rax = nuw ADD64ri32 killed renamable $rax(tied-def 0), 80, implicit-def dead $eflags; JMP_1 %bb.10"
lua_iscfunction,BB#3,2,"CMP32ri renamable $esi, -1000999, implicit-def $eflags; JCC_1 %bb.5, 12, implicit killed $eflags"
lua_iscfunction,BB#4,4,"renamable $rax = MOVSX64rr32 killed renamable $esi; renamable $rax = SHL64ri killed renamable $rax(tied-def 0), 4, implicit-def dead $eflags; renamable $rax = ADD64rm killed renamable $rax(tied-def 0), killed renamable $rdi, 1, $noreg, 16, $noreg, implicit-def dead $eflags :: (load (s64) from %ir.20, !tbaa !12); JMP_1 %bb.10"
lua_iscfunction,BB#5,2,"CMP32ri renamable $esi, -1001000, implicit-def $eflags; JCC_1 %bb.7, 5, implicit killed $eflags"
lua_iscfunction,BB#6,3,"renamable $rax = MOV64rm killed renamable $rdi, 1, $noreg, 24, $noreg :: (load (s64) from %ir.27, !tbaa !17); renamable $rax = nuw ADD64ri32 killed renamable $rax(tied-def 0), 64, implicit-def dead $eflags; JMP_1 %bb.10"
lua_iscfunction,BB#7,3,"renamable $rax = MOV64rm killed renamable $rcx, 1, $noreg, 0, $noreg :: (load (s64) from %ir.4, !tbaa !12); CMP8mi renamable $rax, 1, $noreg, 8, $noreg, 102, implicit-def $eflags :: (load (s8) from %ir.32, align 8, !tbaa !12); JCC_1 %bb.2, 5, implicit $eflags"
lua_iscfunction,BB#8,6,"renamable $ecx = MOV32ri -1001000; renamable $ecx = nuw nsw SUB32rr killed renamable $ecx(tied-def 0), renamable $esi, implicit-def dead $eflags; renamable $rax = MOV64rm killed renamable $rax, 1, $noreg, 0, $noreg :: (load (s64) from %ir.31, !tbaa !12); renamable $edx = MOVZX32rm8 renamable $rax, 1, $noreg, 10, $noreg :: (load (s8) from %ir.38, align 2, !tbaa !29); CMP32rr killed renamable $ecx, killed renamable $edx, implicit-def $eflags; JCC_1 %bb.2, 7, implicit $eflags"
lua_iscfunction,BB#9,4,"renamable $ecx = MOV32ri -1001001, implicit-def $rcx; renamable $ecx = nuw nsw SUB32rr renamable $ecx(tied-def 0), killed renamable $esi, implicit-def dead $eflags, implicit killed $rcx, implicit-def $rcx; renamable $rcx = SHL64ri killed renamable $rcx(tied-def 0), 4, implicit-def dead $eflags; renamable $rax = LEA64r killed renamable $rax, 1, killed renamable $rcx, 32, $noreg"
lua_iscfunction,BB#10,8,"renamable $al = MOV8rm killed renamable $rax, 1, $noreg, 8, $noreg :: (load (s8) from %ir.56, align 8, !tbaa !13); CMP8ri renamable $al, 22, implicit-def $eflags; renamable $cl = SETCCr 4, implicit killed $eflags; CMP8ri killed renamable $al, 102, implicit-def $eflags; renamable $al = SETCCr 4, implicit killed $eflags; renamable $al = OR8rr killed renamable $al(tied-def 0), killed renamable $cl, implicit-def dead $eflags; renamable $eax = MOVZX32rr8 killed renamable $al; RET 0, $eax"
lua_isinteger,BB#0,3,"renamable $rax = MOV64rm renamable $rdi, 1, $noreg, 32, $noreg :: (load (s64) from %ir.3, !tbaa !3); TEST32rr renamable $esi, renamable $esi, implicit-def $eflags; JCC_1 %bb.3, 14, implicit killed $eflags"
lua_isinteger,BB#1,5,"renamable $ecx = MOV32rr killed renamable $esi, implicit-def $rcx; renamable $rcx = SHL64ri killed renamable $rcx(tied-def 0), 4, implicit-def dead $eflags; renamable $rcx = ADD64rm killed renamable $rcx(tied-def 0), killed renamable $rax, 1, $noreg, 0, $noreg, implicit-def dead $eflags :: (load (s64) from %ir.4, !tbaa !12); CMP64rm renamable $rcx, renamable $rdi, 1, $noreg, 16, $noreg, implicit-def $eflags :: (load (s64) from %ir.10, !tbaa !12); JCC_1 %bb.10, 2, implicit $eflags"
lua_isinteger,BB#2,3,"renamable $rcx = MOV64rm killed renamable $rdi, 1, $noreg, 24, $noreg :: (load (s64) from %ir.51, !tbaa !17), (load (s64) from %ir.47, !tbaa !17), (load (s64) from %ir.14, !tbaa !17); renamable $rcx = nuw ADD64ri32 killed renamable $rcx(tied-def 0), 80, implicit-def dead $eflags; JMP_1 %bb.10"
lua_isinteger,BB#3,2,"CMP32ri renamable $esi, -1000999, implicit-def $eflags; JCC_1 %bb.5, 12, implicit killed $eflags"
lua_isinteger,BB#4,4,"renamable $rcx = MOVSX64rr32 killed renamable $esi; renamable $rcx = SHL64ri killed renamable $rcx(tied-def 0), 4, implicit-def dead $eflags; renamable $rcx = ADD64rm killed renamable $rcx(tied-def 0), killed renamable $rdi, 1, $noreg, 16, $noreg, implicit-def dead $eflags :: (load (s64) from %ir.20, !tbaa !12); JMP_1 %bb.10"
lua_isinteger,BB#5,2,"CMP32ri renamable $esi, -1001000, implicit-def $eflags; JCC_1 %bb.7, 5, implicit killed $eflags"
lua_isinteger,BB#6,3,"renamable $rcx = MOV64rm killed renamable $rdi, 1, $noreg, 24, $noreg :: (load (s64) from %ir.27, !tbaa !17); renamable $rcx = nuw ADD64ri32 killed renamable $rcx(tied-def 0), 64, implicit-def dead $eflags; JMP_1 %bb.10"
lua_isinteger,BB#7,3,"renamable $rax = MOV64rm killed renamable $rax, 1, $noreg, 0, $noreg :: (load (s64) from %ir.4, !tbaa !12); CMP8mi renamable $rax, 1, $noreg, 8, $noreg, 102, implicit-def $eflags :: (load (s8) from %ir.32, align 8, !tbaa !12); JCC_1 %bb.2, 5, implicit $eflags"
lua_isinteger,BB#8,6,"renamable $ecx = MOV32ri -1001000; renamable $ecx = nuw nsw SUB32rr killed renamable $ecx(tied-def 0), renamable $esi, implicit-def dead $eflags; renamable $rax = MOV64rm killed renamable $rax, 1, $noreg, 0, $noreg :: (load (s64) from %ir.31, !tbaa !12); renamable $edx = MOVZX32rm8 renamable $rax, 1, $noreg, 10, $noreg :: (load (s8) from %ir.38, align 2, !tbaa !29); CMP32rr killed renamable $ecx, killed renamable $edx, implicit-def $eflags; JCC_1 %bb.2, 7, implicit $eflags"
lua_isinteger,BB#9,4,"renamable $ecx = MOV32ri -1001001, implicit-def $rcx; renamable $ecx = nuw nsw SUB32rr renamable $ecx(tied-def 0), killed renamable $esi, implicit-def dead $eflags, implicit killed $rcx, implicit-def $rcx; renamable $rcx = SHL64ri killed renamable $rcx(tied-def 0), 4, implicit-def dead $eflags; renamable $rcx = LEA64r killed renamable $rax, 1, killed renamable $rcx, 32, $noreg"
lua_isinteger,BB#10,4,"renamable $eax = MOV32r0 implicit-def dead $eflags; CMP8mi killed renamable $rcx, 1, $noreg, 8, $noreg, 3, implicit-def $eflags :: (load (s8) from %ir.56, align 8, !tbaa !13); renamable $al = SETCCr 4, implicit killed $eflags, implicit killed $eax, implicit-def $eax; RET 0, $eax"
lua_isnumber,BB#0,4,"renamable $rax = COPY $rdi; renamable $rcx = MOV64rm $rdi, 1, $noreg, 32, $noreg :: (load (s64) from %ir.4, !tbaa !3); TEST32rr renamable $esi, renamable $esi, implicit-def $eflags; JCC_1 %bb.3, 14, implicit killed $eflags"
lua_isnumber,BB#1,5,"renamable $edi = MOV32rr killed renamable $esi, implicit-def $rdi; renamable $rdi = SHL64ri killed renamable $rdi(tied-def 0), 4, implicit-def dead $eflags; renamable $rdi = ADD64rm killed renamable $rdi(tied-def 0), killed renamable $rcx, 1, $noreg, 0, $noreg, implicit-def dead $eflags :: (load (s64) from %ir.5, !tbaa !12); CMP64rm renamable $rdi, renamable $rax, 1, $noreg, 16, $noreg, implicit-def $eflags :: (load (s64) from %ir.11, !tbaa !12); JCC_1 %bb.10, 2, implicit $eflags"
lua_isnumber,BB#2,3,"renamable $rdi = MOV64rm killed renamable $rax, 1, $noreg, 24, $noreg :: (load (s64) from %ir.52, !tbaa !17), (load (s64) from %ir.48, !tbaa !17), (load (s64) from %ir.15, !tbaa !17); renamable $rdi = nuw ADD64ri32 killed renamable $rdi(tied-def 0), 80, implicit-def dead $eflags; JMP_1 %bb.10"
lua_isnumber,BB#3,2,"CMP32ri renamable $esi, -1000999, implicit-def $eflags; JCC_1 %bb.5, 12, implicit killed $eflags"
lua_isnumber,BB#4,4,"renamable $rdi = MOVSX64rr32 killed renamable $esi; renamable $rdi = SHL64ri killed renamable $rdi(tied-def 0), 4, implicit-def dead $eflags; renamable $rdi = ADD64rm killed renamable $rdi(tied-def 0), killed renamable $rax, 1, $noreg, 16, $noreg, implicit-def dead $eflags :: (load (s64) from %ir.21, !tbaa !12); JMP_1 %bb.10"
lua_isnumber,BB#5,2,"CMP32ri renamable $esi, -1001000, implicit-def $eflags; JCC_1 %bb.7, 5, implicit killed $eflags"
lua_isnumber,BB#6,3,"renamable $rdi = MOV64rm killed renamable $rax, 1, $noreg, 24, $noreg :: (load (s64) from %ir.28, !tbaa !17); renamable $rdi = nuw ADD64ri32 killed renamable $rdi(tied-def 0), 64, implicit-def dead $eflags; JMP_1 %bb.10"
lua_isnumber,BB#7,3,"renamable $rcx = MOV64rm killed renamable $rcx, 1, $noreg, 0, $noreg :: (load (s64) from %ir.5, !tbaa !12); CMP8mi renamable $rcx, 1, $noreg, 8, $noreg, 102, implicit-def $eflags :: (load (s8) from %ir.33, align 8, !tbaa !12); JCC_1 %bb.2, 5, implicit $eflags"
lua_isnumber,BB#8,6,"renamable $edx = MOV32ri -1001000; renamable $edx = nuw nsw SUB32rr killed renamable $edx(tied-def 0), renamable $esi, implicit-def dead $eflags; renamable $rcx = MOV64rm killed renamable $rcx, 1, $noreg, 0, $noreg :: (load (s64) from %ir.32, !tbaa !12); renamable $edi = MOVZX32rm8 renamable $rcx, 1, $noreg, 10, $noreg :: (load (s8) from %ir.39, align 2, !tbaa !29); CMP32rr killed renamable $edx, killed renamable $edi, implicit-def $eflags; JCC_1 %bb.2, 7, implicit $eflags"
lua_isnumber,BB#9,4,"renamable $eax = MOV32ri -1001001, implicit-def $rax; renamable $eax = nuw nsw SUB32rr renamable $eax(tied-def 0), killed renamable $esi, implicit-def dead $eflags, implicit killed $rax, implicit-def $rax; renamable $rax = SHL64ri killed renamable $rax(tied-def 0), 4, implicit-def dead $eflags; renamable $rdi = LEA64r killed renamable $rcx, 1, killed renamable $rax, 32, $noreg"
lua_isnumber,BB#10,3,"renamable $eax = MOV32ri 1; CMP8mi renamable $rdi, 1, $noreg, 8, $noreg, 19, implicit-def $eflags :: (load (s8) from %ir.57, align 8, !tbaa !13); JCC_1 %bb.12, 4, implicit $eflags"
lua_isnumber,BB#11,6,"frame-setup PUSH64r undef $rax, implicit-def $rsp, implicit $rsp; frame-setup CFI_INSTRUCTION def_cfa_offset 16; $rsi = MOV64rr $rsp; CALL64pcrel32 @luaV_tonumber_, <regmask $bh $bl $bp $bph $bpl $bx $ebp $ebx $hbp $hbx $rbp $rbx $r12 $r13 $r14 $r15 $r12b $r13b $r14b $r15b $r12bh $r13bh $r14bh $r15bh $r12d $r13d $r14d $r15d $r12w $r13w $r14w $r15w $r12wh and 3 more...>, implicit $rsp, implicit $ssp, implicit $rdi, implicit $rsi, implicit-def $rsp, implicit-def $ssp, implicit-def $eax; $rsp = frame-destroy ADD64ri32 $rsp(tied-def 0), 8, implicit-def dead $eflags; frame-destroy CFI_INSTRUCTION def_cfa_offset 8"
lua_isnumber,BB#12,1,"RET 0, $eax"
lua_isstring,BB#0,3,"renamable $rcx = MOV64rm renamable $rdi, 1, $noreg, 32, $noreg :: (load (s64) from %ir.3, !tbaa !3); TEST32rr renamable $esi, renamable $esi, implicit-def $eflags; JCC_1 %bb.3, 14, implicit killed $eflags"
lua_isstring,BB#1,5,"renamable $eax = MOV32rr killed renamable $esi, implicit-def $rax; renamable $rax = SHL64ri killed renamable $rax(tied-def 0), 4, implicit-def dead $eflags; renamable $rax = ADD64rm killed renamable $rax(tied-def 0), killed renamable $rcx, 1, $noreg, 0, $noreg, implicit-def dead $eflags :: (load (s64) from %ir.4, !tbaa !12); CMP64rm renamable $rax, renamable $rdi, 1, $noreg, 16, $noreg, implicit-def $eflags :: (load (s64) from %ir.10, !tbaa !12); JCC_1 %bb.10, 2, implicit $eflags"
lua_isstring,BB#2,3,"renamable $rax = MOV64rm killed renamable $rdi, 1, $noreg, 24, $noreg :: (load (s64) from %ir.51, !tbaa !17), (load (s64) from %ir.47, !tbaa !17), (load (s64) from %ir.14, !tbaa !17); renamable $rax = nuw ADD64ri32 killed renamable $rax(tied-def 0), 80, implicit-def dead $eflags; JMP_1 %bb.10"
lua_isstring,BB#3,2,"CMP32ri renamable $esi, -1000999, implicit-def $eflags; JCC_1 %bb.5, 12, implicit killed $eflags"
lua_isstring,BB#4,4,"renamable $rax = MOVSX64rr32 killed renamable $esi; renamable $rax = SHL64ri killed renamable $rax(tied-def 0), 4, implicit-def dead $eflags; renamable $rax = ADD64rm killed renamable $rax(tied-def 0), killed renamable $rdi, 1, $noreg, 16, $noreg, implicit-def dead $eflags :: (load (s64) from %ir.20, !tbaa !12); JMP_1 %bb.10"
lua_isstring,BB#5,2,"CMP32ri renamable $esi, -1001000, implicit-def $eflags; JCC_1 %bb.7, 5, implicit killed $eflags"
lua_isstring,BB#6,3,"renamable $rax = MOV64rm killed renamable $rdi, 1, $noreg, 24, $noreg :: (load (s64) from %ir.27, !tbaa !17); renamable $rax = nuw ADD64ri32 killed renamable $rax(tied-def 0), 64, implicit-def dead $eflags; JMP_1 %bb.10"
lua_isstring,BB#7,3,"renamable $rax = MOV64rm killed renamable $rcx, 1, $noreg, 0, $noreg :: (load (s64) from %ir.4, !tbaa !12); CMP8mi renamable $rax, 1, $noreg, 8, $noreg, 102, implicit-def $eflags :: (load (s8) from %ir.32, align 8, !tbaa !12); JCC_1 %bb.2, 5, implicit $eflags"
lua_isstring,BB#8,6,"renamable $ecx = MOV32ri -1001000; renamable $ecx = nuw nsw SUB32rr killed renamable $ecx(tied-def 0), renamable $esi, implicit-def dead $eflags; renamable $rax = MOV64rm killed renamable $rax, 1, $noreg, 0, $noreg :: (load (s64) from %ir.31, !tbaa !12); renamable $edx = MOVZX32rm8 renamable $rax, 1, $noreg, 10, $noreg :: (load (s8) from %ir.38, align 2, !tbaa !29); CMP32rr killed renamable $ecx, killed renamable $edx, implicit-def $eflags; JCC_1 %bb.2, 7, implicit $eflags"
lua_isstring,BB#9,4,"renamable $ecx = MOV32ri -1001001, implicit-def $rcx; renamable $ecx = nuw nsw SUB32rr renamable $ecx(tied-def 0), killed renamable $esi, implicit-def dead $eflags, implicit killed $rcx, implicit-def $rcx; renamable $rcx = SHL64ri killed renamable $rcx(tied-def 0), 4, implicit-def dead $eflags; renamable $rax = LEA64r killed renamable $rax, 1, killed renamable $rcx, 32, $noreg"
lua_isstring,BB#10,7,"renamable $cl = MOV8rm killed renamable $rax, 1, $noreg, 8, $noreg :: (load (s8) from %ir.56, align 8, !tbaa !13); renamable $cl = AND8ri killed renamable $cl(tied-def 0), 15, implicit-def dead $eflags; renamable $cl = nsw ADD8ri killed renamable $cl(tied-def 0), -3, implicit-def dead $eflags; renamable $eax = MOV32r0 implicit-def dead $eflags; CMP8ri killed renamable $cl, 2, implicit-def $eflags; renamable $al = SETCCr 2, implicit killed $eflags, implicit killed $eax, implicit-def $eax; RET 0, $eax"
lua_isuserdata,BB#0,3,"renamable $rcx = MOV64rm renamable $rdi, 1, $noreg, 32, $noreg :: (load (s64) from %ir.3, !tbaa !3); TEST32rr renamable $esi, renamable $esi, implicit-def $eflags; JCC_1 %bb.3, 14, implicit killed $eflags"
lua_isuserdata,BB#1,5,"renamable $eax = MOV32rr killed renamable $esi, implicit-def $rax; renamable $rax = SHL64ri killed renamable $rax(tied-def 0), 4, implicit-def dead $eflags; renamable $rax = ADD64rm killed renamable $rax(tied-def 0), killed renamable $rcx, 1, $noreg, 0, $noreg, implicit-def dead $eflags :: (load (s64) from %ir.4, !tbaa !12); CMP64rm renamable $rax, renamable $rdi, 1, $noreg, 16, $noreg, implicit-def $eflags :: (load (s64) from %ir.10, !tbaa !12); JCC_1 %bb.10, 2, implicit $eflags"
lua_isuserdata,BB#2,3,"renamable $rax = MOV64rm killed renamable $rdi, 1, $noreg, 24, $noreg :: (load (s64) from %ir.51, !tbaa !17), (load (s64) from %ir.47, !tbaa !17), (load (s64) from %ir.14, !tbaa !17); renamable $rax = nuw ADD64ri32 killed renamable $rax(tied-def 0), 80, implicit-def dead $eflags; JMP_1 %bb.10"
lua_isuserdata,BB#3,2,"CMP32ri renamable $esi, -1000999, implicit-def $eflags; JCC_1 %bb.5, 12, implicit killed $eflags"
lua_isuserdata,BB#4,4,"renamable $rax = MOVSX64rr32 killed renamable $esi; renamable $rax = SHL64ri killed renamable $rax(tied-def 0), 4, implicit-def dead $eflags; renamable $rax = ADD64rm killed renamable $rax(tied-def 0), killed renamable $rdi, 1, $noreg, 16, $noreg, implicit-def dead $eflags :: (load (s64) from %ir.20, !tbaa !12); JMP_1 %bb.10"
lua_isuserdata,BB#5,2,"CMP32ri renamable $esi, -1001000, implicit-def $eflags; JCC_1 %bb.7, 5, implicit killed $eflags"
lua_isuserdata,BB#6,3,"renamable $rax = MOV64rm killed renamable $rdi, 1, $noreg, 24, $noreg :: (load (s64) from %ir.27, !tbaa !17); renamable $rax = nuw ADD64ri32 killed renamable $rax(tied-def 0), 64, implicit-def dead $eflags; JMP_1 %bb.10"
lua_isuserdata,BB#7,3,"renamable $rax = MOV64rm killed renamable $rcx, 1, $noreg, 0, $noreg :: (load (s64) from %ir.4, !tbaa !12); CMP8mi renamable $rax, 1, $noreg, 8, $noreg, 102, implicit-def $eflags :: (load (s8) from %ir.32, align 8, !tbaa !12); JCC_1 %bb.2, 5, implicit $eflags"
lua_isuserdata,BB#8,6,"renamable $ecx = MOV32ri -1001000; renamable $ecx = nuw nsw SUB32rr killed renamable $ecx(tied-def 0), renamable $esi, implicit-def dead $eflags; renamable $rax = MOV64rm killed renamable $rax, 1, $noreg, 0, $noreg :: (load (s64) from %ir.31, !tbaa !12); renamable $edx = MOVZX32rm8 renamable $rax, 1, $noreg, 10, $noreg :: (load (s8) from %ir.38, align 2, !tbaa !29); CMP32rr killed renamable $ecx, killed renamable $edx, implicit-def $eflags; JCC_1 %bb.2, 7, implicit $eflags"
lua_isuserdata,BB#9,4,"renamable $ecx = MOV32ri -1001001, implicit-def $rcx; renamable $ecx = nuw nsw SUB32rr renamable $ecx(tied-def 0), killed renamable $esi, implicit-def dead $eflags, implicit killed $rcx, implicit-def $rcx; renamable $rcx = SHL64ri killed renamable $rcx(tied-def 0), 4, implicit-def dead $eflags; renamable $rax = LEA64r killed renamable $rax, 1, killed renamable $rcx, 32, $noreg"
lua_isuserdata,BB#10,8,"renamable $al = MOV8rm killed renamable $rax, 1, $noreg, 8, $noreg :: (load (s8) from %ir.56, align 8, !tbaa !13); CMP8ri renamable $al, 71, implicit-def $eflags; renamable $cl = SETCCr 4, implicit killed $eflags; CMP8ri killed renamable $al, 2, implicit-def $eflags; renamable $al = SETCCr 4, implicit killed $eflags; renamable $al = OR8rr killed renamable $al(tied-def 0), killed renamable $cl, implicit-def dead $eflags; renamable $eax = MOVZX32rr8 killed renamable $al; RET 0, $eax"
lua_rawequal,BB#0,3,"renamable $rax = MOV64rm renamable $rdi, 1, $noreg, 32, $noreg :: (load (s64) from %ir.4, !tbaa !3); TEST32rr renamable $esi, renamable $esi, implicit-def $eflags; JCC_1 %bb.3, 14, implicit killed $eflags"
lua_rawequal,BB#1,5,"renamable $esi = MOV32rr killed renamable $esi, implicit-def $rsi; renamable $rsi = SHL64ri killed renamable $rsi(tied-def 0), 4, implicit-def dead $eflags; renamable $rsi = ADD64rm killed renamable $rsi(tied-def 0), renamable $rax, 1, $noreg, 0, $noreg, implicit-def dead $eflags :: (load (s64) from %ir.5, !tbaa !12); CMP64rm renamable $rsi, renamable $rdi, 1, $noreg, 16, $noreg, implicit-def $eflags :: (load (s64) from %ir.11, !tbaa !12); JCC_1 %bb.10, 2, implicit $eflags"
lua_rawequal,BB#2,3,"renamable $rsi = MOV64rm renamable $rdi, 1, $noreg, 24, $noreg :: (load (s64) from %ir.52, !tbaa !17), (load (s64) from %ir.48, !tbaa !17), (load (s64) from %ir.15, !tbaa !17); renamable $rsi = nuw ADD64ri32 killed renamable $rsi(tied-def 0), 80, implicit-def dead $eflags; JMP_1 %bb.10"
lua_rawequal,BB#3,2,"CMP32ri renamable $esi, -1000999, implicit-def $eflags; JCC_1 %bb.5, 12, implicit killed $eflags"
lua_rawequal,BB#4,4,"renamable $rsi = MOVSX64rr32 killed renamable $esi; renamable $rsi = SHL64ri killed renamable $rsi(tied-def 0), 4, implicit-def dead $eflags; renamable $rsi = ADD64rm killed renamable $rsi(tied-def 0), renamable $rdi, 1, $noreg, 16, $noreg, implicit-def dead $eflags :: (load (s64) from %ir.21, !tbaa !12); JMP_1 %bb.10"
lua_rawequal,BB#5,2,"CMP32ri renamable $esi, -1001000, implicit-def $eflags; JCC_1 %bb.7, 5, implicit killed $eflags"
lua_rawequal,BB#6,3,"renamable $rsi = MOV64rm renamable $rdi, 1, $noreg, 24, $noreg :: (load (s64) from %ir.28, !tbaa !17); renamable $rsi = nuw ADD64ri32 killed renamable $rsi(tied-def 0), 64, implicit-def dead $eflags; JMP_1 %bb.10"
lua_rawequal,BB#7,3,"renamable $rcx = MOV64rm renamable $rax, 1, $noreg, 0, $noreg :: (load (s64) from %ir.5, !tbaa !12); CMP8mi renamable $rcx, 1, $noreg, 8, $noreg, 102, implicit-def $eflags :: (load (s8) from %ir.33, align 8, !tbaa !12); JCC_1 %bb.2, 5, implicit $eflags"
lua_rawequal,BB#8,6,"renamable $r8d = MOV32ri -1001000; renamable $r8d = nuw nsw SUB32rr killed renamable $r8d(tied-def 0), renamable $esi, implicit-def dead $eflags; renamable $rcx = MOV64rm killed renamable $rcx, 1, $noreg, 0, $noreg :: (load (s64) from %ir.32, !tbaa !12); renamable $r9d = MOVZX32rm8 renamable $rcx, 1, $noreg, 10, $noreg :: (load (s8) from %ir.39, align 2, !tbaa !29); CMP32rr killed renamable $r8d, killed renamable $r9d, implicit-def $eflags; JCC_1 %bb.2, 7, implicit $eflags"
lua_rawequal,BB#9,4,"renamable $r8d = MOV32ri -1001001, implicit-def $r8; renamable $r8d = nuw nsw SUB32rr renamable $r8d(tied-def 0), killed renamable $esi, implicit-def dead $eflags, implicit killed $r8, implicit-def $r8; renamable $r8 = SHL64ri killed renamable $r8(tied-def 0), 4, implicit-def dead $eflags; renamable $rsi = LEA64r killed renamable $rcx, 1, killed renamable $r8, 32, $noreg"
lua_rawequal,BB#10,2,"TEST32rr renamable $edx, renamable $edx, implicit-def $eflags; JCC_1 %bb.13, 14, implicit killed $eflags"
lua_rawequal,BB#11,5,"renamable $edx = MOV32rr killed renamable $edx, implicit-def $rdx; renamable $rdx = SHL64ri killed renamable $rdx(tied-def 0), 4, implicit-def dead $eflags; renamable $rdx = ADD64rm killed renamable $rdx(tied-def 0), killed renamable $rax, 1, $noreg, 0, $noreg, implicit-def dead $eflags :: (load (s64) from %ir.5, !tbaa !12); CMP64rm renamable $rdx, renamable $rdi, 1, $noreg, 16, $noreg, implicit-def $eflags :: (load (s64) from %ir.62, !tbaa !12); JCC_1 %bb.20, 2, implicit $eflags"
lua_rawequal,BB#12,3,"renamable $rdx = MOV64rm renamable $rdi, 1, $noreg, 24, $noreg :: (load (s64) from %ir.103, !tbaa !17), (load (s64) from %ir.99, !tbaa !17), (load (s64) from %ir.66, !tbaa !17); renamable $rdx = nuw ADD64ri32 killed renamable $rdx(tied-def 0), 80, implicit-def dead $eflags; JMP_1 %bb.20"
lua_rawequal,BB#13,2,"CMP32ri renamable $edx, -1000999, implicit-def $eflags; JCC_1 %bb.15, 12, implicit killed $eflags"
lua_rawequal,BB#14,4,"renamable $rdx = MOVSX64rr32 killed renamable $edx; renamable $rdx = SHL64ri killed renamable $rdx(tied-def 0), 4, implicit-def dead $eflags; renamable $rdx = ADD64rm killed renamable $rdx(tied-def 0), renamable $rdi, 1, $noreg, 16, $noreg, implicit-def dead $eflags :: (load (s64) from %ir.72, !tbaa !12); JMP_1 %bb.20"
lua_rawequal,BB#15,2,"CMP32ri renamable $edx, -1001000, implicit-def $eflags; JCC_1 %bb.17, 5, implicit killed $eflags"
lua_rawequal,BB#16,3,"renamable $rdx = MOV64rm renamable $rdi, 1, $noreg, 24, $noreg :: (load (s64) from %ir.79, !tbaa !17); renamable $rdx = nuw ADD64ri32 killed renamable $rdx(tied-def 0), 64, implicit-def dead $eflags; JMP_1 %bb.20"
lua_rawequal,BB#17,3,"renamable $rax = MOV64rm killed renamable $rax, 1, $noreg, 0, $noreg :: (load (s64) from %ir.5, !tbaa !12); CMP8mi renamable $rax, 1, $noreg, 8, $noreg, 102, implicit-def $eflags :: (load (s8) from %ir.84, align 8, !tbaa !12); JCC_1 %bb.12, 5, implicit $eflags"
lua_rawequal,BB#18,6,"renamable $ecx = MOV32ri -1001000; renamable $ecx = nuw nsw SUB32rr killed renamable $ecx(tied-def 0), renamable $edx, implicit-def dead $eflags; renamable $rax = MOV64rm killed renamable $rax, 1, $noreg, 0, $noreg :: (load (s64) from %ir.83, !tbaa !12); renamable $r8d = MOVZX32rm8 renamable $rax, 1, $noreg, 10, $noreg :: (load (s8) from %ir.90, align 2, !tbaa !29); CMP32rr killed renamable $ecx, killed renamable $r8d, implicit-def $eflags; JCC_1 %bb.12, 7, implicit $eflags"
lua_rawequal,BB#19,4,"renamable $ecx = MOV32ri -1001001, implicit-def $rcx; renamable $ecx = nuw nsw SUB32rr renamable $ecx(tied-def 0), killed renamable $edx, implicit-def dead $eflags, implicit killed $rcx, implicit-def $rcx; renamable $rcx = SHL64ri killed renamable $rcx(tied-def 0), 4, implicit-def dead $eflags; renamable $rdx = LEA64r killed renamable $rax, 1, killed renamable $rcx, 32, $noreg"
lua_rawequal,BB#20,2,"TEST8mi renamable $rsi, 1, $noreg, 8, $noreg, 15, implicit-def $eflags :: (load (s8) from %ir.108, align 8, !tbaa !13); JCC_1 %bb.22, 5, implicit $eflags"
lua_rawequal,BB#21,4,"renamable $rax = MOV64rm renamable $rdi, 1, $noreg, 24, $noreg :: (load (s64) from %ir.113, !tbaa !17); renamable $rax = nuw ADD64ri32 killed renamable $rax(tied-def 0), 80, implicit-def dead $eflags; CMP64rr renamable $rsi, killed renamable $rax, implicit-def $eflags; JCC_1 %bb.24, 4, implicit $eflags"
lua_rawequal,BB#22,2,"TEST8mi renamable $rdx, 1, $noreg, 8, $noreg, 15, implicit-def $eflags :: (load (s8) from %ir.118, align 8, !tbaa !13); JCC_1 %bb.25, 5, implicit $eflags"
lua_rawequal,BB#23,4,"renamable $rax = MOV64rm killed renamable $rdi, 1, $noreg, 24, $noreg :: (load (s64) from %ir.123, !tbaa !17); renamable $rax = nuw ADD64ri32 killed renamable $rax(tied-def 0), 80, implicit-def dead $eflags; CMP64rr renamable $rdx, killed renamable $rax, implicit-def $eflags; JCC_1 %bb.25, 5, implicit $eflags"
lua_rawequal,BB#24,2,"$eax = MOV32r0 implicit-def dead $eflags; RET 0, $eax"
lua_rawequal,BB#25,2,"dead $edi = MOV32r0 implicit-def dead $eflags, implicit-def $rdi; TCRETURNdi64 @luaV_equalobj, 0, <regmask $bh $bl $bp $bph $bpl $bx $ebp $ebx $hbp $hbx $rbp $rbx $r12 $r13 $r14 $r15 $r12b $r13b $r14b $r15b $r12bh $r13bh $r14bh $r15bh $r12d $r13d $r14d $r15d $r12w $r13w $r14w $r15w $r12wh and 3 more...>, implicit $rsp, implicit $ssp, implicit $rdi, implicit $rsi, implicit $rdx"
lua_arith,BB#0,9,"frame-setup PUSH64r killed $rbx, implicit-def $rsp, implicit $rsp; frame-setup CFI_INSTRUCTION def_cfa_offset 16; CFI_INSTRUCTION offset $rbx, -16; renamable $esi = KILL $esi, implicit-def $rsi; renamable $rbx = COPY $rdi; renamable $eax = LEA64_32r renamable $rsi, 1, $noreg, -14, $noreg; renamable $rcx = MOV64rm $rdi, 1, $noreg, 16, $noreg :: (load (s64) from %ir.5, !tbaa !12); CMP32ri killed renamable $eax, -2, implicit-def $eflags; JCC_1 %bb.2, 2, implicit $eflags"
lua_arith,BB#1,7,"renamable $rax = MOV64rm renamable $rcx, 1, $noreg, -16, $noreg :: (load (s64) from %ir.8); MOV64mr renamable $rcx, 1, $noreg, 0, $noreg, killed renamable $rax :: (store (s64) into %ir.6); renamable $al = MOV8rm renamable $rcx, 1, $noreg, -8, $noreg :: (load (s8) from %ir.10, align 8, !tbaa !13); MOV8mr killed renamable $rcx, 1, $noreg, 8, $noreg, killed renamable $al :: (store (s8) into %ir.12, align 8, !tbaa !13); renamable $rcx = MOV64rm renamable $rbx, 1, $noreg, 16, $noreg :: (load (s64) from %ir.13, !tbaa !12); renamable $rcx = nuw ADD64ri32 killed renamable $rcx(tied-def 0), 16, implicit-def dead $eflags; MOV64mr renamable $rbx, 1, $noreg, 16, $noreg, renamable $rcx :: (store (s64) into %ir.13, !tbaa !12)"
lua_arith,BB#2,10,"renamable $rdx = LEA64r renamable $rcx, 1, $noreg, -32, $noreg; renamable $rcx = ADD64ri32 killed renamable $rcx(tied-def 0), -16, implicit-def dead $eflags; $rdi = COPY renamable $rbx; $esi = KILL renamable $esi, implicit killed $rsi; $r8 = COPY renamable $rdx; CALL64pcrel32 @luaO_arith, <regmask $bh $bl $bp $bph $bpl $bx $ebp $ebx $hbp $hbx $rbp $rbx $r12 $r13 $r14 $r15 $r12b $r13b $r14b $r15b $r12bh $r13bh $r14bh $r15bh $r12d $r13d $r14d $r15d $r12w $r13w $r14w $r15w $r12wh and 3 more...>, implicit $rsp, implicit $ssp, implicit $rdi, implicit $esi, implicit $rdx, implicit $rcx, implicit killed $r8, implicit-def $rsp, implicit-def $ssp; ADD64mi32 killed renamable $rbx, 1, $noreg, 16, $noreg, -16, implicit-def dead $eflags :: (store (s64) into %ir.18, !tbaa !12), (load (s64) from %ir.18, !tbaa !12); $rbx = frame-destroy POP64r implicit-def $rsp, implicit $rsp; frame-destroy CFI_INSTRUCTION def_cfa_offset 8; RET 0"
lua_compare,BB#0,3,"renamable $rax = MOV64rm renamable $rdi, 1, $noreg, 32, $noreg :: (load (s64) from %ir.5, !tbaa !3); TEST32rr renamable $esi, renamable $esi, implicit-def $eflags; JCC_1 %bb.3, 14, implicit killed $eflags"
lua_compare,BB#1,5,"renamable $esi = MOV32rr killed renamable $esi, implicit-def $rsi; renamable $rsi = SHL64ri killed renamable $rsi(tied-def 0), 4, implicit-def dead $eflags; renamable $rsi = ADD64rm killed renamable $rsi(tied-def 0), renamable $rax, 1, $noreg, 0, $noreg, implicit-def dead $eflags :: (load (s64) from %ir.6, !tbaa !12); CMP64rm renamable $rsi, renamable $rdi, 1, $noreg, 16, $noreg, implicit-def $eflags :: (load (s64) from %ir.12, !tbaa !12); JCC_1 %bb.10, 2, implicit $eflags"
lua_compare,BB#2,3,"renamable $rsi = MOV64rm renamable $rdi, 1, $noreg, 24, $noreg :: (load (s64) from %ir.53, !tbaa !17), (load (s64) from %ir.49, !tbaa !17), (load (s64) from %ir.16, !tbaa !17); renamable $rsi = nuw ADD64ri32 killed renamable $rsi(tied-def 0), 80, implicit-def dead $eflags; JMP_1 %bb.10"
lua_compare,BB#3,2,"CMP32ri renamable $esi, -1000999, implicit-def $eflags; JCC_1 %bb.5, 12, implicit killed $eflags"
lua_compare,BB#4,4,"renamable $rsi = MOVSX64rr32 killed renamable $esi; renamable $rsi = SHL64ri killed renamable $rsi(tied-def 0), 4, implicit-def dead $eflags; renamable $rsi = ADD64rm killed renamable $rsi(tied-def 0), renamable $rdi, 1, $noreg, 16, $noreg, implicit-def dead $eflags :: (load (s64) from %ir.22, !tbaa !12); JMP_1 %bb.10"
lua_compare,BB#5,2,"CMP32ri renamable $esi, -1001000, implicit-def $eflags; JCC_1 %bb.7, 5, implicit killed $eflags"
lua_compare,BB#6,3,"renamable $rsi = MOV64rm renamable $rdi, 1, $noreg, 24, $noreg :: (load (s64) from %ir.29, !tbaa !17); renamable $rsi = nuw ADD64ri32 killed renamable $rsi(tied-def 0), 64, implicit-def dead $eflags; JMP_1 %bb.10"
lua_compare,BB#7,3,"renamable $r8 = MOV64rm renamable $rax, 1, $noreg, 0, $noreg :: (load (s64) from %ir.6, !tbaa !12); CMP8mi renamable $r8, 1, $noreg, 8, $noreg, 102, implicit-def $eflags :: (load (s8) from %ir.34, align 8, !tbaa !12); JCC_1 %bb.2, 5, implicit $eflags"
lua_compare,BB#8,6,"renamable $r9d = MOV32ri -1001000; renamable $r9d = nuw nsw SUB32rr killed renamable $r9d(tied-def 0), renamable $esi, implicit-def dead $eflags; renamable $r8 = MOV64rm killed renamable $r8, 1, $noreg, 0, $noreg :: (load (s64) from %ir.33, !tbaa !12); renamable $r10d = MOVZX32rm8 renamable $r8, 1, $noreg, 10, $noreg :: (load (s8) from %ir.40, align 2, !tbaa !29); CMP32rr killed renamable $r9d, killed renamable $r10d, implicit-def $eflags; JCC_1 %bb.2, 7, implicit $eflags"
lua_compare,BB#9,4,"renamable $r9d = MOV32ri -1001001, implicit-def $r9; renamable $r9d = nuw nsw SUB32rr renamable $r9d(tied-def 0), killed renamable $esi, implicit-def dead $eflags, implicit killed $r9, implicit-def $r9; renamable $r9 = SHL64ri killed renamable $r9(tied-def 0), 4, implicit-def dead $eflags; renamable $rsi = LEA64r killed renamable $r8, 1, killed renamable $r9, 32, $noreg"
lua_compare,BB#10,2,"TEST32rr renamable $edx, renamable $edx, implicit-def $eflags; JCC_1 %bb.13, 14, implicit killed $eflags"
lua_compare,BB#11,5,"renamable $edx = MOV32rr killed renamable $edx, implicit-def $rdx; renamable $rdx = SHL64ri killed renamable $rdx(tied-def 0), 4, implicit-def dead $eflags; renamable $rdx = ADD64rm killed renamable $rdx(tied-def 0), killed renamable $rax, 1, $noreg, 0, $noreg, implicit-def dead $eflags :: (load (s64) from %ir.6, !tbaa !12); CMP64rm renamable $rdx, renamable $rdi, 1, $noreg, 16, $noreg, implicit-def $eflags :: (load (s64) from %ir.63, !tbaa !12); JCC_1 %bb.20, 2, implicit $eflags"
lua_compare,BB#12,3,"renamable $rdx = MOV64rm renamable $rdi, 1, $noreg, 24, $noreg :: (load (s64) from %ir.104, !tbaa !17), (load (s64) from %ir.100, !tbaa !17), (load (s64) from %ir.67, !tbaa !17); renamable $rdx = nuw ADD64ri32 killed renamable $rdx(tied-def 0), 80, implicit-def dead $eflags; JMP_1 %bb.20"
lua_compare,BB#13,2,"CMP32ri renamable $edx, -1000999, implicit-def $eflags; JCC_1 %bb.15, 12, implicit killed $eflags"
lua_compare,BB#14,4,"renamable $rdx = MOVSX64rr32 killed renamable $edx; renamable $rdx = SHL64ri killed renamable $rdx(tied-def 0), 4, implicit-def dead $eflags; renamable $rdx = ADD64rm killed renamable $rdx(tied-def 0), renamable $rdi, 1, $noreg, 16, $noreg, implicit-def dead $eflags :: (load (s64) from %ir.73, !tbaa !12); JMP_1 %bb.20"
lua_compare,BB#15,2,"CMP32ri renamable $edx, -1001000, implicit-def $eflags; JCC_1 %bb.17, 5, implicit killed $eflags"
lua_compare,BB#16,3,"renamable $rdx = MOV64rm renamable $rdi, 1, $noreg, 24, $noreg :: (load (s64) from %ir.80, !tbaa !17); renamable $rdx = nuw ADD64ri32 killed renamable $rdx(tied-def 0), 64, implicit-def dead $eflags; JMP_1 %bb.20"
lua_compare,BB#17,3,"renamable $rax = MOV64rm killed renamable $rax, 1, $noreg, 0, $noreg :: (load (s64) from %ir.6, !tbaa !12); CMP8mi renamable $rax, 1, $noreg, 8, $noreg, 102, implicit-def $eflags :: (load (s8) from %ir.85, align 8, !tbaa !12); JCC_1 %bb.12, 5, implicit $eflags"
lua_compare,BB#18,6,"renamable $r8d = MOV32ri -1001000; renamable $r8d = nuw nsw SUB32rr killed renamable $r8d(tied-def 0), renamable $edx, implicit-def dead $eflags; renamable $rax = MOV64rm killed renamable $rax, 1, $noreg, 0, $noreg :: (load (s64) from %ir.84, !tbaa !12); renamable $r9d = MOVZX32rm8 renamable $rax, 1, $noreg, 10, $noreg :: (load (s8) from %ir.91, align 2, !tbaa !29); CMP32rr killed renamable $r8d, killed renamable $r9d, implicit-def $eflags; JCC_1 %bb.12, 7, implicit $eflags"
lua_compare,BB#19,4,"renamable $r8d = MOV32ri -1001001, implicit-def $r8; renamable $r8d = nuw nsw SUB32rr renamable $r8d(tied-def 0), killed renamable $edx, implicit-def dead $eflags, implicit killed $r8, implicit-def $r8; renamable $r8 = SHL64ri killed renamable $r8(tied-def 0), 4, implicit-def dead $eflags; renamable $rdx = LEA64r killed renamable $rax, 1, killed renamable $r8, 32, $noreg"
lua_compare,BB#20,2,"TEST8mi renamable $rsi, 1, $noreg, 8, $noreg, 15, implicit-def $eflags :: (load (s8) from %ir.109, align 8, !tbaa !13); JCC_1 %bb.22, 5, implicit $eflags"
lua_compare,BB#21,4,"renamable $rax = MOV64rm renamable $rdi, 1, $noreg, 24, $noreg :: (load (s64) from %ir.114, !tbaa !17); renamable $rax = nuw ADD64ri32 killed renamable $rax(tied-def 0), 80, implicit-def dead $eflags; CMP64rr renamable $rsi, killed renamable $rax, implicit-def $eflags; JCC_1 %bb.27, 4, implicit $eflags"
lua_compare,BB#22,2,"TEST8mi renamable $rdx, 1, $noreg, 8, $noreg, 15, implicit-def $eflags :: (load (s8) from %ir.119, align 8, !tbaa !13); JCC_1 %bb.24, 5, implicit $eflags"
lua_compare,BB#23,4,"renamable $rax = MOV64rm renamable $rdi, 1, $noreg, 24, $noreg :: (load (s64) from %ir.124, !tbaa !17); renamable $rax = nuw ADD64ri32 killed renamable $rax(tied-def 0), 80, implicit-def dead $eflags; CMP64rr renamable $rdx, killed renamable $rax, implicit-def $eflags; JCC_1 %bb.27, 4, implicit $eflags"
lua_compare,BB#24,2,"CMP32ri renamable $ecx, 2, implicit-def $eflags; TCRETURNdi64cc @luaV_lessequal, 0, 4, <regmask $bh $bl $bp $bph $bpl $bx $ebp $ebx $hbp $hbx $rbp $rbx $r12 $r13 $r14 $r15 $r12b $r13b $r14b $r15b $r12bh $r13bh $r14bh $r15bh $r12d $r13d $r14d $r15d $r12w $r13w $r14w $r15w $r12wh and 3 more...>, implicit $rsp, implicit $eflags, implicit $ssp, implicit $rsp, implicit $ssp, implicit $rdi, implicit $rsi, implicit $rdx, implicit $rdi, implicit-def $rdi, implicit $hcx, implicit-def $hcx, implicit $ch, implicit-def $ch, implicit $cl, implicit-def $cl, implicit $cx, implicit-def $cx, implicit $ecx, implicit-def $ecx, implicit $hsi, implicit-def $hsi, implicit $sih, implicit-def $sih, implicit $sil, implicit-def $sil, implicit $si, implicit-def $si, implicit $esi, implicit-def $esi, implicit $rsi, implicit-def $rsi, implicit $hdx, implicit-def $hdx, implicit $dh, implicit-def $dh, implicit $dl, implicit-def $dl, implicit $dx, implicit-def $dx, implicit $edx, implicit-def $edx, implicit $rdx, implicit-def $rdx, implicit $hdi, implicit-def $hdi, implicit $dih, implicit-def $dih, implicit $dil, implicit-def $dil, implicit $di, implicit-def $di, implicit $edi, implicit-def $edi"
lua_compare,BB#25,2,"CMP32ri renamable $ecx, 1, implicit-def $eflags; TCRETURNdi64cc @luaV_lessthan, 0, 4, <regmask $bh $bl $bp $bph $bpl $bx $ebp $ebx $hbp $hbx $rbp $rbx $r12 $r13 $r14 $r15 $r12b $r13b $r14b $r15b $r12bh $r13bh $r14bh $r15bh $r12d $r13d $r14d $r15d $r12w $r13w $r14w $r15w $r12wh and 3 more...>, implicit $rsp, implicit $eflags, implicit $ssp, implicit $rsp, implicit $ssp, implicit $rdi, implicit $rsi, implicit $rdx, implicit $rdi, implicit-def $rdi, implicit $hcx, implicit-def $hcx, implicit $ch, implicit-def $ch, implicit $cl, implicit-def $cl, implicit $cx, implicit-def $cx, implicit $ecx, implicit-def $ecx, implicit $hsi, implicit-def $hsi, implicit $sih, implicit-def $sih, implicit $sil, implicit-def $sil, implicit $si, implicit-def $si, implicit $esi, implicit-def $esi, implicit $rsi, implicit-def $rsi, implicit $hdx, implicit-def $hdx, implicit $dh, implicit-def $dh, implicit $dl, implicit-def $dl, implicit $dx, implicit-def $dx, implicit $edx, implicit-def $edx, implicit $rdx, implicit-def $rdx, implicit $hdi, implicit-def $hdi, implicit $dih, implicit-def $dih, implicit $dil, implicit-def $dil, implicit $di, implicit-def $di, implicit $edi, implicit-def $edi"
lua_compare,BB#26,2,"TEST32rr killed renamable $ecx, renamable $ecx, implicit-def $eflags; TCRETURNdi64cc @luaV_equalobj, 0, 4, <regmask $bh $bl $bp $bph $bpl $bx $ebp $ebx $hbp $hbx $rbp $rbx $r12 $r13 $r14 $r15 $r12b $r13b $r14b $r15b $r12bh $r13bh $r14bh $r15bh $r12d $r13d $r14d $r15d $r12w $r13w $r14w $r15w $r12wh and 3 more...>, implicit $rsp, implicit $eflags, implicit $ssp, implicit $rsp, implicit $ssp, implicit $rdi, implicit $rsi, implicit $rdx, implicit $rdi, implicit-def $rdi, implicit $hsi, implicit-def $hsi, implicit $sih, implicit-def $sih, implicit $sil, implicit-def $sil, implicit $si, implicit-def $si, implicit $esi, implicit-def $esi, implicit $rsi, implicit-def $rsi, implicit $hdx, implicit-def $hdx, implicit $dh, implicit-def $dh, implicit $dl, implicit-def $dl, implicit $dx, implicit-def $dx, implicit $edx, implicit-def $edx, implicit $rdx, implicit-def $rdx, implicit $hdi, implicit-def $hdi, implicit $dih, implicit-def $dih, implicit $dil, implicit-def $dil, implicit $di, implicit-def $di, implicit $edi, implicit-def $edi"
lua_compare,BB#27,2,"$eax = MOV32r0 implicit-def dead $eflags; RET 0, $eax"
lua_stringtonumber,BB#0,10,"frame-setup PUSH64r killed $rbx, implicit-def $rsp, implicit $rsp; frame-setup CFI_INSTRUCTION def_cfa_offset 16; CFI_INSTRUCTION offset $rbx, -16; renamable $rax = COPY $rsi; renamable $rbx = COPY $rdi; renamable $rsi = MOV64rm $rdi, 1, $noreg, 16, $noreg :: (load (s64) from %ir.3, !tbaa !12); $rdi = COPY killed renamable $rax; CALL64pcrel32 @luaO_str2num, <regmask $bh $bl $bp $bph $bpl $bx $ebp $ebx $hbp $hbx $rbp $rbx $r12 $r13 $r14 $r15 $r12b $r13b $r14b $r15b $r12bh $r13bh $r14bh $r15bh $r12d $r13d $r14d $r15d $r12w $r13w $r14w $r15w $r12wh and 3 more...>, implicit $rsp, implicit $ssp, implicit $rdi, implicit $rsi, implicit-def $rsp, implicit-def $ssp, implicit-def $rax; TEST64rr renamable $rax, renamable $rax, implicit-def $eflags; JCC_1 %bb.2, 4, implicit $eflags"
lua_stringtonumber,BB#1,1,"ADD64mi32 killed renamable $rbx, 1, $noreg, 16, $noreg, 16, implicit-def dead $eflags :: (store (s64) into %ir.8, !tbaa !12), (load (s64) from %ir.8, !tbaa !12)"
lua_stringtonumber,BB#2,3,"$rbx = frame-destroy POP64r implicit-def $rsp, implicit $rsp; frame-destroy CFI_INSTRUCTION def_cfa_offset 8; RET 0, $rax"
lua_tonumberx,BB#0,10,"frame-setup PUSH64r killed $rbx, implicit-def $rsp, implicit $rsp; frame-setup CFI_INSTRUCTION def_cfa_offset 16; $rsp = frame-setup SUB64ri32 $rsp(tied-def 0), 16, implicit-def dead $eflags; frame-setup CFI_INSTRUCTION def_cfa_offset 32; CFI_INSTRUCTION offset $rbx, -16; renamable $rbx = COPY $rdx; MOV64mi32 $rsp, 1, $noreg, 8, $noreg, 0 :: (store (s64) into %ir.4, !tbaa !26); renamable $rcx = MOV64rm renamable $rdi, 1, $noreg, 32, $noreg :: (load (s64) from %ir.5, !tbaa !3); TEST32rr renamable $esi, renamable $esi, implicit-def $eflags; JCC_1 %bb.3, 14, implicit killed $eflags"
lua_tonumberx,BB#1,5,"renamable $eax = MOV32rr killed renamable $esi, implicit-def $rax; renamable $rax = SHL64ri killed renamable $rax(tied-def 0), 4, implicit-def dead $eflags; renamable $rax = ADD64rm killed renamable $rax(tied-def 0), killed renamable $rcx, 1, $noreg, 0, $noreg, implicit-def dead $eflags :: (load (s64) from %ir.6, !tbaa !12); CMP64rm renamable $rax, renamable $rdi, 1, $noreg, 16, $noreg, implicit-def $eflags :: (load (s64) from %ir.12, !tbaa !12); JCC_1 %bb.10, 2, implicit $eflags"
lua_tonumberx,BB#2,3,"renamable $rax = MOV64rm killed renamable $rdi, 1, $noreg, 24, $noreg :: (load (s64) from %ir.53, !tbaa !17), (load (s64) from %ir.49, !tbaa !17), (load (s64) from %ir.16, !tbaa !17); renamable $rax = nuw ADD64ri32 killed renamable $rax(tied-def 0), 80, implicit-def dead $eflags; JMP_1 %bb.10"
lua_tonumberx,BB#3,2,"CMP32ri renamable $esi, -1000999, implicit-def $eflags; JCC_1 %bb.5, 12, implicit killed $eflags"
lua_tonumberx,BB#4,4,"renamable $rax = MOVSX64rr32 killed renamable $esi; renamable $rax = SHL64ri killed renamable $rax(tied-def 0), 4, implicit-def dead $eflags; renamable $rax = ADD64rm killed renamable $rax(tied-def 0), killed renamable $rdi, 1, $noreg, 16, $noreg, implicit-def dead $eflags :: (load (s64) from %ir.22, !tbaa !12); JMP_1 %bb.10"
lua_tonumberx,BB#5,2,"CMP32ri renamable $esi, -1001000, implicit-def $eflags; JCC_1 %bb.7, 5, implicit killed $eflags"
lua_tonumberx,BB#6,3,"renamable $rax = MOV64rm killed renamable $rdi, 1, $noreg, 24, $noreg :: (load (s64) from %ir.29, !tbaa !17); renamable $rax = nuw ADD64ri32 killed renamable $rax(tied-def 0), 64, implicit-def dead $eflags; JMP_1 %bb.10"
lua_tonumberx,BB#7,3,"renamable $rax = MOV64rm killed renamable $rcx, 1, $noreg, 0, $noreg :: (load (s64) from %ir.6, !tbaa !12); CMP8mi renamable $rax, 1, $noreg, 8, $noreg, 102, implicit-def $eflags :: (load (s8) from %ir.34, align 8, !tbaa !12); JCC_1 %bb.2, 5, implicit $eflags"
lua_tonumberx,BB#8,6,"renamable $ecx = MOV32ri -1001000; renamable $ecx = nuw nsw SUB32rr killed renamable $ecx(tied-def 0), renamable $esi, implicit-def dead $eflags; renamable $rax = MOV64rm killed renamable $rax, 1, $noreg, 0, $noreg :: (load (s64) from %ir.33, !tbaa !12); renamable $edx = MOVZX32rm8 renamable $rax, 1, $noreg, 10, $noreg :: (load (s8) from %ir.40, align 2, !tbaa !29); CMP32rr killed renamable $ecx, killed renamable $edx, implicit-def $eflags; JCC_1 %bb.2, 7, implicit $eflags"
lua_tonumberx,BB#9,4,"renamable $ecx = MOV32ri -1001001, implicit-def $rcx; renamable $ecx = nuw nsw SUB32rr renamable $ecx(tied-def 0), killed renamable $esi, implicit-def dead $eflags, implicit killed $rcx, implicit-def $rcx; renamable $rcx = SHL64ri killed renamable $rcx(tied-def 0), 4, implicit-def dead $eflags; renamable $rax = LEA64r killed renamable $rax, 1, killed renamable $rcx, 32, $noreg"
lua_tonumberx,BB#10,2,"CMP8mi renamable $rax, 1, $noreg, 8, $noreg, 19, implicit-def $eflags :: (load (s8) from %ir.58, align 8, !tbaa !13); JCC_1 %bb.12, 5, implicit killed $eflags"
lua_tonumberx,BB#11,4,"renamable $xmm0 = MOVSDrm_alt killed renamable $rax, 1, $noreg, 0, $noreg :: (load (s64) from %ir.57, !tbaa !12); MOVSDmr $rsp, 1, $noreg, 8, $noreg, killed renamable $xmm0 :: (store (s64) into %ir.4, !tbaa !26); renamable $eax = MOV32ri 1; JMP_1 %bb.13"
lua_tonumberx,BB#12,3,"renamable $rsi = LEA64r $rsp, 1, $noreg, 8, $noreg; $rdi = COPY killed renamable $rax; CALL64pcrel32 @luaV_tonumber_, <regmask $bh $bl $bp $bph $bpl $bx $ebp $ebx $hbp $hbx $rbp $rbx $r12 $r13 $r14 $r15 $r12b $r13b $r14b $r15b $r12bh $r13bh $r14bh $r15bh $r12d $r13d $r14d $r15d $r12w $r13w $r14w $r15w $r12wh and 3 more...>, implicit $rsp, implicit $ssp, implicit $rdi, implicit $rsi, implicit-def $rsp, implicit-def $ssp, implicit-def $eax"
lua_tonumberx,BB#13,2,"TEST64rr renamable $rbx, renamable $rbx, implicit-def $eflags; JCC_1 %bb.15, 4, implicit $eflags"
lua_tonumberx,BB#14,1,"MOV32mr killed renamable $rbx, 1, $noreg, 0, $noreg, killed renamable $eax :: (store (s32) into %ir.2, !tbaa !33)"
lua_tonumberx,BB#15,6,"renamable $xmm0 = MOVSDrm_alt $rsp, 1, $noreg, 8, $noreg :: (dereferenceable load (s64) from %ir.4, !tbaa !26); $rsp = frame-destroy ADD64ri32 $rsp(tied-def 0), 16, implicit-def dead $eflags; frame-destroy CFI_INSTRUCTION def_cfa_offset 16; $rbx = frame-destroy POP64r implicit-def $rsp, implicit $rsp; frame-destroy CFI_INSTRUCTION def_cfa_offset 8; RET 0, $xmm0"
lua_tointegerx,BB#0,9,"frame-setup PUSH64r killed $rbx, implicit-def $rsp, implicit $rsp; frame-setup CFI_INSTRUCTION def_cfa_offset 16; $rsp = frame-setup SUB64ri32 $rsp(tied-def 0), 16, implicit-def dead $eflags; frame-setup CFI_INSTRUCTION def_cfa_offset 32; CFI_INSTRUCTION offset $rbx, -16; MOV64mi32 $rsp, 1, $noreg, 8, $noreg, 0 :: (store (s64) into %ir.4, !tbaa !24); renamable $rcx = MOV64rm renamable $rdi, 1, $noreg, 32, $noreg :: (load (s64) from %ir.5, !tbaa !3); TEST32rr renamable $esi, renamable $esi, implicit-def $eflags; JCC_1 %bb.3, 14, implicit killed $eflags"
lua_tointegerx,BB#1,5,"renamable $eax = MOV32rr killed renamable $esi, implicit-def $rax; renamable $rax = SHL64ri killed renamable $rax(tied-def 0), 4, implicit-def dead $eflags; renamable $rax = ADD64rm killed renamable $rax(tied-def 0), killed renamable $rcx, 1, $noreg, 0, $noreg, implicit-def dead $eflags :: (load (s64) from %ir.6, !tbaa !12); CMP64rm renamable $rax, renamable $rdi, 1, $noreg, 16, $noreg, implicit-def $eflags :: (load (s64) from %ir.12, !tbaa !12); JCC_1 %bb.10, 2, implicit $eflags"
lua_tointegerx,BB#2,3,"renamable $rax = MOV64rm killed renamable $rdi, 1, $noreg, 24, $noreg :: (load (s64) from %ir.53, !tbaa !17), (load (s64) from %ir.49, !tbaa !17), (load (s64) from %ir.16, !tbaa !17); renamable $rax = nuw ADD64ri32 killed renamable $rax(tied-def 0), 80, implicit-def dead $eflags; JMP_1 %bb.10"
lua_tointegerx,BB#3,2,"CMP32ri renamable $esi, -1000999, implicit-def $eflags; JCC_1 %bb.5, 12, implicit killed $eflags"
lua_tointegerx,BB#4,4,"renamable $rax = MOVSX64rr32 killed renamable $esi; renamable $rax = SHL64ri killed renamable $rax(tied-def 0), 4, implicit-def dead $eflags; renamable $rax = ADD64rm killed renamable $rax(tied-def 0), killed renamable $rdi, 1, $noreg, 16, $noreg, implicit-def dead $eflags :: (load (s64) from %ir.22, !tbaa !12); JMP_1 %bb.10"
lua_tointegerx,BB#5,2,"CMP32ri renamable $esi, -1001000, implicit-def $eflags; JCC_1 %bb.7, 5, implicit killed $eflags"
lua_tointegerx,BB#6,3,"renamable $rax = MOV64rm killed renamable $rdi, 1, $noreg, 24, $noreg :: (load (s64) from %ir.29, !tbaa !17); renamable $rax = nuw ADD64ri32 killed renamable $rax(tied-def 0), 64, implicit-def dead $eflags; JMP_1 %bb.10"
lua_tointegerx,BB#7,3,"renamable $rax = MOV64rm killed renamable $rcx, 1, $noreg, 0, $noreg :: (load (s64) from %ir.6, !tbaa !12); CMP8mi renamable $rax, 1, $noreg, 8, $noreg, 102, implicit-def $eflags :: (load (s8) from %ir.34, align 8, !tbaa !12); JCC_1 %bb.2, 5, implicit $eflags"
lua_tointegerx,BB#8,6,"renamable $ecx = MOV32ri -1001000; renamable $ecx = nuw nsw SUB32rr killed renamable $ecx(tied-def 0), renamable $esi, implicit-def dead $eflags; renamable $rax = MOV64rm killed renamable $rax, 1, $noreg, 0, $noreg :: (load (s64) from %ir.33, !tbaa !12); renamable $r8d = MOVZX32rm8 renamable $rax, 1, $noreg, 10, $noreg :: (load (s8) from %ir.40, align 2, !tbaa !29); CMP32rr killed renamable $ecx, killed renamable $r8d, implicit-def $eflags; JCC_1 %bb.2, 7, implicit $eflags"
lua_tointegerx,BB#9,4,"renamable $ecx = MOV32ri -1001001, implicit-def $rcx; renamable $ecx = nuw nsw SUB32rr renamable $ecx(tied-def 0), killed renamable $esi, implicit-def dead $eflags, implicit killed $rcx, implicit-def $rcx; renamable $rcx = SHL64ri killed renamable $rcx(tied-def 0), 4, implicit-def dead $eflags; renamable $rax = LEA64r killed renamable $rax, 1, killed renamable $rcx, 32, $noreg"
lua_tointegerx,BB#10,2,"CMP8mi renamable $rax, 1, $noreg, 8, $noreg, 3, implicit-def $eflags :: (load (s8) from %ir.58, align 8, !tbaa !13); JCC_1 %bb.12, 5, implicit killed $eflags"
lua_tointegerx,BB#11,4,"renamable $rax = MOV64rm killed renamable $rax, 1, $noreg, 0, $noreg :: (load (s64) from %ir.57, !tbaa !12); MOV64mr $rsp, 1, $noreg, 8, $noreg, killed renamable $rax :: (store (s64) into %ir.4, !tbaa !24); renamable $eax = MOV32ri 1; JMP_1 %bb.13"
lua_tointegerx,BB#12,6,"renamable $rsi = LEA64r $rsp, 1, $noreg, 8, $noreg; $rdi = COPY killed renamable $rax; renamable $rbx = COPY killed renamable $rdx; $edx = MOV32r0 implicit-def dead $eflags; CALL64pcrel32 @luaV_tointeger, <regmask $bh $bl $bp $bph $bpl $bx $ebp $ebx $hbp $hbx $rbp $rbx $r12 $r13 $r14 $r15 $r12b $r13b $r14b $r15b $r12bh $r13bh $r14bh $r15bh $r12d $r13d $r14d $r15d $r12w $r13w $r14w $r15w $r12wh and 3 more...>, implicit $rsp, implicit $ssp, implicit $rdi, implicit $rsi, implicit $edx, implicit-def $rsp, implicit-def $ssp, implicit-def $eax; renamable $rdx = COPY killed renamable $rbx"
lua_tointegerx,BB#13,2,"TEST64rr renamable $rdx, renamable $rdx, implicit-def $eflags; JCC_1 %bb.15, 4, implicit $eflags"
lua_tointegerx,BB#14,1,"MOV32mr killed renamable $rdx, 1, $noreg, 0, $noreg, killed renamable $eax :: (store (s32) into %ir.2, !tbaa !33)"
lua_tointegerx,BB#15,6,"renamable $rax = MOV64rm $rsp, 1, $noreg, 8, $noreg :: (dereferenceable load (s64) from %ir.4, !tbaa !24); $rsp = frame-destroy ADD64ri32 $rsp(tied-def 0), 16, implicit-def dead $eflags; frame-destroy CFI_INSTRUCTION def_cfa_offset 16; $rbx = frame-destroy POP64r implicit-def $rsp, implicit $rsp; frame-destroy CFI_INSTRUCTION def_cfa_offset 8; RET 0, $rax"
lua_toboolean,BB#0,3,"renamable $rcx = MOV64rm renamable $rdi, 1, $noreg, 32, $noreg :: (load (s64) from %ir.3, !tbaa !3); TEST32rr renamable $esi, renamable $esi, implicit-def $eflags; JCC_1 %bb.3, 14, implicit killed $eflags"
lua_toboolean,BB#1,5,"renamable $eax = MOV32rr killed renamable $esi, implicit-def $rax; renamable $rax = SHL64ri killed renamable $rax(tied-def 0), 4, implicit-def dead $eflags; renamable $rax = ADD64rm killed renamable $rax(tied-def 0), killed renamable $rcx, 1, $noreg, 0, $noreg, implicit-def dead $eflags :: (load (s64) from %ir.4, !tbaa !12); CMP64rm renamable $rax, renamable $rdi, 1, $noreg, 16, $noreg, implicit-def $eflags :: (load (s64) from %ir.10, !tbaa !12); JCC_1 %bb.10, 2, implicit $eflags"
lua_toboolean,BB#2,3,"renamable $rax = MOV64rm killed renamable $rdi, 1, $noreg, 24, $noreg :: (load (s64) from %ir.51, !tbaa !17), (load (s64) from %ir.47, !tbaa !17), (load (s64) from %ir.14, !tbaa !17); renamable $rax = nuw ADD64ri32 killed renamable $rax(tied-def 0), 80, implicit-def dead $eflags; JMP_1 %bb.10"
lua_toboolean,BB#3,2,"CMP32ri renamable $esi, -1000999, implicit-def $eflags; JCC_1 %bb.5, 12, implicit killed $eflags"
lua_toboolean,BB#4,4,"renamable $rax = MOVSX64rr32 killed renamable $esi; renamable $rax = SHL64ri killed renamable $rax(tied-def 0), 4, implicit-def dead $eflags; renamable $rax = ADD64rm killed renamable $rax(tied-def 0), killed renamable $rdi, 1, $noreg, 16, $noreg, implicit-def dead $eflags :: (load (s64) from %ir.20, !tbaa !12); JMP_1 %bb.10"
lua_toboolean,BB#5,2,"CMP32ri renamable $esi, -1001000, implicit-def $eflags; JCC_1 %bb.7, 5, implicit killed $eflags"
lua_toboolean,BB#6,3,"renamable $rax = MOV64rm killed renamable $rdi, 1, $noreg, 24, $noreg :: (load (s64) from %ir.27, !tbaa !17); renamable $rax = nuw ADD64ri32 killed renamable $rax(tied-def 0), 64, implicit-def dead $eflags; JMP_1 %bb.10"
lua_toboolean,BB#7,3,"renamable $rax = MOV64rm killed renamable $rcx, 1, $noreg, 0, $noreg :: (load (s64) from %ir.4, !tbaa !12); CMP8mi renamable $rax, 1, $noreg, 8, $noreg, 102, implicit-def $eflags :: (load (s8) from %ir.32, align 8, !tbaa !12); JCC_1 %bb.2, 5, implicit $eflags"
lua_toboolean,BB#8,6,"renamable $ecx = MOV32ri -1001000; renamable $ecx = nuw nsw SUB32rr killed renamable $ecx(tied-def 0), renamable $esi, implicit-def dead $eflags; renamable $rax = MOV64rm killed renamable $rax, 1, $noreg, 0, $noreg :: (load (s64) from %ir.31, !tbaa !12); renamable $edx = MOVZX32rm8 renamable $rax, 1, $noreg, 10, $noreg :: (load (s8) from %ir.38, align 2, !tbaa !29); CMP32rr killed renamable $ecx, killed renamable $edx, implicit-def $eflags; JCC_1 %bb.2, 7, implicit $eflags"
lua_toboolean,BB#9,4,"renamable $ecx = MOV32ri -1001001, implicit-def $rcx; renamable $ecx = nuw nsw SUB32rr renamable $ecx(tied-def 0), killed renamable $esi, implicit-def dead $eflags, implicit killed $rcx, implicit-def $rcx; renamable $rcx = SHL64ri killed renamable $rcx(tied-def 0), 4, implicit-def dead $eflags; renamable $rax = LEA64r killed renamable $rax, 1, killed renamable $rcx, 32, $noreg"
lua_toboolean,BB#10,8,"renamable $al = MOV8rm killed renamable $rax, 1, $noreg, 8, $noreg :: (load (s8) from %ir.56, align 8, !tbaa !13); CMP8ri renamable $al, 1, implicit-def $eflags; renamable $cl = SETCCr 5, implicit killed $eflags; TEST8ri killed renamable $al, 15, implicit-def $eflags; renamable $al = SETCCr 5, implicit killed $eflags; renamable $al = AND8rr killed renamable $al(tied-def 0), killed renamable $cl, implicit-def dead $eflags; renamable $eax = MOVZX32rr8 killed renamable $al; RET 0, $eax"
lua_tolstring,BB#0,14,"frame-setup PUSH64r killed $rbp, implicit-def $rsp, implicit $rsp; frame-setup CFI_INSTRUCTION def_cfa_offset 16; frame-setup PUSH64r killed $r14, implicit-def $rsp, implicit $rsp; frame-setup CFI_INSTRUCTION def_cfa_offset 24; frame-setup PUSH64r killed $rbx, implicit-def $rsp, implicit $rsp; frame-setup CFI_INSTRUCTION def_cfa_offset 32; CFI_INSTRUCTION offset $rbx, -32; CFI_INSTRUCTION offset $r14, -24; CFI_INSTRUCTION offset $rbp, -16; renamable $eax = COPY $esi; renamable $rbx = COPY $rdi; renamable $rcx = MOV64rm $rdi, 1, $noreg, 32, $noreg :: (load (s64) from %ir.4, !tbaa !3); TEST32rr $esi, $esi, implicit-def $eflags; JCC_1 %bb.3, 14, implicit $eflags"
lua_tolstring,BB#1,5,"renamable $esi = MOV32rr renamable $eax, implicit-def $rsi; renamable $rsi = SHL64ri killed renamable $rsi(tied-def 0), 4, implicit-def dead $eflags; renamable $rsi = ADD64rm killed renamable $rsi(tied-def 0), killed renamable $rcx, 1, $noreg, 0, $noreg, implicit-def dead $eflags :: (load (s64) from %ir.5, !tbaa !12); CMP64rm renamable $rsi, renamable $rbx, 1, $noreg, 16, $noreg, implicit-def $eflags :: (load (s64) from %ir.11, !tbaa !12); JCC_1 %bb.10, 2, implicit $eflags"
lua_tolstring,BB#2,3,"renamable $rsi = MOV64rm renamable $rbx, 1, $noreg, 24, $noreg :: (load (s64) from %ir.52, !tbaa !17), (load (s64) from %ir.48, !tbaa !17), (load (s64) from %ir.15, !tbaa !17); renamable $rsi = nuw ADD64ri32 killed renamable $rsi(tied-def 0), 80, implicit-def dead $eflags; JMP_1 %bb.10"
lua_tolstring,BB#3,2,"CMP32ri renamable $eax, -1000999, implicit-def $eflags; JCC_1 %bb.5, 12, implicit $eflags"
lua_tolstring,BB#4,4,"renamable $rsi = MOVSX64rr32 renamable $eax; renamable $rsi = SHL64ri killed renamable $rsi(tied-def 0), 4, implicit-def dead $eflags; renamable $rsi = ADD64rm killed renamable $rsi(tied-def 0), renamable $rbx, 1, $noreg, 16, $noreg, implicit-def dead $eflags :: (load (s64) from %ir.21, !tbaa !12); JMP_1 %bb.10"
lua_tolstring,BB#5,2,"CMP32ri renamable $eax, -1001000, implicit-def $eflags; JCC_1 %bb.7, 5, implicit $eflags"
lua_tolstring,BB#6,3,"renamable $rsi = MOV64rm renamable $rbx, 1, $noreg, 24, $noreg :: (load (s64) from %ir.28, !tbaa !17); renamable $rsi = nuw ADD64ri32 killed renamable $rsi(tied-def 0), 64, implicit-def dead $eflags; JMP_1 %bb.10"
lua_tolstring,BB#7,3,"renamable $rcx = MOV64rm killed renamable $rcx, 1, $noreg, 0, $noreg :: (load (s64) from %ir.5, !tbaa !12); CMP8mi renamable $rcx, 1, $noreg, 8, $noreg, 102, implicit-def $eflags :: (load (s8) from %ir.33, align 8, !tbaa !12); JCC_1 %bb.2, 5, implicit $eflags"
lua_tolstring,BB#8,6,"renamable $esi = MOV32ri -1001000; renamable $esi = nuw nsw SUB32rr killed renamable $esi(tied-def 0), renamable $eax, implicit-def dead $eflags; renamable $rcx = MOV64rm killed renamable $rcx, 1, $noreg, 0, $noreg :: (load (s64) from %ir.32, !tbaa !12); renamable $edi = MOVZX32rm8 renamable $rcx, 1, $noreg, 10, $noreg :: (load (s8) from %ir.39, align 2, !tbaa !29); CMP32rr killed renamable $esi, killed renamable $edi, implicit-def $eflags; JCC_1 %bb.2, 7, implicit $eflags"
lua_tolstring,BB#9,4,"renamable $esi = MOV32ri -1001001, implicit-def $rsi; renamable $esi = nuw nsw SUB32rr renamable $esi(tied-def 0), renamable $eax, implicit-def dead $eflags, implicit killed $rsi, implicit-def $rsi; renamable $rsi = SHL64ri killed renamable $rsi(tied-def 0), 4, implicit-def dead $eflags; renamable $rsi = LEA64r killed renamable $rcx, 1, killed renamable $rsi, 32, $noreg"
lua_tolstring,BB#10,4,"renamable $ecx = MOVZX32rm8 renamable $rsi, 1, $noreg, 8, $noreg :: (load (s8) from %ir.57, align 8, !tbaa !13); renamable $ecx = AND32ri killed renamable $ecx(tied-def 0), 15, implicit-def dead $eflags; CMP32ri renamable $ecx, 3, implicit-def $eflags; JCC_1 %bb.15, 4, implicit $eflags"
lua_tolstring,BB#11,2,"CMP32ri killed renamable $ecx, 4, implicit-def $eflags; JCC_1 %bb.27, 4, implicit $eflags"
lua_tolstring,BB#12,2,"TEST64rr renamable $rdx, renamable $rdx, implicit-def $eflags; JCC_1 %bb.14, 5, implicit $eflags"
lua_tolstring,BB#13,2,"renamable $eax = MOV32r0 implicit-def dead $eflags, implicit-def $rax; JMP_1 %bb.33"
lua_tolstring,BB#14,3,"MOV64mi32 killed renamable $rdx, 1, $noreg, 0, $noreg, 0 :: (store (s64) into %ir.2, !tbaa !35); renamable $eax = MOV32r0 implicit-def dead $eflags, implicit-def $rax; JMP_1 %bb.33"
lua_tolstring,BB#15,7,"renamable $ebp = COPY killed renamable $eax; renamable $r14 = COPY killed renamable $rdx; $rdi = COPY renamable $rbx; CALL64pcrel32 @luaO_tostring, <regmask $bh $bl $bp $bph $bpl $bx $ebp $ebx $hbp $hbx $rbp $rbx $r12 $r13 $r14 $r15 $r12b $r13b $r14b $r15b $r12bh $r13bh $r14bh $r15bh $r12d $r13d $r14d $r15d $r12w $r13w $r14w $r15w $r12wh and 3 more...>, implicit $rsp, implicit $ssp, implicit $rdi, implicit $rsi, implicit-def $rsp, implicit-def $ssp; renamable $rax = MOV64rm renamable $rbx, 1, $noreg, 24, $noreg :: (load (s64) from %ir.65, !tbaa !17); CMP64mi32 killed renamable $rax, 1, $noreg, 24, $noreg, 0, implicit-def $eflags :: (load (s64) from %ir.67, !tbaa !36); JCC_1 %bb.17, 14, implicit $eflags"
lua_tolstring,BB#16,2,"$rdi = COPY renamable $rbx; CALL64pcrel32 @luaC_step, <regmask $bh $bl $bp $bph $bpl $bx $ebp $ebx $hbp $hbx $rbp $rbx $r12 $r13 $r14 $r15 $r12b $r13b $r14b $r15b $r12bh $r13bh $r14bh $r15bh $r12d $r13d $r14d $r15d $r12w $r13w $r14w $r15w $r12wh and 3 more...>, implicit $rsp, implicit $ssp, implicit $rdi, implicit-def $rsp, implicit-def $ssp"
lua_tolstring,BB#17,5,"renamable $rcx = MOV64rm renamable $rbx, 1, $noreg, 32, $noreg :: (load (s64) from %ir.73, !tbaa !3); renamable $eax = COPY renamable $ebp; TEST32rr $ebp, $ebp, implicit-def $eflags; renamable $rdx = COPY killed renamable $r14; JCC_1 %bb.20, 14, implicit $eflags"
lua_tolstring,BB#18,5,"renamable $esi = MOV32rr killed renamable $eax, implicit-def $rsi; renamable $rsi = SHL64ri killed renamable $rsi(tied-def 0), 4, implicit-def dead $eflags; renamable $rsi = ADD64rm killed renamable $rsi(tied-def 0), killed renamable $rcx, 1, $noreg, 0, $noreg, implicit-def dead $eflags :: (load (s64) from %ir.74, !tbaa !12); CMP64rm renamable $rsi, renamable $rbx, 1, $noreg, 16, $noreg, implicit-def $eflags :: (load (s64) from %ir.79, !tbaa !12); JCC_1 %bb.27, 2, implicit $eflags"
lua_tolstring,BB#19,3,"renamable $rsi = MOV64rm killed renamable $rbx, 1, $noreg, 24, $noreg :: (load (s64) from %ir.120, !tbaa !17), (load (s64) from %ir.116, !tbaa !17), (load (s64) from %ir.83, !tbaa !17); renamable $rsi = nuw ADD64ri32 killed renamable $rsi(tied-def 0), 80, implicit-def dead $eflags; JMP_1 %bb.27"
lua_tolstring,BB#20,2,"CMP32ri renamable $eax, -1000999, implicit-def $eflags; JCC_1 %bb.22, 12, implicit $eflags"
lua_tolstring,BB#21,4,"renamable $rsi = MOVSX64rr32 killed renamable $eax; renamable $rsi = SHL64ri killed renamable $rsi(tied-def 0), 4, implicit-def dead $eflags; renamable $rsi = ADD64rm killed renamable $rsi(tied-def 0), killed renamable $rbx, 1, $noreg, 16, $noreg, implicit-def dead $eflags :: (load (s64) from %ir.89, !tbaa !12); JMP_1 %bb.27"
lua_tolstring,BB#22,2,"CMP32ri renamable $eax, -1001000, implicit-def $eflags; JCC_1 %bb.24, 5, implicit $eflags"
lua_tolstring,BB#23,3,"renamable $rsi = MOV64rm killed renamable $rbx, 1, $noreg, 24, $noreg :: (load (s64) from %ir.96, !tbaa !17); renamable $rsi = nuw ADD64ri32 killed renamable $rsi(tied-def 0), 64, implicit-def dead $eflags; JMP_1 %bb.27"
lua_tolstring,BB#24,3,"renamable $rcx = MOV64rm killed renamable $rcx, 1, $noreg, 0, $noreg :: (load (s64) from %ir.74, !tbaa !12); CMP8mi renamable $rcx, 1, $noreg, 8, $noreg, 102, implicit-def $eflags :: (load (s8) from %ir.101, align 8, !tbaa !12); JCC_1 %bb.19, 5, implicit $eflags"
lua_tolstring,BB#25,6,"renamable $esi = MOV32ri -1001000; renamable $esi = nuw nsw SUB32rr killed renamable $esi(tied-def 0), renamable $eax, implicit-def dead $eflags; renamable $rcx = MOV64rm killed renamable $rcx, 1, $noreg, 0, $noreg :: (load (s64) from %ir.100, !tbaa !12); renamable $edi = MOVZX32rm8 renamable $rcx, 1, $noreg, 10, $noreg :: (load (s8) from %ir.107, align 2, !tbaa !29); CMP32rr killed renamable $esi, killed renamable $edi, implicit-def $eflags; JCC_1 %bb.19, 7, implicit $eflags"
lua_tolstring,BB#26,4,"renamable $esi = MOV32ri -1001001, implicit-def $rsi; renamable $esi = nuw nsw SUB32rr renamable $esi(tied-def 0), killed renamable $eax, implicit-def dead $eflags, implicit killed $rsi, implicit-def $rsi; renamable $rsi = SHL64ri killed renamable $rsi(tied-def 0), 4, implicit-def dead $eflags; renamable $rsi = LEA64r killed renamable $rcx, 1, killed renamable $rsi, 32, $noreg"
lua_tolstring,BB#27,2,"TEST64rr renamable $rdx, renamable $rdx, implicit-def $eflags; JCC_1 %bb.32, 4, implicit $eflags"
lua_tolstring,BB#28,3,"renamable $rax = MOV64rm renamable $rsi, 1, $noreg, 0, $noreg :: (load (s64) from %ir.124, !tbaa !12); CMP8mi renamable $rax, 1, $noreg, 8, $noreg, 4, implicit-def $eflags :: (load (s8) from %ir.128, align 8, !tbaa !12); JCC_1 %bb.30, 5, implicit $eflags"
lua_tolstring,BB#29,2,"renamable $eax = MOVZX32rm8 killed renamable $rax, 1, $noreg, 11, $noreg, implicit-def $rax :: (load (s8) from %ir.132, !tbaa !12); JMP_1 %bb.31"
lua_tolstring,BB#30,1,"renamable $rax = MOV64rm killed renamable $rax, 1, $noreg, 16, $noreg :: (load (s64) from %ir.136, !tbaa !12)"
lua_tolstring,BB#31,1,"MOV64mr killed renamable $rdx, 1, $noreg, 0, $noreg, killed renamable $rax :: (store (s64) into %ir.2, !tbaa !35)"
lua_tolstring,BB#32,2,"renamable $rax = MOV64rm killed renamable $rsi, 1, $noreg, 0, $noreg :: (load (s64) from %ir.124, !tbaa !12); renamable $rax = nuw ADD64ri32 killed renamable $rax(tied-def 0), 24, implicit-def dead $eflags"
lua_tolstring,BB#33,7,"$rbx = frame-destroy POP64r implicit-def $rsp, implicit $rsp; frame-destroy CFI_INSTRUCTION def_cfa_offset 24; $r14 = frame-destroy POP64r implicit-def $rsp, implicit $rsp; frame-destroy CFI_INSTRUCTION def_cfa_offset 16; $rbp = frame-destroy POP64r implicit-def $rsp, implicit $rsp; frame-destroy CFI_INSTRUCTION def_cfa_offset 8; RET 0, $rax"
lua_rawlen,BB#0,3,"renamable $rax = MOV64rm renamable $rdi, 1, $noreg, 32, $noreg :: (load (s64) from %ir.3, !tbaa !3); TEST32rr renamable $esi, renamable $esi, implicit-def $eflags; JCC_1 %bb.3, 14, implicit killed $eflags"
lua_rawlen,BB#1,5,"renamable $ecx = MOV32rr killed renamable $esi, implicit-def $rcx; renamable $rcx = SHL64ri killed renamable $rcx(tied-def 0), 4, implicit-def dead $eflags; renamable $rcx = ADD64rm killed renamable $rcx(tied-def 0), killed renamable $rax, 1, $noreg, 0, $noreg, implicit-def dead $eflags :: (load (s64) from %ir.4, !tbaa !12); CMP64rm renamable $rcx, renamable $rdi, 1, $noreg, 16, $noreg, implicit-def $eflags :: (load (s64) from %ir.10, !tbaa !12); JCC_1 %bb.10, 2, implicit $eflags"
lua_rawlen,BB#2,3,"renamable $rcx = MOV64rm killed renamable $rdi, 1, $noreg, 24, $noreg :: (load (s64) from %ir.51, !tbaa !17), (load (s64) from %ir.47, !tbaa !17), (load (s64) from %ir.14, !tbaa !17); renamable $rcx = nuw ADD64ri32 killed renamable $rcx(tied-def 0), 80, implicit-def dead $eflags; JMP_1 %bb.10"
lua_rawlen,BB#3,2,"CMP32ri renamable $esi, -1000999, implicit-def $eflags; JCC_1 %bb.5, 12, implicit killed $eflags"
lua_rawlen,BB#4,4,"renamable $rcx = MOVSX64rr32 killed renamable $esi; renamable $rcx = SHL64ri killed renamable $rcx(tied-def 0), 4, implicit-def dead $eflags; renamable $rcx = ADD64rm killed renamable $rcx(tied-def 0), killed renamable $rdi, 1, $noreg, 16, $noreg, implicit-def dead $eflags :: (load (s64) from %ir.20, !tbaa !12); JMP_1 %bb.10"
lua_rawlen,BB#5,2,"CMP32ri renamable $esi, -1001000, implicit-def $eflags; JCC_1 %bb.7, 5, implicit killed $eflags"
lua_rawlen,BB#6,3,"renamable $rcx = MOV64rm killed renamable $rdi, 1, $noreg, 24, $noreg :: (load (s64) from %ir.27, !tbaa !17); renamable $rcx = nuw ADD64ri32 killed renamable $rcx(tied-def 0), 64, implicit-def dead $eflags; JMP_1 %bb.10"
lua_rawlen,BB#7,3,"renamable $rax = MOV64rm killed renamable $rax, 1, $noreg, 0, $noreg :: (load (s64) from %ir.4, !tbaa !12); CMP8mi renamable $rax, 1, $noreg, 8, $noreg, 102, implicit-def $eflags :: (load (s8) from %ir.32, align 8, !tbaa !12); JCC_1 %bb.2, 5, implicit $eflags"
lua_rawlen,BB#8,6,"renamable $ecx = MOV32ri -1001000; renamable $ecx = nuw nsw SUB32rr killed renamable $ecx(tied-def 0), renamable $esi, implicit-def dead $eflags; renamable $rax = MOV64rm killed renamable $rax, 1, $noreg, 0, $noreg :: (load (s64) from %ir.31, !tbaa !12); renamable $edx = MOVZX32rm8 renamable $rax, 1, $noreg, 10, $noreg :: (load (s8) from %ir.38, align 2, !tbaa !29); CMP32rr killed renamable $ecx, killed renamable $edx, implicit-def $eflags; JCC_1 %bb.2, 7, implicit $eflags"
lua_rawlen,BB#9,4,"renamable $ecx = MOV32ri -1001001, implicit-def $rcx; renamable $ecx = nuw nsw SUB32rr renamable $ecx(tied-def 0), killed renamable $esi, implicit-def dead $eflags, implicit killed $rcx, implicit-def $rcx; renamable $rcx = SHL64ri killed renamable $rcx(tied-def 0), 4, implicit-def dead $eflags; renamable $rcx = LEA64r killed renamable $rax, 1, killed renamable $rcx, 32, $noreg"
lua_rawlen,BB#10,6,"renamable $edx = MOVZX32rm8 renamable $rcx, 1, $noreg, 8, $noreg, implicit-def $rdx :: (load (s8) from %ir.56, align 8, !tbaa !13); renamable $edx = AND32ri renamable $edx(tied-def 0), 63, implicit-def dead $eflags, implicit killed $rdx, implicit-def $rdx; renamable $eax = MOV32r0 implicit-def dead $eflags, implicit-def $rax; renamable $edx = ADD32ri renamable $edx(tied-def 0), -4, implicit-def dead $eflags, implicit killed $rdx, implicit-def $rdx; CMP32ri renamable $edx, 16, implicit-def $eflags; JCC_1 %bb.15, 7, implicit $eflags"
lua_rawlen,BB#11,1,"JMP64m $noreg, 8, killed renamable $rdx, %jump-table.0, $noreg :: (load (s64) from jump-table)"
lua_rawlen,BB#12,3,"renamable $rax = MOV64rm killed renamable $rcx, 1, $noreg, 0, $noreg :: (load (s64) from %ir.55, !tbaa !12); renamable $rax = MOV64rm killed renamable $rax, 1, $noreg, 16, $noreg :: (load (s64) from %ir.71, !tbaa !12), (load (s64) from %ir.67, !tbaa !12); RET 0, $rax"
lua_rawlen,BB#13,2,"renamable $rdi = MOV64rm killed renamable $rcx, 1, $noreg, 0, $noreg :: (load (s64) from %ir.55, !tbaa !12); TCRETURNdi64 @luaH_getn, 0, <regmask $bh $bl $bp $bph $bpl $bx $ebp $ebx $hbp $hbx $rbp $rbx $r12 $r13 $r14 $r15 $r12b $r13b $r14b $r15b $r12bh $r13bh $r14bh $r15bh $r12d $r13d $r14d $r15d $r12w $r13w $r14w $r15w $r12wh and 3 more...>, implicit $rsp, implicit $ssp, implicit $rdi"
lua_rawlen,BB#14,2,"renamable $rax = MOV64rm killed renamable $rcx, 1, $noreg, 0, $noreg :: (load (s64) from %ir.55, !tbaa !12); renamable $eax = MOVZX32rm8 killed renamable $rax, 1, $noreg, 11, $noreg, implicit-def $rax :: (load (s8) from %ir.62, !tbaa !12)"
lua_rawlen,BB#15,1,"RET 0, $rax"
lua_tocfunction,BB#0,3,"renamable $rcx = MOV64rm renamable $rdi, 1, $noreg, 32, $noreg :: (load (s64) from %ir.3, !tbaa !3); TEST32rr renamable $esi, renamable $esi, implicit-def $eflags; JCC_1 %bb.3, 14, implicit killed $eflags"
lua_tocfunction,BB#1,5,"renamable $eax = MOV32rr killed renamable $esi, implicit-def $rax; renamable $rax = SHL64ri killed renamable $rax(tied-def 0), 4, implicit-def dead $eflags; renamable $rax = ADD64rm killed renamable $rax(tied-def 0), killed renamable $rcx, 1, $noreg, 0, $noreg, implicit-def dead $eflags :: (load (s64) from %ir.4, !tbaa !12); CMP64rm renamable $rax, renamable $rdi, 1, $noreg, 16, $noreg, implicit-def $eflags :: (load (s64) from %ir.10, !tbaa !12); JCC_1 %bb.10, 2, implicit $eflags"
lua_tocfunction,BB#2,3,"renamable $rax = MOV64rm killed renamable $rdi, 1, $noreg, 24, $noreg :: (load (s64) from %ir.51, !tbaa !17), (load (s64) from %ir.47, !tbaa !17), (load (s64) from %ir.14, !tbaa !17); renamable $rax = nuw ADD64ri32 killed renamable $rax(tied-def 0), 80, implicit-def dead $eflags; JMP_1 %bb.10"
lua_tocfunction,BB#3,2,"CMP32ri renamable $esi, -1000999, implicit-def $eflags; JCC_1 %bb.5, 12, implicit killed $eflags"
lua_tocfunction,BB#4,4,"renamable $rax = MOVSX64rr32 killed renamable $esi; renamable $rax = SHL64ri killed renamable $rax(tied-def 0), 4, implicit-def dead $eflags; renamable $rax = ADD64rm killed renamable $rax(tied-def 0), killed renamable $rdi, 1, $noreg, 16, $noreg, implicit-def dead $eflags :: (load (s64) from %ir.20, !tbaa !12); JMP_1 %bb.10"
lua_tocfunction,BB#5,2,"CMP32ri renamable $esi, -1001000, implicit-def $eflags; JCC_1 %bb.7, 5, implicit killed $eflags"
lua_tocfunction,BB#6,3,"renamable $rax = MOV64rm killed renamable $rdi, 1, $noreg, 24, $noreg :: (load (s64) from %ir.27, !tbaa !17); renamable $rax = nuw ADD64ri32 killed renamable $rax(tied-def 0), 64, implicit-def dead $eflags; JMP_1 %bb.10"
lua_tocfunction,BB#7,3,"renamable $rax = MOV64rm killed renamable $rcx, 1, $noreg, 0, $noreg :: (load (s64) from %ir.4, !tbaa !12); CMP8mi renamable $rax, 1, $noreg, 8, $noreg, 102, implicit-def $eflags :: (load (s8) from %ir.32, align 8, !tbaa !12); JCC_1 %bb.2, 5, implicit $eflags"
lua_tocfunction,BB#8,6,"renamable $ecx = MOV32ri -1001000; renamable $ecx = nuw nsw SUB32rr killed renamable $ecx(tied-def 0), renamable $esi, implicit-def dead $eflags; renamable $rax = MOV64rm killed renamable $rax, 1, $noreg, 0, $noreg :: (load (s64) from %ir.31, !tbaa !12); renamable $edx = MOVZX32rm8 renamable $rax, 1, $noreg, 10, $noreg :: (load (s8) from %ir.38, align 2, !tbaa !29); CMP32rr killed renamable $ecx, killed renamable $edx, implicit-def $eflags; JCC_1 %bb.2, 7, implicit $eflags"
lua_tocfunction,BB#9,4,"renamable $ecx = MOV32ri -1001001, implicit-def $rcx; renamable $ecx = nuw nsw SUB32rr renamable $ecx(tied-def 0), killed renamable $esi, implicit-def dead $eflags, implicit killed $rcx, implicit-def $rcx; renamable $rcx = SHL64ri killed renamable $rcx(tied-def 0), 4, implicit-def dead $eflags; renamable $rax = LEA64r killed renamable $rax, 1, killed renamable $rcx, 32, $noreg"
lua_tocfunction,BB#10,3,"renamable $ecx = MOVZX32rm8 renamable $rax, 1, $noreg, 8, $noreg :: (load (s8) from %ir.56, align 8, !tbaa !13); CMP32ri renamable $ecx, 22, implicit-def $eflags; JCC_1 %bb.14, 4, implicit $eflags"
lua_tocfunction,BB#11,2,"CMP32ri killed renamable $ecx, 102, implicit-def $eflags; JCC_1 %bb.13, 4, implicit killed $eflags"
lua_tocfunction,BB#12,2,"renamable $eax = MOV32r0 implicit-def dead $eflags, implicit-def $rax; RET 0, $rax"
lua_tocfunction,BB#13,2,"renamable $rax = MOV64rm killed renamable $rax, 1, $noreg, 0, $noreg :: (load (s64) from %ir.55, !tbaa !12); renamable $rax = nuw ADD64ri32 killed renamable $rax(tied-def 0), 24, implicit-def dead $eflags"
lua_tocfunction,BB#14,2,"renamable $rax = MOV64rm killed renamable $rax, 1, $noreg, 0, $noreg :: (load (s64) from %ir.63, !tbaa !12); RET 0, $rax"
lua_touserdata,BB#0,3,"renamable $rcx = MOV64rm renamable $rdi, 1, $noreg, 32, $noreg :: (load (s64) from %ir.3, !tbaa !3); TEST32rr renamable $esi, renamable $esi, implicit-def $eflags; JCC_1 %bb.3, 14, implicit killed $eflags"
lua_touserdata,BB#1,5,"renamable $eax = MOV32rr killed renamable $esi, implicit-def $rax; renamable $rax = SHL64ri killed renamable $rax(tied-def 0), 4, implicit-def dead $eflags; renamable $rax = ADD64rm killed renamable $rax(tied-def 0), killed renamable $rcx, 1, $noreg, 0, $noreg, implicit-def dead $eflags :: (load (s64) from %ir.4, !tbaa !12); CMP64rm renamable $rax, renamable $rdi, 1, $noreg, 16, $noreg, implicit-def $eflags :: (load (s64) from %ir.10, !tbaa !12); JCC_1 %bb.10, 2, implicit $eflags"
lua_touserdata,BB#2,3,"renamable $rax = MOV64rm killed renamable $rdi, 1, $noreg, 24, $noreg :: (load (s64) from %ir.51, !tbaa !17), (load (s64) from %ir.47, !tbaa !17), (load (s64) from %ir.14, !tbaa !17); renamable $rax = nuw ADD64ri32 killed renamable $rax(tied-def 0), 80, implicit-def dead $eflags; JMP_1 %bb.10"
lua_touserdata,BB#3,2,"CMP32ri renamable $esi, -1000999, implicit-def $eflags; JCC_1 %bb.5, 12, implicit killed $eflags"
lua_touserdata,BB#4,4,"renamable $rax = MOVSX64rr32 killed renamable $esi; renamable $rax = SHL64ri killed renamable $rax(tied-def 0), 4, implicit-def dead $eflags; renamable $rax = ADD64rm killed renamable $rax(tied-def 0), killed renamable $rdi, 1, $noreg, 16, $noreg, implicit-def dead $eflags :: (load (s64) from %ir.20, !tbaa !12); JMP_1 %bb.10"
lua_touserdata,BB#5,2,"CMP32ri renamable $esi, -1001000, implicit-def $eflags; JCC_1 %bb.7, 5, implicit killed $eflags"
lua_touserdata,BB#6,3,"renamable $rax = MOV64rm killed renamable $rdi, 1, $noreg, 24, $noreg :: (load (s64) from %ir.27, !tbaa !17); renamable $rax = nuw ADD64ri32 killed renamable $rax(tied-def 0), 64, implicit-def dead $eflags; JMP_1 %bb.10"
lua_touserdata,BB#7,3,"renamable $rax = MOV64rm killed renamable $rcx, 1, $noreg, 0, $noreg :: (load (s64) from %ir.4, !tbaa !12); CMP8mi renamable $rax, 1, $noreg, 8, $noreg, 102, implicit-def $eflags :: (load (s8) from %ir.32, align 8, !tbaa !12); JCC_1 %bb.2, 5, implicit $eflags"
lua_touserdata,BB#8,6,"renamable $ecx = MOV32ri -1001000; renamable $ecx = nuw nsw SUB32rr killed renamable $ecx(tied-def 0), renamable $esi, implicit-def dead $eflags; renamable $rax = MOV64rm killed renamable $rax, 1, $noreg, 0, $noreg :: (load (s64) from %ir.31, !tbaa !12); renamable $edx = MOVZX32rm8 renamable $rax, 1, $noreg, 10, $noreg :: (load (s8) from %ir.38, align 2, !tbaa !29); CMP32rr killed renamable $ecx, killed renamable $edx, implicit-def $eflags; JCC_1 %bb.2, 7, implicit $eflags"
lua_touserdata,BB#9,4,"renamable $ecx = MOV32ri -1001001, implicit-def $rcx; renamable $ecx = nuw nsw SUB32rr renamable $ecx(tied-def 0), killed renamable $esi, implicit-def dead $eflags, implicit killed $rcx, implicit-def $rcx; renamable $rcx = SHL64ri killed renamable $rcx(tied-def 0), 4, implicit-def dead $eflags; renamable $rax = LEA64r killed renamable $rax, 1, killed renamable $rcx, 32, $noreg"
lua_touserdata,BB#10,4,"renamable $ecx = MOVZX32rm8 renamable $rax, 1, $noreg, 8, $noreg :: (load (s8) from %ir.56, align 8, !tbaa !13); renamable $ecx = AND32ri killed renamable $ecx(tied-def 0), 15, implicit-def dead $eflags; CMP32ri renamable $ecx, 2, implicit-def $eflags; JCC_1 %bb.14, 4, implicit killed $eflags"
lua_touserdata,BB#11,2,"CMP32ri killed renamable $ecx, 7, implicit-def $eflags; JCC_1 %bb.13, 4, implicit killed $eflags"
lua_touserdata,BB#12,2,"renamable $eax = MOV32r0 implicit-def dead $eflags, implicit-def $rax; RET 0, $rax"
lua_touserdata,BB#13,10,"renamable $rcx = MOV64rm killed renamable $rax, 1, $noreg, 0, $noreg :: (load (s64) from %ir.55, !tbaa !12); renamable $eax = MOVZX32rm16 renamable $rcx, 1, $noreg, 10, $noreg, implicit-def $rax :: (load (s16) from %ir.62, !tbaa !12); renamable $rdx = COPY renamable $rax; renamable $rdx = nuw nsw SHL64ri killed renamable $rdx(tied-def 0), 4, implicit-def dead $eflags; renamable $rdx = nuw nsw ADD64ri32 killed renamable $rdx(tied-def 0), 40, implicit-def dead $eflags; TEST64rr killed renamable $rax, renamable $rax, implicit-def $eflags; renamable $rax = MOV32ri64 32; renamable $rax = CMOV64rr killed renamable $rax(tied-def 0), killed renamable $rdx, 5, implicit killed $eflags; renamable $rax = ADD64rr killed renamable $rax(tied-def 0), killed renamable $rcx, implicit-def dead $eflags; RET 0, $rax"
lua_touserdata,BB#14,2,"renamable $rax = MOV64rm killed renamable $rax, 1, $noreg, 0, $noreg :: (load (s64) from %ir.55, !tbaa !12); RET 0, $rax"
lua_tothread,BB#0,3,"renamable $rcx = MOV64rm renamable $rdi, 1, $noreg, 32, $noreg :: (load (s64) from %ir.3, !tbaa !3); TEST32rr renamable $esi, renamable $esi, implicit-def $eflags; JCC_1 %bb.3, 14, implicit killed $eflags"
lua_tothread,BB#1,5,"renamable $eax = MOV32rr killed renamable $esi, implicit-def $rax; renamable $rax = SHL64ri killed renamable $rax(tied-def 0), 4, implicit-def dead $eflags; renamable $rax = ADD64rm killed renamable $rax(tied-def 0), killed renamable $rcx, 1, $noreg, 0, $noreg, implicit-def dead $eflags :: (load (s64) from %ir.4, !tbaa !12); CMP64rm renamable $rax, renamable $rdi, 1, $noreg, 16, $noreg, implicit-def $eflags :: (load (s64) from %ir.10, !tbaa !12); JCC_1 %bb.10, 2, implicit $eflags"
lua_tothread,BB#2,3,"renamable $rax = MOV64rm killed renamable $rdi, 1, $noreg, 24, $noreg :: (load (s64) from %ir.51, !tbaa !17), (load (s64) from %ir.47, !tbaa !17), (load (s64) from %ir.14, !tbaa !17); renamable $rax = nuw ADD64ri32 killed renamable $rax(tied-def 0), 80, implicit-def dead $eflags; JMP_1 %bb.10"
lua_tothread,BB#3,2,"CMP32ri renamable $esi, -1000999, implicit-def $eflags; JCC_1 %bb.5, 12, implicit killed $eflags"
lua_tothread,BB#4,4,"renamable $rax = MOVSX64rr32 killed renamable $esi; renamable $rax = SHL64ri killed renamable $rax(tied-def 0), 4, implicit-def dead $eflags; renamable $rax = ADD64rm killed renamable $rax(tied-def 0), killed renamable $rdi, 1, $noreg, 16, $noreg, implicit-def dead $eflags :: (load (s64) from %ir.20, !tbaa !12); JMP_1 %bb.10"
lua_tothread,BB#5,2,"CMP32ri renamable $esi, -1001000, implicit-def $eflags; JCC_1 %bb.7, 5, implicit killed $eflags"
lua_tothread,BB#6,3,"renamable $rax = MOV64rm killed renamable $rdi, 1, $noreg, 24, $noreg :: (load (s64) from %ir.27, !tbaa !17); renamable $rax = nuw ADD64ri32 killed renamable $rax(tied-def 0), 64, implicit-def dead $eflags; JMP_1 %bb.10"
lua_tothread,BB#7,3,"renamable $rax = MOV64rm killed renamable $rcx, 1, $noreg, 0, $noreg :: (load (s64) from %ir.4, !tbaa !12); CMP8mi renamable $rax, 1, $noreg, 8, $noreg, 102, implicit-def $eflags :: (load (s8) from %ir.32, align 8, !tbaa !12); JCC_1 %bb.2, 5, implicit $eflags"
lua_tothread,BB#8,6,"renamable $ecx = MOV32ri -1001000; renamable $ecx = nuw nsw SUB32rr killed renamable $ecx(tied-def 0), renamable $esi, implicit-def dead $eflags; renamable $rax = MOV64rm killed renamable $rax, 1, $noreg, 0, $noreg :: (load (s64) from %ir.31, !tbaa !12); renamable $edx = MOVZX32rm8 renamable $rax, 1, $noreg, 10, $noreg :: (load (s8) from %ir.38, align 2, !tbaa !29); CMP32rr killed renamable $ecx, killed renamable $edx, implicit-def $eflags; JCC_1 %bb.2, 7, implicit $eflags"
lua_tothread,BB#9,4,"renamable $ecx = MOV32ri -1001001, implicit-def $rcx; renamable $ecx = nuw nsw SUB32rr renamable $ecx(tied-def 0), killed renamable $esi, implicit-def dead $eflags, implicit killed $rcx, implicit-def $rcx; renamable $rcx = SHL64ri killed renamable $rcx(tied-def 0), 4, implicit-def dead $eflags; renamable $rax = LEA64r killed renamable $rax, 1, killed renamable $rcx, 32, $noreg"
lua_tothread,BB#10,2,"CMP8mi renamable $rax, 1, $noreg, 8, $noreg, 72, implicit-def $eflags :: (load (s8) from %ir.56, align 8, !tbaa !13); JCC_1 %bb.12, 4, implicit killed $eflags"
lua_tothread,BB#11,2,"renamable $eax = MOV32r0 implicit-def dead $eflags, implicit-def $rax; RET 0, $rax"
lua_tothread,BB#12,2,"renamable $rax = MOV64rm killed renamable $rax, 1, $noreg, 0, $noreg :: (load (s64) from %ir.55, !tbaa !12); RET 0, $rax"
lua_topointer,BB#0,3,"renamable $rcx = MOV64rm renamable $rdi, 1, $noreg, 32, $noreg :: (load (s64) from %ir.3, !tbaa !3); TEST32rr renamable $esi, renamable $esi, implicit-def $eflags; JCC_1 %bb.3, 14, implicit killed $eflags"
lua_topointer,BB#1,5,"renamable $eax = MOV32rr killed renamable $esi, implicit-def $rax; renamable $rax = SHL64ri killed renamable $rax(tied-def 0), 4, implicit-def dead $eflags; renamable $rax = ADD64rm killed renamable $rax(tied-def 0), killed renamable $rcx, 1, $noreg, 0, $noreg, implicit-def dead $eflags :: (load (s64) from %ir.4, !tbaa !12); CMP64rm renamable $rax, renamable $rdi, 1, $noreg, 16, $noreg, implicit-def $eflags :: (load (s64) from %ir.10, !tbaa !12); JCC_1 %bb.10, 2, implicit $eflags"
lua_topointer,BB#2,3,"renamable $rax = MOV64rm killed renamable $rdi, 1, $noreg, 24, $noreg :: (load (s64) from %ir.51, !tbaa !17), (load (s64) from %ir.47, !tbaa !17), (load (s64) from %ir.14, !tbaa !17); renamable $rax = nuw ADD64ri32 killed renamable $rax(tied-def 0), 80, implicit-def dead $eflags; JMP_1 %bb.10"
lua_topointer,BB#3,2,"CMP32ri renamable $esi, -1000999, implicit-def $eflags; JCC_1 %bb.5, 12, implicit killed $eflags"
lua_topointer,BB#4,4,"renamable $rax = MOVSX64rr32 killed renamable $esi; renamable $rax = SHL64ri killed renamable $rax(tied-def 0), 4, implicit-def dead $eflags; renamable $rax = ADD64rm killed renamable $rax(tied-def 0), killed renamable $rdi, 1, $noreg, 16, $noreg, implicit-def dead $eflags :: (load (s64) from %ir.20, !tbaa !12); JMP_1 %bb.10"
lua_topointer,BB#5,2,"CMP32ri renamable $esi, -1001000, implicit-def $eflags; JCC_1 %bb.7, 5, implicit killed $eflags"
lua_topointer,BB#6,3,"renamable $rax = MOV64rm killed renamable $rdi, 1, $noreg, 24, $noreg :: (load (s64) from %ir.27, !tbaa !17); renamable $rax = nuw ADD64ri32 killed renamable $rax(tied-def 0), 64, implicit-def dead $eflags; JMP_1 %bb.10"
lua_topointer,BB#7,3,"renamable $rax = MOV64rm killed renamable $rcx, 1, $noreg, 0, $noreg :: (load (s64) from %ir.4, !tbaa !12); CMP8mi renamable $rax, 1, $noreg, 8, $noreg, 102, implicit-def $eflags :: (load (s8) from %ir.32, align 8, !tbaa !12); JCC_1 %bb.2, 5, implicit $eflags"
lua_topointer,BB#8,6,"renamable $ecx = MOV32ri -1001000; renamable $ecx = nuw nsw SUB32rr killed renamable $ecx(tied-def 0), renamable $esi, implicit-def dead $eflags; renamable $rax = MOV64rm killed renamable $rax, 1, $noreg, 0, $noreg :: (load (s64) from %ir.31, !tbaa !12); renamable $edx = MOVZX32rm8 renamable $rax, 1, $noreg, 10, $noreg :: (load (s8) from %ir.38, align 2, !tbaa !29); CMP32rr killed renamable $ecx, killed renamable $edx, implicit-def $eflags; JCC_1 %bb.2, 7, implicit $eflags"
lua_topointer,BB#9,4,"renamable $ecx = MOV32ri -1001001, implicit-def $rcx; renamable $ecx = nuw nsw SUB32rr renamable $ecx(tied-def 0), killed renamable $esi, implicit-def dead $eflags, implicit killed $rcx, implicit-def $rcx; renamable $rcx = SHL64ri killed renamable $rcx(tied-def 0), 4, implicit-def dead $eflags; renamable $rax = LEA64r killed renamable $rax, 1, killed renamable $rcx, 32, $noreg"
lua_topointer,BB#10,5,"renamable $ecx = MOVZX32rm8 renamable $rax, 1, $noreg, 8, $noreg :: (load (s8) from %ir.56, align 8, !tbaa !13); renamable $edx = COPY renamable $ecx; renamable $edx = AND32ri killed renamable $edx(tied-def 0), 63, implicit-def dead $eflags; CMP32ri renamable $edx, 2, implicit-def $eflags; JCC_1 %bb.15, 4, implicit $eflags"
lua_topointer,BB#11,2,"CMP32ri renamable $edx, 7, implicit-def $eflags; JCC_1 %bb.15, 4, implicit $eflags"
lua_topointer,BB#12,2,"CMP32ri killed renamable $edx, 22, implicit-def $eflags; JCC_1 %bb.19, 4, implicit $eflags"
lua_topointer,BB#13,2,"TEST8ri renamable $cl, 64, implicit-def $eflags, implicit killed $ecx; JCC_1 %bb.19, 5, implicit $eflags"
lua_topointer,BB#14,2,"renamable $eax = MOV32r0 implicit-def dead $eflags, implicit-def $rax; RET 0, $rax"
lua_topointer,BB#15,4,"renamable $dl = COPY renamable $cl; renamable $dl = AND8ri killed renamable $dl(tied-def 0), 15, implicit-def dead $eflags; CMP8ri killed renamable $dl, 2, implicit-def $eflags; JCC_1 %bb.19, 4, implicit $eflags"
lua_topointer,BB#16,3,"renamable $ecx = AND32ri killed renamable $ecx(tied-def 0), 15, implicit-def dead $eflags; CMP32ri killed renamable $ecx, 7, implicit-def $eflags; JCC_1 %bb.18, 4, implicit killed $eflags"
lua_topointer,BB#17,2,"renamable $eax = MOV32r0 implicit-def dead $eflags, implicit-def $rax; RET 0, $rax"
lua_topointer,BB#18,10,"renamable $rcx = MOV64rm killed renamable $rax, 1, $noreg, 0, $noreg :: (load (s64) from %ir.55, !tbaa !12); renamable $eax = MOVZX32rm16 renamable $rcx, 1, $noreg, 10, $noreg, implicit-def $rax :: (load (s16) from %ir.68, !tbaa !12); renamable $rdx = COPY renamable $rax; renamable $rdx = nuw nsw SHL64ri killed renamable $rdx(tied-def 0), 4, implicit-def dead $eflags; renamable $rdx = nuw nsw ADD64ri32 killed renamable $rdx(tied-def 0), 40, implicit-def dead $eflags; TEST64rr killed renamable $rax, renamable $rax, implicit-def $eflags; renamable $rax = MOV32ri64 32; renamable $rax = CMOV64rr killed renamable $rax(tied-def 0), killed renamable $rdx, 5, implicit killed $eflags; renamable $rax = ADD64rr killed renamable $rax(tied-def 0), killed renamable $rcx, implicit-def dead $eflags; RET 0, $rax"
lua_topointer,BB#19,2,"renamable $rax = MOV64rm killed renamable $rax, 1, $noreg, 0, $noreg :: (load (s64) from %ir.55, !tbaa !12); RET 0, $rax"
lua_pushnil,BB#0,4,"renamable $rax = MOV64rm renamable $rdi, 1, $noreg, 16, $noreg :: (load (s64) from %ir.2, !tbaa !12); MOV8mi killed renamable $rax, 1, $noreg, 8, $noreg, 0 :: (store (s8) into %ir.4, align 8, !tbaa !12); ADD64mi32 killed renamable $rdi, 1, $noreg, 16, $noreg, 16, implicit-def dead $eflags :: (store (s64) into %ir.2, !tbaa !12), (load (s64) from %ir.2, !tbaa !12); RET 0"
lua_pushnumber,BB#0,5,"renamable $rax = MOV64rm renamable $rdi, 1, $noreg, 16, $noreg :: (load (s64) from %ir.3, !tbaa !12); MOVSDmr renamable $rax, 1, $noreg, 0, $noreg, killed renamable $xmm0 :: (store (s64) into %ir.4, !tbaa !12); MOV8mi killed renamable $rax, 1, $noreg, 8, $noreg, 19 :: (store (s8) into %ir.5, align 8, !tbaa !13); ADD64mi32 killed renamable $rdi, 1, $noreg, 16, $noreg, 16, implicit-def dead $eflags :: (store (s64) into %ir.3, !tbaa !12), (load (s64) from %ir.3, !tbaa !12); RET 0"
lua_pushinteger,BB#0,5,"renamable $rax = MOV64rm renamable $rdi, 1, $noreg, 16, $noreg :: (load (s64) from %ir.3, !tbaa !12); MOV64mr renamable $rax, 1, $noreg, 0, $noreg, killed renamable $rsi :: (store (s64) into %ir.4, !tbaa !12); MOV8mi killed renamable $rax, 1, $noreg, 8, $noreg, 3 :: (store (s8) into %ir.5, align 8, !tbaa !13); ADD64mi32 killed renamable $rdi, 1, $noreg, 16, $noreg, 16, implicit-def dead $eflags :: (store (s64) into %ir.3, !tbaa !12), (load (s64) from %ir.3, !tbaa !12); RET 0"
lua_pushlstring,BB#0,6,"frame-setup PUSH64r killed $rbx, implicit-def $rsp, implicit $rsp; frame-setup CFI_INSTRUCTION def_cfa_offset 16; CFI_INSTRUCTION offset $rbx, -16; renamable $rbx = COPY $rdi; TEST64rr renamable $rdx, renamable $rdx, implicit-def $eflags; JCC_1 %bb.2, 5, implicit killed $eflags"
lua_pushlstring,BB#1,4,"$rsi = MOV32ri64 @.str; $rdi = COPY renamable $rbx; CALL64pcrel32 @luaS_new, <regmask $bh $bl $bp $bph $bpl $bx $ebp $ebx $hbp $hbx $rbp $rbx $r12 $r13 $r14 $r15 $r12b $r13b $r14b $r15b $r12bh $r13bh $r14bh $r15bh $r12d $r13d $r14d $r15d $r12w $r13w $r14w $r15w $r12wh and 3 more...>, implicit $rsp, implicit $ssp, implicit $rdi, implicit $rsi, implicit-def $rsp, implicit-def $ssp, implicit-def $rax; JMP_1 %bb.3"
lua_pushlstring,BB#2,2,"$rdi = COPY renamable $rbx; CALL64pcrel32 @luaS_newlstr, <regmask $bh $bl $bp $bph $bpl $bx $ebp $ebx $hbp $hbx $rbp $rbx $r12 $r13 $r14 $r15 $r12b $r13b $r14b $r15b $r12bh $r13bh $r14bh $r15bh $r12d $r13d $r14d $r15d $r12w $r13w $r14w $r15w $r12wh and 3 more...>, implicit $rsp, implicit $ssp, implicit $rdi, implicit $rsi, implicit $rdx, implicit-def $rsp, implicit-def $ssp, implicit-def $rax"
lua_pushlstring,BB#3,9,"renamable $rcx = MOV64rm renamable $rbx, 1, $noreg, 16, $noreg :: (load (s64) from %ir.11, !tbaa !12); MOV64mr renamable $rcx, 1, $noreg, 0, $noreg, renamable $rax :: (store (s64) into %ir.12, !tbaa !12); renamable $dl = MOV8rm renamable $rax, 1, $noreg, 8, $noreg :: (load (s8) from %ir.13, align 8, !tbaa !37); renamable $dl = OR8ri killed renamable $dl(tied-def 0), 64, implicit-def dead $eflags; MOV8mr killed renamable $rcx, 1, $noreg, 8, $noreg, killed renamable $dl :: (store (s8) into %ir.16, align 8, !tbaa !13); ADD64mi32 renamable $rbx, 1, $noreg, 16, $noreg, 16, implicit-def dead $eflags :: (store (s64) into %ir.11, !tbaa !12), (load (s64) from %ir.11, !tbaa !12); renamable $rcx = MOV64rm renamable $rbx, 1, $noreg, 24, $noreg :: (load (s64) from %ir.19, !tbaa !17); CMP64mi32 killed renamable $rcx, 1, $noreg, 24, $noreg, 0, implicit-def $eflags :: (load (s64) from %ir.21, !tbaa !36); JCC_1 %bb.5, 14, implicit $eflags"
lua_pushlstring,BB#4,4,"$rdi = COPY killed renamable $rbx; renamable $rbx = COPY killed renamable $rax; CALL64pcrel32 @luaC_step, <regmask $bh $bl $bp $bph $bpl $bx $ebp $ebx $hbp $hbx $rbp $rbx $r12 $r13 $r14 $r15 $r12b $r13b $r14b $r15b $r12bh $r13bh $r14bh $r15bh $r12d $r13d $r14d $r15d $r12w $r13w $r14w $r15w $r12wh and 3 more...>, implicit $rsp, implicit $ssp, implicit $rdi, implicit-def $rsp, implicit-def $ssp; renamable $rax = COPY killed renamable $rbx"
lua_pushlstring,BB#5,4,"renamable $rax = nuw ADD64ri32 killed renamable $rax(tied-def 0), 24, implicit-def dead $eflags; $rbx = frame-destroy POP64r implicit-def $rsp, implicit $rsp; frame-destroy CFI_INSTRUCTION def_cfa_offset 8; RET 0, $rax"
lua_pushstring,BB#0,11,"frame-setup PUSH64r killed $r14, implicit-def $rsp, implicit $rsp; frame-setup CFI_INSTRUCTION def_cfa_offset 16; frame-setup PUSH64r killed $rbx, implicit-def $rsp, implicit $rsp; frame-setup CFI_INSTRUCTION def_cfa_offset 24; frame-setup PUSH64r undef $rax, implicit-def $rsp, implicit $rsp; frame-setup CFI_INSTRUCTION def_cfa_offset 32; CFI_INSTRUCTION offset $rbx, -24; CFI_INSTRUCTION offset $r14, -16; renamable $rbx = COPY $rdi; TEST64rr renamable $rsi, renamable $rsi, implicit-def $eflags; JCC_1 %bb.2, 5, implicit killed $eflags"
lua_pushstring,BB#1,4,"renamable $rax = MOV64rm renamable $rbx, 1, $noreg, 16, $noreg :: (load (s64) from %ir.5, !tbaa !12); MOV8mi killed renamable $rax, 1, $noreg, 8, $noreg, 0 :: (store (s8) into %ir.7, align 8, !tbaa !12); renamable $r14d = MOV32r0 implicit-def dead $eflags, implicit-def $r14; JMP_1 %bb.3"
lua_pushstring,BB#2,9,"$rdi = COPY renamable $rbx; CALL64pcrel32 @luaS_new, <regmask $bh $bl $bp $bph $bpl $bx $ebp $ebx $hbp $hbx $rbp $rbx $r12 $r13 $r14 $r15 $r12b $r13b $r14b $r15b $r12bh $r13bh $r14bh $r15bh $r12d $r13d $r14d $r15d $r12w $r13w $r14w $r15w $r12wh and 3 more...>, implicit $rsp, implicit $ssp, implicit $rdi, implicit $rsi, implicit-def $rsp, implicit-def $ssp, implicit-def $rax; renamable $r14 = COPY $rax; renamable $rax = MOV64rm renamable $rbx, 1, $noreg, 16, $noreg :: (load (s64) from %ir.10, !tbaa !12); MOV64mr renamable $rax, 1, $noreg, 0, $noreg, renamable $r14 :: (store (s64) into %ir.11, !tbaa !12); renamable $cl = MOV8rm renamable $r14, 1, $noreg, 8, $noreg :: (load (s8) from %ir.12, align 8, !tbaa !37); renamable $cl = OR8ri killed renamable $cl(tied-def 0), 64, implicit-def dead $eflags; MOV8mr killed renamable $rax, 1, $noreg, 8, $noreg, killed renamable $cl :: (store (s8) into %ir.15, align 8, !tbaa !13); renamable $r14 = nuw ADD64ri32 killed renamable $r14(tied-def 0), 24, implicit-def dead $eflags"
lua_pushstring,BB#3,4,"ADD64mi32 renamable $rbx, 1, $noreg, 16, $noreg, 16, implicit-def dead $eflags :: (store (s64) into %ir.19, !tbaa !12), (load (s64) from %ir.19, !tbaa !12); renamable $rax = MOV64rm renamable $rbx, 1, $noreg, 24, $noreg :: (load (s64) from %ir.22, !tbaa !17); CMP64mi32 killed renamable $rax, 1, $noreg, 24, $noreg, 0, implicit-def $eflags :: (load (s64) from %ir.24, !tbaa !36); JCC_1 %bb.5, 14, implicit $eflags"
lua_pushstring,BB#4,2,"$rdi = COPY killed renamable $rbx; CALL64pcrel32 @luaC_step, <regmask $bh $bl $bp $bph $bpl $bx $ebp $ebx $hbp $hbx $rbp $rbx $r12 $r13 $r14 $r15 $r12b $r13b $r14b $r15b $r12bh $r13bh $r14bh $r15bh $r12d $r13d $r14d $r15d $r12w $r13w $r14w $r15w $r12wh and 3 more...>, implicit $rsp, implicit $ssp, implicit $rdi, implicit-def $rsp, implicit-def $ssp"
lua_pushstring,BB#5,8,"$rax = COPY killed renamable $r14; $rsp = frame-destroy ADD64ri32 $rsp(tied-def 0), 8, implicit-def dead $eflags; frame-destroy CFI_INSTRUCTION def_cfa_offset 24; $rbx = frame-destroy POP64r implicit-def $rsp, implicit $rsp; frame-destroy CFI_INSTRUCTION def_cfa_offset 16; $r14 = frame-destroy POP64r implicit-def $rsp, implicit $rsp; frame-destroy CFI_INSTRUCTION def_cfa_offset 8; RET 0, $rax"
lua_pushvfstring,BB#0,8,"frame-setup PUSH64r killed $rbx, implicit-def $rsp, implicit $rsp; frame-setup CFI_INSTRUCTION def_cfa_offset 16; CFI_INSTRUCTION offset $rbx, -16; renamable $rbx = COPY $rdi; CALL64pcrel32 @luaO_pushvfstring, <regmask $bh $bl $bp $bph $bpl $bx $ebp $ebx $hbp $hbx $rbp $rbx $r12 $r13 $r14 $r15 $r12b $r13b $r14b $r15b $r12bh $r13bh $r14bh $r15bh $r12d $r13d $r14d $r15d $r12w $r13w $r14w $r15w $r12wh and 3 more...>, implicit $rsp, implicit $ssp, implicit $rdi, implicit $rsi, implicit $rdx, implicit-def $rsp, implicit-def $ssp, implicit-def $rax; renamable $rcx = MOV64rm renamable $rbx, 1, $noreg, 24, $noreg :: (load (s64) from %ir.5, !tbaa !17); CMP64mi32 killed renamable $rcx, 1, $noreg, 24, $noreg, 0, implicit-def $eflags :: (load (s64) from %ir.7, !tbaa !36); JCC_1 %bb.2, 14, implicit $eflags"
lua_pushvfstring,BB#1,4,"$rdi = COPY killed renamable $rbx; renamable $rbx = COPY killed renamable $rax; CALL64pcrel32 @luaC_step, <regmask $bh $bl $bp $bph $bpl $bx $ebp $ebx $hbp $hbx $rbp $rbx $r12 $r13 $r14 $r15 $r12b $r13b $r14b $r15b $r12bh $r13bh $r14bh $r15bh $r12d $r13d $r14d $r15d $r12w $r13w $r14w $r15w $r12wh and 3 more...>, implicit $rsp, implicit $ssp, implicit $rdi, implicit-def $rsp, implicit-def $ssp; renamable $rax = COPY killed renamable $rbx"
lua_pushvfstring,BB#2,3,"$rbx = frame-destroy POP64r implicit-def $rsp, implicit $rsp; frame-destroy CFI_INSTRUCTION def_cfa_offset 8; RET 0, $rax"
lua_pushfstring,BB#0,22,"frame-setup PUSH64r killed $rbx, implicit-def $rsp, implicit $rsp; frame-setup CFI_INSTRUCTION def_cfa_offset 16; $rsp = frame-setup SUB64ri32 $rsp(tied-def 0), 208, implicit-def dead $eflags; frame-setup CFI_INSTRUCTION def_cfa_offset 224; CFI_INSTRUCTION offset $rbx, -16; renamable $rbx = COPY $rdi; MOV64mr $rsp, 1, $noreg, 48, $noreg, killed renamable $rdx :: (store (s64) into %stack.1 + 16, align 16); MOV64mr $rsp, 1, $noreg, 56, $noreg, killed renamable $rcx :: (store (s64) into %stack.1 + 24); MOV64mr $rsp, 1, $noreg, 64, $noreg, killed renamable $r8 :: (store (s64) into %stack.1 + 32, align 16); MOV64mr $rsp, 1, $noreg, 72, $noreg, killed renamable $r9 :: (store (s64) into %stack.1 + 40); VASTART_SAVE_XMM_REGS killed renamable $al, $rsp, 1, $noreg, 32, $noreg, 48, $xmm0, $xmm1, $xmm2, $xmm3, $xmm4, $xmm5, $xmm6, $xmm7, implicit-def dead $eflags :: (store (s1024) into %stack.1 + 48, align 16); renamable $rax = LEA64r $rsp, 1, $noreg, 32, $noreg; MOV64mr $rsp, 1, $noreg, 16, $noreg, killed renamable $rax :: (store (s64) into %ir.3 + 16, align 16); renamable $rax = LEA64r $rsp, 1, $noreg, 224, $noreg; MOV64mr $rsp, 1, $noreg, 8, $noreg, killed renamable $rax :: (store (s64) into %ir.3 + 8); renamable $rax = MOV64ri 206158430224; MOV64mr $rsp, 1, $noreg, 0, $noreg, killed renamable $rax :: (store (s64) into %ir.3, align 16); $rdx = MOV64rr $rsp; CALL64pcrel32 @luaO_pushvfstring, <regmask $bh $bl $bp $bph $bpl $bx $ebp $ebx $hbp $hbx $rbp $rbx $r12 $r13 $r14 $r15 $r12b $r13b $r14b $r15b $r12bh $r13bh $r14bh $r15bh $r12d $r13d $r14d $r15d $r12w $r13w $r14w $r15w $r12wh and 3 more...>, implicit $rsp, implicit $ssp, implicit $rdi, implicit $rsi, implicit $rdx, implicit-def $rsp, implicit-def $ssp, implicit-def $rax; renamable $rcx = MOV64rm renamable $rbx, 1, $noreg, 24, $noreg :: (load (s64) from %ir.5); CMP64mi32 killed renamable $rcx, 1, $noreg, 24, $noreg, 0, implicit-def $eflags :: (load (s64) from %ir.7); JCC_1 %bb.2, 14, implicit $eflags"
lua_pushfstring,BB#1,4,"$rdi = COPY killed renamable $rbx; renamable $rbx = COPY killed renamable $rax; CALL64pcrel32 @luaC_step, <regmask $bh $bl $bp $bph $bpl $bx $ebp $ebx $hbp $hbx $rbp $rbx $r12 $r13 $r14 $r15 $r12b $r13b $r14b $r15b $r12bh $r13bh $r14bh $r15bh $r12d $r13d $r14d $r15d $r12w $r13w $r14w $r15w $r12wh and 3 more...>, implicit $rsp, implicit $ssp, implicit $rdi, implicit-def $rsp, implicit-def $ssp; renamable $rax = COPY killed renamable $rbx"
lua_pushfstring,BB#2,5,"$rsp = frame-destroy ADD64ri32 $rsp(tied-def 0), 208, implicit-def dead $eflags; frame-destroy CFI_INSTRUCTION def_cfa_offset 16; $rbx = frame-destroy POP64r implicit-def $rsp, implicit $rsp; frame-destroy CFI_INSTRUCTION def_cfa_offset 8; RET 0, $rax"
lua_pushcclosure,BB#0,13,"frame-setup PUSH64r killed $rbp, implicit-def $rsp, implicit $rsp; frame-setup CFI_INSTRUCTION def_cfa_offset 16; frame-setup PUSH64r killed $r14, implicit-def $rsp, implicit $rsp; frame-setup CFI_INSTRUCTION def_cfa_offset 24; frame-setup PUSH64r killed $rbx, implicit-def $rsp, implicit $rsp; frame-setup CFI_INSTRUCTION def_cfa_offset 32; CFI_INSTRUCTION offset $rbx, -32; CFI_INSTRUCTION offset $r14, -24; CFI_INSTRUCTION offset $rbp, -16; renamable $r14 = COPY $rsi; renamable $rbx = COPY $rdi; TEST32rr $edx, $edx, implicit-def $eflags; JCC_1 %bb.2, 5, implicit killed $eflags"
lua_pushcclosure,BB#1,5,"renamable $rax = MOV64rm renamable $rbx, 1, $noreg, 16, $noreg :: (load (s64) from %ir.6, !tbaa !12); MOV64mr renamable $rax, 1, $noreg, 0, $noreg, killed renamable $r14 :: (store (s64) into %ir.7, !tbaa !12); MOV8mi killed renamable $rax, 1, $noreg, 8, $noreg, 22 :: (store (s8) into %ir.8, align 8, !tbaa !13); ADD64mi32 killed renamable $rbx, 1, $noreg, 16, $noreg, 16, implicit-def dead $eflags :: (store (s64) into %ir.6, !tbaa !12), (load (s64) from %ir.6, !tbaa !12); JMP_1 %bb.8"
lua_pushcclosure,BB#2,11,"renamable $ebp = COPY $edx; $rdi = COPY renamable $rbx; $esi = COPY $edx; CALL64pcrel32 @luaF_newCclosure, <regmask $bh $bl $bp $bph $bpl $bx $ebp $ebx $hbp $hbx $rbp $rbx $r12 $r13 $r14 $r15 $r12b $r13b $r14b $r15b $r12bh $r13bh $r14bh $r15bh $r12d $r13d $r14d $r15d $r12w $r13w $r14w $r15w $r12wh and 3 more...>, implicit $rsp, implicit $ssp, implicit $rdi, implicit $esi, implicit-def $rsp, implicit-def $ssp, implicit-def $rax; MOV64mr renamable $rax, 1, $noreg, 24, $noreg, killed renamable $r14 :: (store (s64) into %ir.13, !tbaa !39); renamable $rcx = MOVSX64rr32 renamable $ebp; renamable $rdx = COPY renamable $rcx; renamable $rdx = SHL64ri killed renamable $rdx(tied-def 0), 4, implicit-def dead $eflags; SUB64mr renamable $rbx, 1, $noreg, 16, $noreg, killed renamable $rdx, implicit-def dead $eflags :: (store (s64) into %ir.14, !tbaa !12), (load (s64) from %ir.14, !tbaa !12); TEST8ri renamable $bpl, 1, implicit-def $eflags; JCC_1 %bb.4, 4, implicit $eflags"
lua_pushcclosure,BB#3,8,"renamable $rcx = nsw DEC64r killed renamable $rcx(tied-def 0), implicit-def dead $eflags; renamable $rdx = COPY renamable $rcx; renamable $rdx = SHL64ri killed renamable $rdx(tied-def 0), 4, implicit-def dead $eflags; renamable $rsi = MOV64rm renamable $rbx, 1, $noreg, 16, $noreg :: (load (s64) from %ir.24, !tbaa !12); renamable $rdi = MOV64rm renamable $rsi, 1, renamable $rdx, 0, $noreg :: (load (s64) from %ir.26); MOV64mr renamable $rax, 1, renamable $rdx, 32, $noreg, killed renamable $rdi :: (store (s64) into %ir.23); renamable $sil = MOV8rm killed renamable $rsi, 1, renamable $rdx, 8, $noreg :: (load (s8) from %ir.28, align 8, !tbaa !13); MOV8mr renamable $rax, 1, killed renamable $rdx, 40, $noreg, killed renamable $sil :: (store (s8) into %ir.30, align 8, !tbaa !13)"
lua_pushcclosure,BB#4,2,"CMP32ri killed renamable $ebp, 1, implicit-def $eflags; JCC_1 %bb.7, 4, implicit $eflags"
lua_pushcclosure,BB#5,3,"renamable $rdx = LEA64r renamable $rcx, 1, $noreg, -2, $noreg; renamable $rcx = nsw SHL64ri killed renamable $rcx(tied-def 0), 4, implicit-def dead $eflags; renamable $rsi = COPY renamable $rdx"
lua_pushcclosure,BB#6,15,"renamable $rdi = MOV64rm renamable $rbx, 1, $noreg, 16, $noreg :: (load (s64) from %ir.40, !tbaa !12); renamable $r8 = MOV64rm renamable $rdi, 1, renamable $rcx, -16, $noreg :: (load (s64) from %ir.44); MOV64mr renamable $rax, 1, renamable $rcx, 16, $noreg, killed renamable $r8 :: (store (s64) into %ir.47); renamable $dil = MOV8rm killed renamable $rdi, 1, renamable $rcx, -8, $noreg :: (load (s8) from %ir.43, align 8, !tbaa !13); MOV8mr renamable $rax, 1, renamable $rcx, 24, $noreg, killed renamable $dil :: (store (s8) into %ir.50, align 8, !tbaa !13); renamable $rdi = MOV64rm renamable $rbx, 1, $noreg, 16, $noreg :: (load (s64) from %ir.40, !tbaa !12); renamable $r8 = MOV64rm renamable $rdi, 1, renamable $rcx, -32, $noreg :: (load (s64) from %ir.54); MOV64mr renamable $rax, 1, renamable $rcx, 0, $noreg, killed renamable $r8 :: (store (s64) into %ir.56); renamable $dil = MOV8rm killed renamable $rdi, 1, renamable $rcx, -24, $noreg :: (load (s8) from %ir.58, align 8, !tbaa !13); MOV8mr renamable $rax, 1, renamable $rcx, 8, $noreg, killed renamable $dil :: (store (s8) into %ir.61, align 8, !tbaa !13); renamable $rsi = ADD64ri32 killed renamable $rsi(tied-def 0), -2, implicit-def dead $eflags; renamable $rcx = nsw ADD64ri32 killed renamable $rcx(tied-def 0), -32, implicit-def dead $eflags; TEST32rr renamable $edx, renamable $edx, implicit-def $eflags, implicit killed $rdx; renamable $rdx = COPY renamable $rsi; JCC_1 %bb.6, 5, implicit killed $eflags"
lua_pushcclosure,BB#7,7,"renamable $rcx = MOV64rm renamable $rbx, 1, $noreg, 16, $noreg :: (load (s64) from %ir.67, !tbaa !12); MOV64mr renamable $rcx, 1, $noreg, 0, $noreg, killed renamable $rax :: (store (s64) into %ir.68, !tbaa !12); MOV8mi killed renamable $rcx, 1, $noreg, 8, $noreg, 102 :: (store (s8) into %ir.69, align 8, !tbaa !13); ADD64mi32 renamable $rbx, 1, $noreg, 16, $noreg, 16, implicit-def dead $eflags :: (store (s64) into %ir.67, !tbaa !12), (load (s64) from %ir.67, !tbaa !12); renamable $rax = MOV64rm renamable $rbx, 1, $noreg, 24, $noreg :: (load (s64) from %ir.72, !tbaa !17); CMP64mi32 killed renamable $rax, 1, $noreg, 24, $noreg, 0, implicit-def $eflags :: (load (s64) from %ir.74, !tbaa !36); JCC_1 %bb.9, 15, implicit $eflags"
lua_pushcclosure,BB#8,7,"$rbx = frame-destroy POP64r implicit-def $rsp, implicit $rsp; frame-destroy CFI_INSTRUCTION def_cfa_offset 24; $r14 = frame-destroy POP64r implicit-def $rsp, implicit $rsp; frame-destroy CFI_INSTRUCTION def_cfa_offset 16; $rbp = frame-destroy POP64r implicit-def $rsp, implicit $rsp; frame-destroy CFI_INSTRUCTION def_cfa_offset 8; RET 0"
lua_pushcclosure,BB#9,8,"$rdi = COPY killed renamable $rbx; $rbx = frame-destroy POP64r implicit-def $rsp, implicit $rsp; frame-destroy CFI_INSTRUCTION def_cfa_offset 24; $r14 = frame-destroy POP64r implicit-def $rsp, implicit $rsp; frame-destroy CFI_INSTRUCTION def_cfa_offset 16; $rbp = frame-destroy POP64r implicit-def $rsp, implicit $rsp; frame-destroy CFI_INSTRUCTION def_cfa_offset 8; TCRETURNdi64 @luaC_step, 0, <regmask $bh $bl $bp $bph $bpl $bx $ebp $ebx $hbp $hbx $rbp $rbx $r12 $r13 $r14 $r15 $r12b $r13b $r14b $r15b $r12bh $r13bh $r14bh $r15bh $r12d $r13d $r14d $r15d $r12w $r13w $r14w $r15w $r12wh and 3 more...>, implicit $rsp, implicit $ssp, implicit $rdi"
lua_pushboolean,BB#0,8,"TEST32rr killed renamable $esi, renamable $esi, implicit-def $eflags; renamable $al = SETCCr 5, implicit killed $eflags; renamable $rcx = MOV64rm renamable $rdi, 1, $noreg, 16, $noreg :: (load (s64) from %ir.4, !tbaa !12); renamable $al = SHL8ri killed renamable $al(tied-def 0), 4, implicit-def dead $eflags; renamable $al = ADD8ri_DB killed renamable $al(tied-def 0), 1, implicit-def dead $eflags; MOV8mr killed renamable $rcx, 1, $noreg, 8, $noreg, killed renamable $al :: (store (s8) into %ir.6, align 8, !tbaa !12); ADD64mi32 killed renamable $rdi, 1, $noreg, 16, $noreg, 16, implicit-def dead $eflags :: (store (s64) into %ir.8, !tbaa !12), (load (s64) from %ir.8, !tbaa !12); RET 0"
lua_pushlightuserdata,BB#0,5,"renamable $rax = MOV64rm renamable $rdi, 1, $noreg, 16, $noreg :: (load (s64) from %ir.3, !tbaa !12); MOV64mr renamable $rax, 1, $noreg, 0, $noreg, killed renamable $rsi :: (store (s64) into %ir.4, !tbaa !12); MOV8mi killed renamable $rax, 1, $noreg, 8, $noreg, 2 :: (store (s8) into %ir.5, align 8, !tbaa !13); ADD64mi32 killed renamable $rdi, 1, $noreg, 16, $noreg, 16, implicit-def dead $eflags :: (store (s64) into %ir.3, !tbaa !12), (load (s64) from %ir.3, !tbaa !12); RET 0"
lua_pushthread,BB#0,9,"renamable $rax = MOV64rm renamable $rdi, 1, $noreg, 16, $noreg :: (load (s64) from %ir.2, !tbaa !12); MOV64mr renamable $rax, 1, $noreg, 0, $noreg, renamable $rdi :: (store (s64) into %ir.3, !tbaa !12); MOV8mi killed renamable $rax, 1, $noreg, 8, $noreg, 72 :: (store (s8) into %ir.4, align 8, !tbaa !13); ADD64mi32 renamable $rdi, 1, $noreg, 16, $noreg, 16, implicit-def dead $eflags :: (store (s64) into %ir.2, !tbaa !12), (load (s64) from %ir.2, !tbaa !12); renamable $rcx = MOV64rm renamable $rdi, 1, $noreg, 24, $noreg :: (load (s64) from %ir.7, !tbaa !17); renamable $eax = MOV32r0 implicit-def dead $eflags; CMP64mr killed renamable $rcx, 1, $noreg, 264, $noreg, killed renamable $rdi, implicit-def $eflags :: (load (s64) from %ir.9, !tbaa !41); renamable $al = SETCCr 4, implicit killed $eflags, implicit killed $eax, implicit-def $eax; RET 0, $eax"
lua_getglobal,BB#0,17,"frame-setup PUSH64r killed $r15, implicit-def $rsp, implicit $rsp; frame-setup CFI_INSTRUCTION def_cfa_offset 16; frame-setup PUSH64r killed $r14, implicit-def $rsp, implicit $rsp; frame-setup CFI_INSTRUCTION def_cfa_offset 24; frame-setup PUSH64r killed $rbx, implicit-def $rsp, implicit $rsp; frame-setup CFI_INSTRUCTION def_cfa_offset 32; CFI_INSTRUCTION offset $rbx, -32; CFI_INSTRUCTION offset $r14, -24; CFI_INSTRUCTION offset $r15, -16; renamable $rbx = COPY $rdi; renamable $rax = MOV64rm $rdi, 1, $noreg, 24, $noreg :: (load (s64) from %ir.3, !tbaa !17); renamable $rax = MOV64rm killed renamable $rax, 1, $noreg, 64, $noreg :: (load (s64) from %ir.5, !tbaa !12); renamable $r15 = MOV64rm killed renamable $rax, 1, $noreg, 16, $noreg :: (load (s64) from %ir.7, !tbaa !12); renamable $r14 = LEA64r renamable $r15, 1, $noreg, 16, $noreg; CALL64pcrel32 @luaS_new, <regmask $bh $bl $bp $bph $bpl $bx $ebp $ebx $hbp $hbx $rbp $rbx $r12 $r13 $r14 $r15 $r12b $r13b $r14b $r15b $r12bh $r13bh $r14bh $r15bh $r12d $r13d $r14d $r15d $r12w $r13w $r14w $r15w $r12wh and 3 more...>, implicit $rsp, implicit $ssp, implicit $rdi, implicit $rsi, implicit-def $rsp, implicit-def $ssp, implicit-def $rax; CMP8mi killed renamable $r15, 1, $noreg, 24, $noreg, 69, implicit-def $eflags :: (load (s8) from %ir.11, align 8, !tbaa !13); JCC_1 %bb.2, 4, implicit killed $eflags"
lua_getglobal,BB#1,2,"renamable $r8d = MOV32r0 implicit-def dead $eflags, implicit-def $r8; JMP_1 %bb.4"
lua_getglobal,BB#2,7,"renamable $rdi = MOV64rm renamable $r14, 1, $noreg, 0, $noreg :: (load (s64) from %ir.9, !tbaa !12); renamable $r15 = COPY renamable $rax; $rsi = COPY killed renamable $rax; CALL64pcrel32 @luaH_getstr, <regmask $bh $bl $bp $bph $bpl $bx $ebp $ebx $hbp $hbx $rbp $rbx $r12 $r13 $r14 $r15 $r12b $r13b $r14b $r15b $r12bh $r13bh $r14bh $r15bh $r12d $r13d $r14d $r15d $r12w $r13w $r14w $r15w $r12wh and 3 more...>, implicit $rsp, implicit $ssp, implicit $rdi, implicit $rsi, implicit-def $rsp, implicit-def $ssp, implicit-def $rax; renamable $r8 = COPY $rax; TEST8mi $rax, 1, $noreg, 8, $noreg, 15, implicit-def $eflags :: (load (s8) from %ir.17, align 8, !tbaa !13); JCC_1 %bb.6, 5, implicit killed $eflags"
lua_getglobal,BB#3,1,renamable $rax = COPY killed renamable $r15
lua_getglobal,BB#4,13,"renamable $rcx = MOV64rm renamable $rbx, 1, $noreg, 16, $noreg :: (load (s64) from %ir.32, !tbaa !12); MOV64mr renamable $rcx, 1, $noreg, 0, $noreg, renamable $rax :: (store (s64) into %ir.33, !tbaa !12); renamable $al = MOV8rm killed renamable $rax, 1, $noreg, 8, $noreg :: (load (s8) from %ir.34, align 8, !tbaa !37); renamable $al = OR8ri killed renamable $al(tied-def 0), 64, implicit-def dead $eflags; MOV8mr killed renamable $rcx, 1, $noreg, 8, $noreg, killed renamable $al :: (store (s8) into %ir.37, align 8, !tbaa !13); renamable $rcx = MOV64rm renamable $rbx, 1, $noreg, 16, $noreg :: (load (s64) from %ir.32, !tbaa !12); renamable $rax = LEA64r renamable $rcx, 1, $noreg, 16, $noreg; MOV64mr renamable $rbx, 1, $noreg, 16, $noreg, killed renamable $rax :: (store (s64) into %ir.32, !tbaa !12); $rdi = COPY renamable $rbx; $rsi = COPY killed renamable $r14; $rdx = COPY renamable $rcx; CALL64pcrel32 @luaV_finishget, <regmask $bh $bl $bp $bph $bpl $bx $ebp $ebx $hbp $hbx $rbp $rbx $r12 $r13 $r14 $r15 $r12b $r13b $r14b $r15b $r12bh $r13bh $r14bh $r15bh $r12d $r13d $r14d $r15d $r12w $r13w $r14w $r15w $r12wh and 3 more...>, implicit $rsp, implicit $ssp, implicit $rdi, implicit $rsi, implicit killed $rdx, implicit $rcx, implicit $r8, implicit-def $rsp, implicit-def $ssp; renamable $rax = MOV64rm killed renamable $rbx, 1, $noreg, 16, $noreg :: (load (s64) from %ir.32, !tbaa !12)"
lua_getglobal,BB#5,9,"renamable $eax = MOVZX32rm8 killed renamable $rax, 1, $noreg, -8, $noreg :: (load (s8) from %ir.43, align 8, !tbaa !12); renamable $eax = AND32ri killed renamable $eax(tied-def 0), 15, implicit-def dead $eflags; $rbx = frame-destroy POP64r implicit-def $rsp, implicit $rsp; frame-destroy CFI_INSTRUCTION def_cfa_offset 24; $r14 = frame-destroy POP64r implicit-def $rsp, implicit $rsp; frame-destroy CFI_INSTRUCTION def_cfa_offset 16; $r15 = frame-destroy POP64r implicit-def $rsp, implicit $rsp; frame-destroy CFI_INSTRUCTION def_cfa_offset 8; RET 0, $eax"
lua_getglobal,BB#6,9,"renamable $rax = MOV64rm renamable $rbx, 1, $noreg, 16, $noreg :: (load (s64) from %ir.22, !tbaa !12); renamable $rcx = MOV64rm renamable $r8, 1, $noreg, 0, $noreg :: (load (s64) from %ir.16); MOV64mr renamable $rax, 1, $noreg, 0, $noreg, killed renamable $rcx :: (store (s64) into %ir.23); renamable $cl = MOV8rm killed renamable $r8, 1, $noreg, 8, $noreg :: (load (s8) from %ir.25, align 8, !tbaa !13); MOV8mr killed renamable $rax, 1, $noreg, 8, $noreg, killed renamable $cl :: (store (s8) into %ir.27, align 8, !tbaa !13); renamable $rax = MOV64rm renamable $rbx, 1, $noreg, 16, $noreg :: (load (s64) from %ir.22, !tbaa !12); renamable $rax = nuw ADD64ri32 killed renamable $rax(tied-def 0), 16, implicit-def dead $eflags; MOV64mr killed renamable $rbx, 1, $noreg, 16, $noreg, renamable $rax :: (store (s64) into %ir.22, !tbaa !12); JMP_1 %bb.5"
lua_gettable,BB#0,12,"frame-setup PUSH64r killed $r14, implicit-def $rsp, implicit $rsp; frame-setup CFI_INSTRUCTION def_cfa_offset 16; frame-setup PUSH64r killed $rbx, implicit-def $rsp, implicit $rsp; frame-setup CFI_INSTRUCTION def_cfa_offset 24; frame-setup PUSH64r undef $rax, implicit-def $rsp, implicit $rsp; frame-setup CFI_INSTRUCTION def_cfa_offset 32; CFI_INSTRUCTION offset $rbx, -24; CFI_INSTRUCTION offset $r14, -16; renamable $rbx = COPY $rdi; renamable $rax = MOV64rm $rdi, 1, $noreg, 32, $noreg :: (load (s64) from %ir.3, !tbaa !3); TEST32rr renamable $esi, renamable $esi, implicit-def $eflags; JCC_1 %bb.3, 14, implicit killed $eflags"
lua_gettable,BB#1,5,"renamable $r14d = MOV32rr killed renamable $esi, implicit-def $r14; renamable $r14 = SHL64ri killed renamable $r14(tied-def 0), 4, implicit-def dead $eflags; renamable $r14 = ADD64rm killed renamable $r14(tied-def 0), killed renamable $rax, 1, $noreg, 0, $noreg, implicit-def dead $eflags :: (load (s64) from %ir.4, !tbaa !12); CMP64rm renamable $r14, renamable $rbx, 1, $noreg, 16, $noreg, implicit-def $eflags :: (load (s64) from %ir.10, !tbaa !12); JCC_1 %bb.10, 2, implicit $eflags"
lua_gettable,BB#2,3,"renamable $r14 = MOV64rm renamable $rbx, 1, $noreg, 24, $noreg :: (load (s64) from %ir.51, !tbaa !17), (load (s64) from %ir.47, !tbaa !17), (load (s64) from %ir.14, !tbaa !17); renamable $r14 = nuw ADD64ri32 killed renamable $r14(tied-def 0), 80, implicit-def dead $eflags; JMP_1 %bb.10"
lua_gettable,BB#3,2,"CMP32ri renamable $esi, -1000999, implicit-def $eflags; JCC_1 %bb.5, 12, implicit killed $eflags"
lua_gettable,BB#4,4,"renamable $r14 = MOVSX64rr32 killed renamable $esi; renamable $r14 = SHL64ri killed renamable $r14(tied-def 0), 4, implicit-def dead $eflags; renamable $r14 = ADD64rm killed renamable $r14(tied-def 0), renamable $rbx, 1, $noreg, 16, $noreg, implicit-def dead $eflags :: (load (s64) from %ir.20, !tbaa !12); JMP_1 %bb.10"
lua_gettable,BB#5,2,"CMP32ri renamable $esi, -1001000, implicit-def $eflags; JCC_1 %bb.7, 5, implicit killed $eflags"
lua_gettable,BB#6,3,"renamable $r14 = MOV64rm renamable $rbx, 1, $noreg, 24, $noreg :: (load (s64) from %ir.27, !tbaa !17); renamable $r14 = nuw ADD64ri32 killed renamable $r14(tied-def 0), 64, implicit-def dead $eflags; JMP_1 %bb.10"
lua_gettable,BB#7,3,"renamable $rax = MOV64rm killed renamable $rax, 1, $noreg, 0, $noreg :: (load (s64) from %ir.4, !tbaa !12); CMP8mi renamable $rax, 1, $noreg, 8, $noreg, 102, implicit-def $eflags :: (load (s8) from %ir.32, align 8, !tbaa !12); JCC_1 %bb.2, 5, implicit $eflags"
lua_gettable,BB#8,6,"renamable $ecx = MOV32ri -1001000; renamable $ecx = nuw nsw SUB32rr killed renamable $ecx(tied-def 0), renamable $esi, implicit-def dead $eflags; renamable $rax = MOV64rm killed renamable $rax, 1, $noreg, 0, $noreg :: (load (s64) from %ir.31, !tbaa !12); renamable $edx = MOVZX32rm8 renamable $rax, 1, $noreg, 10, $noreg :: (load (s8) from %ir.38, align 2, !tbaa !29); CMP32rr killed renamable $ecx, killed renamable $edx, implicit-def $eflags; JCC_1 %bb.2, 7, implicit $eflags"
lua_gettable,BB#9,4,"renamable $ecx = MOV32ri -1001001, implicit-def $rcx; renamable $ecx = nuw nsw SUB32rr renamable $ecx(tied-def 0), killed renamable $esi, implicit-def dead $eflags, implicit killed $rcx, implicit-def $rcx; renamable $rcx = SHL64ri killed renamable $rcx(tied-def 0), 4, implicit-def dead $eflags; renamable $r14 = LEA64r killed renamable $rax, 1, killed renamable $rcx, 32, $noreg"
lua_gettable,BB#10,2,"CMP8mi renamable $r14, 1, $noreg, 8, $noreg, 69, implicit-def $eflags :: (load (s8) from %ir.56, align 8, !tbaa !13); JCC_1 %bb.13, 4, implicit killed $eflags"
lua_gettable,BB#11,1,"renamable $r8d = MOV32r0 implicit-def dead $eflags, implicit-def $r8"
lua_gettable,BB#12,7,"renamable $rcx = MOV64rm renamable $rbx, 1, $noreg, 16, $noreg :: (load (s64) from %ir.79, !tbaa !12); renamable $rcx = ADD64ri32 killed renamable $rcx(tied-def 0), -16, implicit-def dead $eflags; $rdi = COPY renamable $rbx; $rsi = COPY killed renamable $r14; $rdx = COPY renamable $rcx; CALL64pcrel32 @luaV_finishget, <regmask $bh $bl $bp $bph $bpl $bx $ebp $ebx $hbp $hbx $rbp $rbx $r12 $r13 $r14 $r15 $r12b $r13b $r14b $r15b $r12bh $r13bh $r14bh $r15bh $r12d $r13d $r14d $r15d $r12w $r13w $r14w $r15w $r12wh and 3 more...>, implicit $rsp, implicit $ssp, implicit $rdi, implicit $rsi, implicit $rdx, implicit $rcx, implicit $r8, implicit-def $rsp, implicit-def $ssp; JMP_1 %bb.15"
lua_gettable,BB#13,7,"renamable $rdi = MOV64rm renamable $r14, 1, $noreg, 0, $noreg :: (load (s64) from %ir.55, !tbaa !12); renamable $rsi = MOV64rm renamable $rbx, 1, $noreg, 16, $noreg :: (load (s64) from %ir.61, !tbaa !12); renamable $rsi = ADD64ri32 killed renamable $rsi(tied-def 0), -16, implicit-def dead $eflags; CALL64pcrel32 @luaH_get, <regmask $bh $bl $bp $bph $bpl $bx $ebp $ebx $hbp $hbx $rbp $rbx $r12 $r13 $r14 $r15 $r12b $r13b $r14b $r15b $r12bh $r13bh $r14bh $r15bh $r12d $r13d $r14d $r15d $r12w $r13w $r14w $r15w $r12wh and 3 more...>, implicit $rsp, implicit $ssp, implicit $rdi, implicit $rsi, implicit-def $rsp, implicit-def $ssp, implicit-def $rax; renamable $r8 = COPY $rax; TEST8mi $rax, 1, $noreg, 8, $noreg, 15, implicit-def $eflags :: (load (s8) from %ir.65, align 8, !tbaa !13); JCC_1 %bb.12, 4, implicit $eflags"
lua_gettable,BB#14,5,"renamable $rax = MOV64rm renamable $rbx, 1, $noreg, 16, $noreg :: (load (s64) from %ir.70, !tbaa !12); renamable $rcx = MOV64rm renamable $r8, 1, $noreg, 0, $noreg :: (load (s64) from %ir.64); MOV64mr renamable $rax, 1, $noreg, -16, $noreg, killed renamable $rcx :: (store (s64) into %ir.72); renamable $cl = MOV8rm killed renamable $r8, 1, $noreg, 8, $noreg :: (load (s8) from %ir.74, align 8, !tbaa !13); MOV8mr killed renamable $rax, 1, $noreg, -8, $noreg, killed renamable $cl :: (store (s8) into %ir.76, align 8, !tbaa !13)"
lua_gettable,BB#15,10,"renamable $rax = MOV64rm killed renamable $rbx, 1, $noreg, 16, $noreg :: (load (s64) from %ir.83, !tbaa !12); renamable $eax = MOVZX32rm8 killed renamable $rax, 1, $noreg, -8, $noreg :: (load (s8) from %ir.85, align 8, !tbaa !12); renamable $eax = AND32ri killed renamable $eax(tied-def 0), 15, implicit-def dead $eflags; $rsp = frame-destroy ADD64ri32 $rsp(tied-def 0), 8, implicit-def dead $eflags; frame-destroy CFI_INSTRUCTION def_cfa_offset 24; $rbx = frame-destroy POP64r implicit-def $rsp, implicit $rsp; frame-destroy CFI_INSTRUCTION def_cfa_offset 16; $r14 = frame-destroy POP64r implicit-def $rsp, implicit $rsp; frame-destroy CFI_INSTRUCTION def_cfa_offset 8; RET 0, $eax"
lua_getfield,BB#0,13,"frame-setup PUSH64r killed $r15, implicit-def $rsp, implicit $rsp; frame-setup CFI_INSTRUCTION def_cfa_offset 16; frame-setup PUSH64r killed $r14, implicit-def $rsp, implicit $rsp; frame-setup CFI_INSTRUCTION def_cfa_offset 24; frame-setup PUSH64r killed $rbx, implicit-def $rsp, implicit $rsp; frame-setup CFI_INSTRUCTION def_cfa_offset 32; CFI_INSTRUCTION offset $rbx, -32; CFI_INSTRUCTION offset $r14, -24; CFI_INSTRUCTION offset $r15, -16; renamable $rbx = COPY $rdi; renamable $rax = MOV64rm $rdi, 1, $noreg, 32, $noreg :: (load (s64) from %ir.4, !tbaa !3); TEST32rr renamable $esi, renamable $esi, implicit-def $eflags; JCC_1 %bb.3, 14, implicit killed $eflags"
lua_getfield,BB#1,5,"renamable $r14d = MOV32rr killed renamable $esi, implicit-def $r14; renamable $r14 = SHL64ri killed renamable $r14(tied-def 0), 4, implicit-def dead $eflags; renamable $r14 = ADD64rm killed renamable $r14(tied-def 0), killed renamable $rax, 1, $noreg, 0, $noreg, implicit-def dead $eflags :: (load (s64) from %ir.5, !tbaa !12); CMP64rm renamable $r14, renamable $rbx, 1, $noreg, 16, $noreg, implicit-def $eflags :: (load (s64) from %ir.11, !tbaa !12); JCC_1 %bb.10, 2, implicit $eflags"
lua_getfield,BB#2,3,"renamable $r14 = MOV64rm renamable $rbx, 1, $noreg, 24, $noreg :: (load (s64) from %ir.52, !tbaa !17), (load (s64) from %ir.48, !tbaa !17), (load (s64) from %ir.15, !tbaa !17); renamable $r14 = nuw ADD64ri32 killed renamable $r14(tied-def 0), 80, implicit-def dead $eflags; JMP_1 %bb.10"
lua_getfield,BB#3,2,"CMP32ri renamable $esi, -1000999, implicit-def $eflags; JCC_1 %bb.5, 12, implicit killed $eflags"
lua_getfield,BB#4,4,"renamable $r14 = MOVSX64rr32 killed renamable $esi; renamable $r14 = SHL64ri killed renamable $r14(tied-def 0), 4, implicit-def dead $eflags; renamable $r14 = ADD64rm killed renamable $r14(tied-def 0), renamable $rbx, 1, $noreg, 16, $noreg, implicit-def dead $eflags :: (load (s64) from %ir.21, !tbaa !12); JMP_1 %bb.10"
lua_getfield,BB#5,2,"CMP32ri renamable $esi, -1001000, implicit-def $eflags; JCC_1 %bb.7, 5, implicit killed $eflags"
lua_getfield,BB#6,3,"renamable $r14 = MOV64rm renamable $rbx, 1, $noreg, 24, $noreg :: (load (s64) from %ir.28, !tbaa !17); renamable $r14 = nuw ADD64ri32 killed renamable $r14(tied-def 0), 64, implicit-def dead $eflags; JMP_1 %bb.10"
lua_getfield,BB#7,3,"renamable $rax = MOV64rm killed renamable $rax, 1, $noreg, 0, $noreg :: (load (s64) from %ir.5, !tbaa !12); CMP8mi renamable $rax, 1, $noreg, 8, $noreg, 102, implicit-def $eflags :: (load (s8) from %ir.33, align 8, !tbaa !12); JCC_1 %bb.2, 5, implicit $eflags"
lua_getfield,BB#8,6,"renamable $ecx = MOV32ri -1001000; renamable $ecx = nuw nsw SUB32rr killed renamable $ecx(tied-def 0), renamable $esi, implicit-def dead $eflags; renamable $rax = MOV64rm killed renamable $rax, 1, $noreg, 0, $noreg :: (load (s64) from %ir.32, !tbaa !12); renamable $edi = MOVZX32rm8 renamable $rax, 1, $noreg, 10, $noreg :: (load (s8) from %ir.39, align 2, !tbaa !29); CMP32rr killed renamable $ecx, killed renamable $edi, implicit-def $eflags; JCC_1 %bb.2, 7, implicit $eflags"
lua_getfield,BB#9,4,"renamable $ecx = MOV32ri -1001001, implicit-def $rcx; renamable $ecx = nuw nsw SUB32rr renamable $ecx(tied-def 0), killed renamable $esi, implicit-def dead $eflags, implicit killed $rcx, implicit-def $rcx; renamable $rcx = SHL64ri killed renamable $rcx(tied-def 0), 4, implicit-def dead $eflags; renamable $r14 = LEA64r killed renamable $rax, 1, killed renamable $rcx, 32, $noreg"
lua_getfield,BB#10,5,"$rdi = COPY renamable $rbx; $rsi = COPY killed renamable $rdx; CALL64pcrel32 @luaS_new, <regmask $bh $bl $bp $bph $bpl $bx $ebp $ebx $hbp $hbx $rbp $rbx $r12 $r13 $r14 $r15 $r12b $r13b $r14b $r15b $r12bh $r13bh $r14bh $r15bh $r12d $r13d $r14d $r15d $r12w $r13w $r14w $r15w $r12wh and 3 more...>, implicit $rsp, implicit $ssp, implicit $rdi, implicit $rsi, implicit-def $rsp, implicit-def $ssp, implicit-def $rax; CMP8mi renamable $r14, 1, $noreg, 8, $noreg, 69, implicit-def $eflags :: (load (s8) from %ir.58, align 8, !tbaa !13); JCC_1 %bb.12, 4, implicit killed $eflags"
lua_getfield,BB#11,2,"renamable $r8d = MOV32r0 implicit-def dead $eflags, implicit-def $r8; JMP_1 %bb.14"
lua_getfield,BB#12,7,"renamable $rdi = MOV64rm renamable $r14, 1, $noreg, 0, $noreg :: (load (s64) from %ir.56, !tbaa !12); renamable $r15 = COPY renamable $rax; $rsi = COPY killed renamable $rax; CALL64pcrel32 @luaH_getstr, <regmask $bh $bl $bp $bph $bpl $bx $ebp $ebx $hbp $hbx $rbp $rbx $r12 $r13 $r14 $r15 $r12b $r13b $r14b $r15b $r12bh $r13bh $r14bh $r15bh $r12d $r13d $r14d $r15d $r12w $r13w $r14w $r15w $r12wh and 3 more...>, implicit $rsp, implicit $ssp, implicit $rdi, implicit $rsi, implicit-def $rsp, implicit-def $ssp, implicit-def $rax; renamable $r8 = COPY $rax; TEST8mi $rax, 1, $noreg, 8, $noreg, 15, implicit-def $eflags :: (load (s8) from %ir.64, align 8, !tbaa !13); JCC_1 %bb.16, 5, implicit killed $eflags"
lua_getfield,BB#13,1,renamable $rax = COPY killed renamable $r15
lua_getfield,BB#14,13,"renamable $rcx = MOV64rm renamable $rbx, 1, $noreg, 16, $noreg :: (load (s64) from %ir.79, !tbaa !12); MOV64mr renamable $rcx, 1, $noreg, 0, $noreg, renamable $rax :: (store (s64) into %ir.80, !tbaa !12); renamable $al = MOV8rm killed renamable $rax, 1, $noreg, 8, $noreg :: (load (s8) from %ir.81, align 8, !tbaa !37); renamable $al = OR8ri killed renamable $al(tied-def 0), 64, implicit-def dead $eflags; MOV8mr killed renamable $rcx, 1, $noreg, 8, $noreg, killed renamable $al :: (store (s8) into %ir.84, align 8, !tbaa !13); renamable $rcx = MOV64rm renamable $rbx, 1, $noreg, 16, $noreg :: (load (s64) from %ir.79, !tbaa !12); renamable $rax = LEA64r renamable $rcx, 1, $noreg, 16, $noreg; MOV64mr renamable $rbx, 1, $noreg, 16, $noreg, killed renamable $rax :: (store (s64) into %ir.79, !tbaa !12); $rdi = COPY renamable $rbx; $rsi = COPY killed renamable $r14; $rdx = COPY renamable $rcx; CALL64pcrel32 @luaV_finishget, <regmask $bh $bl $bp $bph $bpl $bx $ebp $ebx $hbp $hbx $rbp $rbx $r12 $r13 $r14 $r15 $r12b $r13b $r14b $r15b $r12bh $r13bh $r14bh $r15bh $r12d $r13d $r14d $r15d $r12w $r13w $r14w $r15w $r12wh and 3 more...>, implicit $rsp, implicit $ssp, implicit $rdi, implicit $rsi, implicit $rdx, implicit $rcx, implicit $r8, implicit-def $rsp, implicit-def $ssp; renamable $rax = MOV64rm killed renamable $rbx, 1, $noreg, 16, $noreg :: (load (s64) from %ir.79, !tbaa !12)"
lua_getfield,BB#15,9,"renamable $eax = MOVZX32rm8 killed renamable $rax, 1, $noreg, -8, $noreg :: (load (s8) from %ir.90, align 8, !tbaa !12); renamable $eax = AND32ri killed renamable $eax(tied-def 0), 15, implicit-def dead $eflags; $rbx = frame-destroy POP64r implicit-def $rsp, implicit $rsp; frame-destroy CFI_INSTRUCTION def_cfa_offset 24; $r14 = frame-destroy POP64r implicit-def $rsp, implicit $rsp; frame-destroy CFI_INSTRUCTION def_cfa_offset 16; $r15 = frame-destroy POP64r implicit-def $rsp, implicit $rsp; frame-destroy CFI_INSTRUCTION def_cfa_offset 8; RET 0, $eax"
lua_getfield,BB#16,9,"renamable $rax = MOV64rm renamable $rbx, 1, $noreg, 16, $noreg :: (load (s64) from %ir.69, !tbaa !12); renamable $rcx = MOV64rm renamable $r8, 1, $noreg, 0, $noreg :: (load (s64) from %ir.63); MOV64mr renamable $rax, 1, $noreg, 0, $noreg, killed renamable $rcx :: (store (s64) into %ir.70); renamable $cl = MOV8rm killed renamable $r8, 1, $noreg, 8, $noreg :: (load (s8) from %ir.72, align 8, !tbaa !13); MOV8mr killed renamable $rax, 1, $noreg, 8, $noreg, killed renamable $cl :: (store (s8) into %ir.74, align 8, !tbaa !13); renamable $rax = MOV64rm renamable $rbx, 1, $noreg, 16, $noreg :: (load (s64) from %ir.69, !tbaa !12); renamable $rax = nuw ADD64ri32 killed renamable $rax(tied-def 0), 16, implicit-def dead $eflags; MOV64mr killed renamable $rbx, 1, $noreg, 16, $noreg, renamable $rax :: (store (s64) into %ir.69, !tbaa !12); JMP_1 %bb.15"
lua_geti,BB#0,15,"frame-setup PUSH64r killed $r15, implicit-def $rsp, implicit $rsp; frame-setup CFI_INSTRUCTION def_cfa_offset 16; frame-setup PUSH64r killed $r14, implicit-def $rsp, implicit $rsp; frame-setup CFI_INSTRUCTION def_cfa_offset 24; frame-setup PUSH64r killed $rbx, implicit-def $rsp, implicit $rsp; frame-setup CFI_INSTRUCTION def_cfa_offset 32; $rsp = frame-setup SUB64ri32 $rsp(tied-def 0), 16, implicit-def dead $eflags; frame-setup CFI_INSTRUCTION def_cfa_offset 48; CFI_INSTRUCTION offset $rbx, -32; CFI_INSTRUCTION offset $r14, -24; CFI_INSTRUCTION offset $r15, -16; renamable $rbx = COPY $rdi; renamable $rax = MOV64rm $rdi, 1, $noreg, 32, $noreg :: (load (s64) from %ir.5); TEST32rr renamable $esi, renamable $esi, implicit-def $eflags; JCC_1 %bb.3, 14, implicit killed $eflags"
lua_geti,BB#1,5,"renamable $esi = MOV32rr killed renamable $esi, implicit-def $rsi; renamable $rsi = SHL64ri killed renamable $rsi(tied-def 0), 4, implicit-def dead $eflags; renamable $rsi = ADD64rm killed renamable $rsi(tied-def 0), killed renamable $rax, 1, $noreg, 0, $noreg, implicit-def dead $eflags :: (load (s64) from %ir.6); CMP64rm renamable $rsi, renamable $rbx, 1, $noreg, 16, $noreg, implicit-def $eflags :: (load (s64) from %ir.12); JCC_1 %bb.10, 2, implicit $eflags"
lua_geti,BB#2,3,"renamable $rsi = MOV64rm renamable $rbx, 1, $noreg, 24, $noreg :: (load (s64) from %ir.53), (load (s64) from %ir.49), (load (s64) from %ir.16); renamable $rsi = nuw ADD64ri32 killed renamable $rsi(tied-def 0), 80, implicit-def dead $eflags; JMP_1 %bb.10"
lua_geti,BB#3,2,"CMP32ri renamable $esi, -1000999, implicit-def $eflags; JCC_1 %bb.5, 12, implicit killed $eflags"
lua_geti,BB#4,4,"renamable $rsi = MOVSX64rr32 killed renamable $esi; renamable $rsi = SHL64ri killed renamable $rsi(tied-def 0), 4, implicit-def dead $eflags; renamable $rsi = ADD64rm killed renamable $rsi(tied-def 0), renamable $rbx, 1, $noreg, 16, $noreg, implicit-def dead $eflags :: (load (s64) from %ir.22); JMP_1 %bb.10"
lua_geti,BB#5,2,"CMP32ri renamable $esi, -1001000, implicit-def $eflags; JCC_1 %bb.7, 5, implicit killed $eflags"
lua_geti,BB#6,3,"renamable $rsi = MOV64rm renamable $rbx, 1, $noreg, 24, $noreg :: (load (s64) from %ir.29); renamable $rsi = nuw ADD64ri32 killed renamable $rsi(tied-def 0), 64, implicit-def dead $eflags; JMP_1 %bb.10"
lua_geti,BB#7,3,"renamable $rax = MOV64rm killed renamable $rax, 1, $noreg, 0, $noreg :: (load (s64) from %ir.6); CMP8mi renamable $rax, 1, $noreg, 8, $noreg, 102, implicit-def $eflags :: (load (s8) from %ir.34, align 8); JCC_1 %bb.2, 5, implicit $eflags"
lua_geti,BB#8,6,"renamable $ecx = MOV32ri -1001000; renamable $ecx = nuw nsw SUB32rr killed renamable $ecx(tied-def 0), renamable $esi, implicit-def dead $eflags; renamable $rax = MOV64rm killed renamable $rax, 1, $noreg, 0, $noreg :: (load (s64) from %ir.33); renamable $edi = MOVZX32rm8 renamable $rax, 1, $noreg, 10, $noreg :: (load (s8) from %ir.40, align 2); CMP32rr killed renamable $ecx, killed renamable $edi, implicit-def $eflags; JCC_1 %bb.2, 7, implicit $eflags"
lua_geti,BB#9,4,"renamable $ecx = MOV32ri -1001001, implicit-def $rcx; renamable $ecx = nuw nsw SUB32rr renamable $ecx(tied-def 0), killed renamable $esi, implicit-def dead $eflags, implicit killed $rcx, implicit-def $rcx; renamable $rcx = SHL64ri killed renamable $rcx(tied-def 0), 4, implicit-def dead $eflags; renamable $rsi = LEA64r killed renamable $rax, 1, killed renamable $rcx, 32, $noreg"
lua_geti,BB#10,2,"CMP8mi renamable $rsi, 1, $noreg, 8, $noreg, 69, implicit-def $eflags :: (load (s8) from %ir.58, align 8); JCC_1 %bb.13, 4, implicit killed $eflags"
lua_geti,BB#11,1,"renamable $r8d = MOV32r0 implicit-def dead $eflags, implicit-def $r8"
lua_geti,BB#12,7,"MOV64mr $rsp, 1, $noreg, 0, $noreg, killed renamable $rdx :: (store (s64) into %ir.4, !tbaa !12); MOV8mi $rsp, 1, $noreg, 8, $noreg, 3 :: (store (s8) into %ir.89, align 8, !tbaa !13); renamable $rcx = MOV64rm renamable $rbx, 1, $noreg, 16, $noreg :: (load (s64) from %ir.90); $rdx = MOV64rr $rsp; $rdi = COPY renamable $rbx; CALL64pcrel32 @luaV_finishget, <regmask $bh $bl $bp $bph $bpl $bx $ebp $ebx $hbp $hbx $rbp $rbx $r12 $r13 $r14 $r15 $r12b $r13b $r14b $r15b $r12bh $r13bh $r14bh $r15bh $r12d $r13d $r14d $r15d $r12w $r13w $r14w $r15w $r12wh and 3 more...>, implicit $rsp, implicit $ssp, implicit $rdi, implicit $rsi, implicit $rdx, implicit $rcx, implicit $r8, implicit-def $rsp, implicit-def $ssp; JMP_1 %bb.18"
lua_geti,BB#13,5,"renamable $r8 = LEA64r renamable $rdx, 1, $noreg, -1, $noreg; renamable $rdi = MOV64rm renamable $rsi, 1, $noreg, 0, $noreg :: (load (s64) from %ir.57); renamable $eax = MOV32rm renamable $rdi, 1, $noreg, 12, $noreg, implicit-def $rax :: (load (s32) from %ir.64); CMP64rr renamable $r8, killed renamable $rax, implicit-def $eflags; JCC_1 %bb.15, 3, implicit killed $eflags"
lua_geti,BB#14,3,"renamable $r8 = SHL64ri killed renamable $r8(tied-def 0), 4, implicit-def dead $eflags; renamable $r8 = ADD64rm killed renamable $r8(tied-def 0), killed renamable $rdi, 1, $noreg, 16, $noreg, implicit-def dead $eflags :: (load (s64) from %ir.69); JMP_1 %bb.16"
lua_geti,BB#15,7,"renamable $r14 = COPY killed renamable $rsi; $rsi = COPY renamable $rdx; renamable $r15 = COPY killed renamable $rdx; CALL64pcrel32 @luaH_getint, <regmask $bh $bl $bp $bph $bpl $bx $ebp $ebx $hbp $hbx $rbp $rbx $r12 $r13 $r14 $r15 $r12b $r13b $r14b $r15b $r12bh $r13bh $r14bh $r15bh $r12d $r13d $r14d $r15d $r12w $r13w $r14w $r15w $r12wh and 3 more...>, implicit $rsp, implicit $ssp, implicit $rdi, implicit $rsi, implicit-def $rsp, implicit-def $ssp, implicit-def $rax; renamable $rsi = COPY killed renamable $r14; renamable $rdx = COPY killed renamable $r15; renamable $r8 = COPY $rax"
lua_geti,BB#16,2,"TEST8mi renamable $r8, 1, $noreg, 8, $noreg, 15, implicit-def $eflags :: (load (s8) from %ir.76, align 8); JCC_1 %bb.12, 4, implicit $eflags"
lua_geti,BB#17,5,"renamable $rax = MOV64rm renamable $rbx, 1, $noreg, 16, $noreg :: (load (s64) from %ir.81); renamable $rcx = MOV64rm renamable $r8, 1, $noreg, 0, $noreg :: (load (s64) from %ir.75); MOV64mr renamable $rax, 1, $noreg, 0, $noreg, killed renamable $rcx :: (store (s64) into %ir.82); renamable $cl = MOV8rm killed renamable $r8, 1, $noreg, 8, $noreg :: (load (s8) from %ir.84, align 8); MOV8mr killed renamable $rax, 1, $noreg, 8, $noreg, killed renamable $cl :: (store (s8) into %ir.86, align 8)"
lua_geti,BB#18,14,"renamable $rax = MOV64rm renamable $rbx, 1, $noreg, 16, $noreg :: (load (s64) from %ir.93); renamable $rcx = LEA64r renamable $rax, 1, $noreg, 16, $noreg; MOV64mr killed renamable $rbx, 1, $noreg, 16, $noreg, killed renamable $rcx :: (store (s64) into %ir.93); renamable $eax = MOVZX32rm8 killed renamable $rax, 1, $noreg, 8, $noreg :: (load (s8) from %ir.96, align 8); renamable $eax = AND32ri killed renamable $eax(tied-def 0), 15, implicit-def dead $eflags; $rsp = frame-destroy ADD64ri32 $rsp(tied-def 0), 16, implicit-def dead $eflags; frame-destroy CFI_INSTRUCTION def_cfa_offset 32; $rbx = frame-destroy POP64r implicit-def $rsp, implicit $rsp; frame-destroy CFI_INSTRUCTION def_cfa_offset 24; $r14 = frame-destroy POP64r implicit-def $rsp, implicit $rsp; frame-destroy CFI_INSTRUCTION def_cfa_offset 16; $r15 = frame-destroy POP64r implicit-def $rsp, implicit $rsp; frame-destroy CFI_INSTRUCTION def_cfa_offset 8; RET 0, $eax"
lua_rawget,BB#0,7,"frame-setup PUSH64r killed $rbx, implicit-def $rsp, implicit $rsp; frame-setup CFI_INSTRUCTION def_cfa_offset 16; CFI_INSTRUCTION offset $rbx, -16; renamable $rbx = COPY $rdi; renamable $rcx = MOV64rm $rdi, 1, $noreg, 32, $noreg :: (load (s64) from %ir.3, !tbaa !3); TEST32rr renamable $esi, renamable $esi, implicit-def $eflags; JCC_1 %bb.3, 14, implicit killed $eflags"
lua_rawget,BB#1,5,"renamable $eax = MOV32rr killed renamable $esi, implicit-def $rax; renamable $rax = SHL64ri killed renamable $rax(tied-def 0), 4, implicit-def dead $eflags; renamable $rax = ADD64rm killed renamable $rax(tied-def 0), killed renamable $rcx, 1, $noreg, 0, $noreg, implicit-def dead $eflags :: (load (s64) from %ir.4, !tbaa !12); CMP64rm renamable $rax, renamable $rbx, 1, $noreg, 16, $noreg, implicit-def $eflags :: (load (s64) from %ir.10, !tbaa !12); JCC_1 %bb.10, 2, implicit $eflags"
lua_rawget,BB#2,3,"renamable $rax = MOV64rm renamable $rbx, 1, $noreg, 24, $noreg :: (load (s64) from %ir.51, !tbaa !17), (load (s64) from %ir.47, !tbaa !17), (load (s64) from %ir.14, !tbaa !17); renamable $rax = nuw ADD64ri32 killed renamable $rax(tied-def 0), 80, implicit-def dead $eflags; JMP_1 %bb.10"
lua_rawget,BB#3,2,"CMP32ri renamable $esi, -1000999, implicit-def $eflags; JCC_1 %bb.5, 12, implicit killed $eflags"
lua_rawget,BB#4,4,"renamable $rax = MOVSX64rr32 killed renamable $esi; renamable $rax = SHL64ri killed renamable $rax(tied-def 0), 4, implicit-def dead $eflags; renamable $rax = ADD64rm killed renamable $rax(tied-def 0), renamable $rbx, 1, $noreg, 16, $noreg, implicit-def dead $eflags :: (load (s64) from %ir.20, !tbaa !12); JMP_1 %bb.10"
lua_rawget,BB#5,2,"CMP32ri renamable $esi, -1001000, implicit-def $eflags; JCC_1 %bb.7, 5, implicit killed $eflags"
lua_rawget,BB#6,3,"renamable $rax = MOV64rm renamable $rbx, 1, $noreg, 24, $noreg :: (load (s64) from %ir.27, !tbaa !17); renamable $rax = nuw ADD64ri32 killed renamable $rax(tied-def 0), 64, implicit-def dead $eflags; JMP_1 %bb.10"
lua_rawget,BB#7,3,"renamable $rax = MOV64rm killed renamable $rcx, 1, $noreg, 0, $noreg :: (load (s64) from %ir.4, !tbaa !12); CMP8mi renamable $rax, 1, $noreg, 8, $noreg, 102, implicit-def $eflags :: (load (s8) from %ir.32, align 8, !tbaa !12); JCC_1 %bb.2, 5, implicit $eflags"
lua_rawget,BB#8,6,"renamable $ecx = MOV32ri -1001000; renamable $ecx = nuw nsw SUB32rr killed renamable $ecx(tied-def 0), renamable $esi, implicit-def dead $eflags; renamable $rax = MOV64rm killed renamable $rax, 1, $noreg, 0, $noreg :: (load (s64) from %ir.31, !tbaa !12); renamable $edx = MOVZX32rm8 renamable $rax, 1, $noreg, 10, $noreg :: (load (s8) from %ir.38, align 2, !tbaa !29); CMP32rr killed renamable $ecx, killed renamable $edx, implicit-def $eflags; JCC_1 %bb.2, 7, implicit $eflags"
lua_rawget,BB#9,4,"renamable $ecx = MOV32ri -1001001, implicit-def $rcx; renamable $ecx = nuw nsw SUB32rr renamable $ecx(tied-def 0), killed renamable $esi, implicit-def dead $eflags, implicit killed $rcx, implicit-def $rcx; renamable $rcx = SHL64ri killed renamable $rcx(tied-def 0), 4, implicit-def dead $eflags; renamable $rax = LEA64r killed renamable $rax, 1, killed renamable $rcx, 32, $noreg"
lua_rawget,BB#10,9,"renamable $rdi = MOV64rm killed renamable $rax, 1, $noreg, 0, $noreg :: (load (s64) from %ir.55, !tbaa !12); renamable $rsi = MOV64rm renamable $rbx, 1, $noreg, 16, $noreg :: (load (s64) from %ir.57, !tbaa !12); renamable $rsi = ADD64ri32 killed renamable $rsi(tied-def 0), -16, implicit-def dead $eflags; CALL64pcrel32 @luaH_get, <regmask $bh $bl $bp $bph $bpl $bx $ebp $ebx $hbp $hbx $rbp $rbx $r12 $r13 $r14 $r15 $r12b $r13b $r14b $r15b $r12bh $r13bh $r14bh $r15bh $r12d $r13d $r14d $r15d $r12w $r13w $r14w $r15w $r12wh and 3 more...>, implicit $rsp, implicit $ssp, implicit $rdi, implicit $rsi, implicit-def $rsp, implicit-def $ssp, implicit-def $rax; renamable $rcx = MOV64rm renamable $rbx, 1, $noreg, 16, $noreg :: (load (s64) from %ir.57, !tbaa !12); renamable $rdx = LEA64r renamable $rcx, 1, $noreg, -16, $noreg; MOV64mr renamable $rbx, 1, $noreg, 16, $noreg, renamable $rdx :: (store (s64) into %ir.57, !tbaa !12); TEST8mi renamable $rax, 1, $noreg, 8, $noreg, 15, implicit-def $eflags :: (load (s8) from %ir.63, align 8, !tbaa !13); JCC_1 %bb.12, 5, implicit killed $eflags"
lua_rawget,BB#11,2,renamable $eax = MOV32r0 implicit-def dead $eflags; JMP_1 %bb.13
lua_rawget,BB#12,3,"renamable $rsi = MOV64rm renamable $rax, 1, $noreg, 0, $noreg :: (load (s64) from %ir.60); MOV64mr killed renamable $rdx, 1, $noreg, 0, $noreg, killed renamable $rsi :: (store (s64) into %ir.62); renamable $al = MOV8rm killed renamable $rax, 1, $noreg, 8, $noreg, implicit-def $eax :: (load (s8) from %ir.69, align 8, !tbaa !13)"
lua_rawget,BB#13,9,"MOV8mr killed renamable $rcx, 1, $noreg, -8, $noreg, renamable $al, implicit killed $eax :: (store (s8) into %ir.73, align 8, !tbaa !12); renamable $rax = MOV64rm renamable $rbx, 1, $noreg, 16, $noreg :: (load (s64) from %ir.74, !tbaa !12); renamable $rcx = LEA64r renamable $rax, 1, $noreg, 16, $noreg; MOV64mr killed renamable $rbx, 1, $noreg, 16, $noreg, killed renamable $rcx :: (store (s64) into %ir.74, !tbaa !12); renamable $eax = MOVZX32rm8 killed renamable $rax, 1, $noreg, 8, $noreg :: (load (s8) from %ir.77, align 8, !tbaa !12); renamable $eax = AND32ri killed renamable $eax(tied-def 0), 15, implicit-def dead $eflags; $rbx = frame-destroy POP64r implicit-def $rsp, implicit $rsp; frame-destroy CFI_INSTRUCTION def_cfa_offset 8; RET 0, $eax"
lua_rawgeti,BB#0,7,"frame-setup PUSH64r killed $rbx, implicit-def $rsp, implicit $rsp; frame-setup CFI_INSTRUCTION def_cfa_offset 16; CFI_INSTRUCTION offset $rbx, -16; renamable $rbx = COPY $rdi; renamable $rcx = MOV64rm $rdi, 1, $noreg, 32, $noreg :: (load (s64) from %ir.4, !tbaa !3); TEST32rr renamable $esi, renamable $esi, implicit-def $eflags; JCC_1 %bb.3, 14, implicit killed $eflags"
lua_rawgeti,BB#1,5,"renamable $eax = MOV32rr killed renamable $esi, implicit-def $rax; renamable $rax = SHL64ri killed renamable $rax(tied-def 0), 4, implicit-def dead $eflags; renamable $rax = ADD64rm killed renamable $rax(tied-def 0), killed renamable $rcx, 1, $noreg, 0, $noreg, implicit-def dead $eflags :: (load (s64) from %ir.5, !tbaa !12); CMP64rm renamable $rax, renamable $rbx, 1, $noreg, 16, $noreg, implicit-def $eflags :: (load (s64) from %ir.11, !tbaa !12); JCC_1 %bb.10, 2, implicit $eflags"
lua_rawgeti,BB#2,3,"renamable $rax = MOV64rm renamable $rbx, 1, $noreg, 24, $noreg :: (load (s64) from %ir.52, !tbaa !17), (load (s64) from %ir.48, !tbaa !17), (load (s64) from %ir.15, !tbaa !17); renamable $rax = nuw ADD64ri32 killed renamable $rax(tied-def 0), 80, implicit-def dead $eflags; JMP_1 %bb.10"
lua_rawgeti,BB#3,2,"CMP32ri renamable $esi, -1000999, implicit-def $eflags; JCC_1 %bb.5, 12, implicit killed $eflags"
lua_rawgeti,BB#4,4,"renamable $rax = MOVSX64rr32 killed renamable $esi; renamable $rax = SHL64ri killed renamable $rax(tied-def 0), 4, implicit-def dead $eflags; renamable $rax = ADD64rm killed renamable $rax(tied-def 0), renamable $rbx, 1, $noreg, 16, $noreg, implicit-def dead $eflags :: (load (s64) from %ir.21, !tbaa !12); JMP_1 %bb.10"
lua_rawgeti,BB#5,2,"CMP32ri renamable $esi, -1001000, implicit-def $eflags; JCC_1 %bb.7, 5, implicit killed $eflags"
lua_rawgeti,BB#6,3,"renamable $rax = MOV64rm renamable $rbx, 1, $noreg, 24, $noreg :: (load (s64) from %ir.28, !tbaa !17); renamable $rax = nuw ADD64ri32 killed renamable $rax(tied-def 0), 64, implicit-def dead $eflags; JMP_1 %bb.10"
lua_rawgeti,BB#7,3,"renamable $rax = MOV64rm killed renamable $rcx, 1, $noreg, 0, $noreg :: (load (s64) from %ir.5, !tbaa !12); CMP8mi renamable $rax, 1, $noreg, 8, $noreg, 102, implicit-def $eflags :: (load (s8) from %ir.33, align 8, !tbaa !12); JCC_1 %bb.2, 5, implicit $eflags"
lua_rawgeti,BB#8,6,"renamable $ecx = MOV32ri -1001000; renamable $ecx = nuw nsw SUB32rr killed renamable $ecx(tied-def 0), renamable $esi, implicit-def dead $eflags; renamable $rax = MOV64rm killed renamable $rax, 1, $noreg, 0, $noreg :: (load (s64) from %ir.32, !tbaa !12); renamable $edi = MOVZX32rm8 renamable $rax, 1, $noreg, 10, $noreg :: (load (s8) from %ir.39, align 2, !tbaa !29); CMP32rr killed renamable $ecx, killed renamable $edi, implicit-def $eflags; JCC_1 %bb.2, 7, implicit $eflags"
lua_rawgeti,BB#9,4,"renamable $ecx = MOV32ri -1001001, implicit-def $rcx; renamable $ecx = nuw nsw SUB32rr renamable $ecx(tied-def 0), killed renamable $esi, implicit-def dead $eflags, implicit killed $rcx, implicit-def $rcx; renamable $rcx = SHL64ri killed renamable $rcx(tied-def 0), 4, implicit-def dead $eflags; renamable $rax = LEA64r killed renamable $rax, 1, killed renamable $rcx, 32, $noreg"
lua_rawgeti,BB#10,6,"renamable $rdi = MOV64rm killed renamable $rax, 1, $noreg, 0, $noreg :: (load (s64) from %ir.56, !tbaa !12); $rsi = COPY killed renamable $rdx; CALL64pcrel32 @luaH_getint, <regmask $bh $bl $bp $bph $bpl $bx $ebp $ebx $hbp $hbx $rbp $rbx $r12 $r13 $r14 $r15 $r12b $r13b $r14b $r15b $r12bh $r13bh $r14bh $r15bh $r12d $r13d $r14d $r15d $r12w $r13w $r14w $r15w $r12wh and 3 more...>, implicit $rsp, implicit $ssp, implicit $rdi, implicit $rsi, implicit-def $rsp, implicit-def $ssp, implicit-def $rax; TEST8mi renamable $rax, 1, $noreg, 8, $noreg, 15, implicit-def $eflags :: (load (s8) from %ir.59, align 8, !tbaa !13); renamable $rcx = MOV64rm renamable $rbx, 1, $noreg, 16, $noreg :: (load (s64) from %ir.63, !tbaa !12); JCC_1 %bb.12, 5, implicit killed $eflags"
lua_rawgeti,BB#11,2,renamable $eax = MOV32r0 implicit-def dead $eflags; JMP_1 %bb.13
lua_rawgeti,BB#12,3,"renamable $rdx = MOV64rm renamable $rax, 1, $noreg, 0, $noreg :: (load (s64) from %ir.58); MOV64mr renamable $rcx, 1, $noreg, 0, $noreg, killed renamable $rdx :: (store (s64) into %ir.64); renamable $al = MOV8rm killed renamable $rax, 1, $noreg, 8, $noreg, implicit-def $eax :: (load (s8) from %ir.67, align 8, !tbaa !13)"
lua_rawgeti,BB#13,9,"MOV8mr killed renamable $rcx, 1, $noreg, 8, $noreg, renamable $al, implicit killed $eax :: (store (s8) into %ir.71, align 8, !tbaa !12); renamable $rax = MOV64rm renamable $rbx, 1, $noreg, 16, $noreg :: (load (s64) from %ir.72, !tbaa !12); renamable $rcx = LEA64r renamable $rax, 1, $noreg, 16, $noreg; MOV64mr killed renamable $rbx, 1, $noreg, 16, $noreg, killed renamable $rcx :: (store (s64) into %ir.72, !tbaa !12); renamable $eax = MOVZX32rm8 killed renamable $rax, 1, $noreg, 8, $noreg :: (load (s8) from %ir.75, align 8, !tbaa !12); renamable $eax = AND32ri killed renamable $eax(tied-def 0), 15, implicit-def dead $eflags; $rbx = frame-destroy POP64r implicit-def $rsp, implicit $rsp; frame-destroy CFI_INSTRUCTION def_cfa_offset 8; RET 0, $eax"
lua_rawgetp,BB#0,9,"frame-setup PUSH64r killed $rbx, implicit-def $rsp, implicit $rsp; frame-setup CFI_INSTRUCTION def_cfa_offset 16; $rsp = frame-setup SUB64ri32 $rsp(tied-def 0), 16, implicit-def dead $eflags; frame-setup CFI_INSTRUCTION def_cfa_offset 32; CFI_INSTRUCTION offset $rbx, -16; renamable $rbx = COPY $rdi; renamable $rcx = MOV64rm $rdi, 1, $noreg, 32, $noreg :: (load (s64) from %ir.5); TEST32rr renamable $esi, renamable $esi, implicit-def $eflags; JCC_1 %bb.3, 14, implicit killed $eflags"
lua_rawgetp,BB#1,5,"renamable $eax = MOV32rr killed renamable $esi, implicit-def $rax; renamable $rax = SHL64ri killed renamable $rax(tied-def 0), 4, implicit-def dead $eflags; renamable $rax = ADD64rm killed renamable $rax(tied-def 0), killed renamable $rcx, 1, $noreg, 0, $noreg, implicit-def dead $eflags :: (load (s64) from %ir.6); CMP64rm renamable $rax, renamable $rbx, 1, $noreg, 16, $noreg, implicit-def $eflags :: (load (s64) from %ir.12); JCC_1 %bb.10, 2, implicit $eflags"
lua_rawgetp,BB#2,3,"renamable $rax = MOV64rm renamable $rbx, 1, $noreg, 24, $noreg :: (load (s64) from %ir.53), (load (s64) from %ir.49), (load (s64) from %ir.16); renamable $rax = nuw ADD64ri32 killed renamable $rax(tied-def 0), 80, implicit-def dead $eflags; JMP_1 %bb.10"
lua_rawgetp,BB#3,2,"CMP32ri renamable $esi, -1000999, implicit-def $eflags; JCC_1 %bb.5, 12, implicit killed $eflags"
lua_rawgetp,BB#4,4,"renamable $rax = MOVSX64rr32 killed renamable $esi; renamable $rax = SHL64ri killed renamable $rax(tied-def 0), 4, implicit-def dead $eflags; renamable $rax = ADD64rm killed renamable $rax(tied-def 0), renamable $rbx, 1, $noreg, 16, $noreg, implicit-def dead $eflags :: (load (s64) from %ir.22); JMP_1 %bb.10"
lua_rawgetp,BB#5,2,"CMP32ri renamable $esi, -1001000, implicit-def $eflags; JCC_1 %bb.7, 5, implicit killed $eflags"
lua_rawgetp,BB#6,3,"renamable $rax = MOV64rm renamable $rbx, 1, $noreg, 24, $noreg :: (load (s64) from %ir.29); renamable $rax = nuw ADD64ri32 killed renamable $rax(tied-def 0), 64, implicit-def dead $eflags; JMP_1 %bb.10"
lua_rawgetp,BB#7,3,"renamable $rax = MOV64rm killed renamable $rcx, 1, $noreg, 0, $noreg :: (load (s64) from %ir.6); CMP8mi renamable $rax, 1, $noreg, 8, $noreg, 102, implicit-def $eflags :: (load (s8) from %ir.34, align 8); JCC_1 %bb.2, 5, implicit $eflags"
lua_rawgetp,BB#8,6,"renamable $ecx = MOV32ri -1001000; renamable $ecx = nuw nsw SUB32rr killed renamable $ecx(tied-def 0), renamable $esi, implicit-def dead $eflags; renamable $rax = MOV64rm killed renamable $rax, 1, $noreg, 0, $noreg :: (load (s64) from %ir.33); renamable $edi = MOVZX32rm8 renamable $rax, 1, $noreg, 10, $noreg :: (load (s8) from %ir.40, align 2); CMP32rr killed renamable $ecx, killed renamable $edi, implicit-def $eflags; JCC_1 %bb.2, 7, implicit $eflags"
lua_rawgetp,BB#9,4,"renamable $ecx = MOV32ri -1001001, implicit-def $rcx; renamable $ecx = nuw nsw SUB32rr renamable $ecx(tied-def 0), killed renamable $esi, implicit-def dead $eflags, implicit killed $rcx, implicit-def $rcx; renamable $rcx = SHL64ri killed renamable $rcx(tied-def 0), 4, implicit-def dead $eflags; renamable $rax = LEA64r killed renamable $rax, 1, killed renamable $rcx, 32, $noreg"
lua_rawgetp,BB#10,8,"renamable $rdi = MOV64rm killed renamable $rax, 1, $noreg, 0, $noreg :: (load (s64) from %ir.57); MOV64mr $rsp, 1, $noreg, 0, $noreg, killed renamable $rdx :: (store (s64) into %ir.4, !tbaa !12); MOV8mi $rsp, 1, $noreg, 8, $noreg, 2 :: (store (s8) into %ir.59, align 8, !tbaa !13); $rsi = MOV64rr $rsp; CALL64pcrel32 @luaH_get, <regmask $bh $bl $bp $bph $bpl $bx $ebp $ebx $hbp $hbx $rbp $rbx $r12 $r13 $r14 $r15 $r12b $r13b $r14b $r15b $r12bh $r13bh $r14bh $r15bh $r12d $r13d $r14d $r15d $r12w $r13w $r14w $r15w $r12wh and 3 more...>, implicit $rsp, implicit $ssp, implicit $rdi, implicit $rsi, implicit-def $rsp, implicit-def $ssp, implicit-def $rax; TEST8mi renamable $rax, 1, $noreg, 8, $noreg, 15, implicit-def $eflags :: (load (s8) from %ir.61, align 8); renamable $rcx = MOV64rm renamable $rbx, 1, $noreg, 16, $noreg :: (load (s64) from %ir.65); JCC_1 %bb.12, 5, implicit killed $eflags"
lua_rawgetp,BB#11,2,renamable $eax = MOV32r0 implicit-def dead $eflags; JMP_1 %bb.13
lua_rawgetp,BB#12,3,"renamable $rdx = MOV64rm renamable $rax, 1, $noreg, 0, $noreg :: (load (s64) from %ir.60); MOV64mr renamable $rcx, 1, $noreg, 0, $noreg, killed renamable $rdx :: (store (s64) into %ir.66); renamable $al = MOV8rm killed renamable $rax, 1, $noreg, 8, $noreg, implicit-def $eax :: (load (s8) from %ir.69, align 8)"
lua_rawgetp,BB#13,11,"MOV8mr killed renamable $rcx, 1, $noreg, 8, $noreg, renamable $al, implicit killed $eax :: (store (s8) into %ir.73, align 8); renamable $rax = MOV64rm renamable $rbx, 1, $noreg, 16, $noreg :: (load (s64) from %ir.74); renamable $rcx = LEA64r renamable $rax, 1, $noreg, 16, $noreg; MOV64mr killed renamable $rbx, 1, $noreg, 16, $noreg, killed renamable $rcx :: (store (s64) into %ir.74); renamable $eax = MOVZX32rm8 killed renamable $rax, 1, $noreg, 8, $noreg :: (load (s8) from %ir.77, align 8); renamable $eax = AND32ri killed renamable $eax(tied-def 0), 15, implicit-def dead $eflags; $rsp = frame-destroy ADD64ri32 $rsp(tied-def 0), 16, implicit-def dead $eflags; frame-destroy CFI_INSTRUCTION def_cfa_offset 16; $rbx = frame-destroy POP64r implicit-def $rsp, implicit $rsp; frame-destroy CFI_INSTRUCTION def_cfa_offset 8; RET 0, $eax"
lua_createtable,BB#0,19,"frame-setup PUSH64r killed $rbp, implicit-def $rsp, implicit $rsp; frame-setup CFI_INSTRUCTION def_cfa_offset 16; frame-setup PUSH64r killed $r14, implicit-def $rsp, implicit $rsp; frame-setup CFI_INSTRUCTION def_cfa_offset 24; frame-setup PUSH64r killed $rbx, implicit-def $rsp, implicit $rsp; frame-setup CFI_INSTRUCTION def_cfa_offset 32; CFI_INSTRUCTION offset $rbx, -32; CFI_INSTRUCTION offset $r14, -24; CFI_INSTRUCTION offset $rbp, -16; renamable $ebp = COPY $edx; renamable $r14d = COPY $esi; renamable $rbx = COPY $rdi; CALL64pcrel32 @luaH_new, <regmask $bh $bl $bp $bph $bpl $bx $ebp $ebx $hbp $hbx $rbp $rbx $r12 $r13 $r14 $r15 $r12b $r13b $r14b $r15b $r12bh $r13bh $r14bh $r15bh $r12d $r13d $r14d $r15d $r12w $r13w $r14w $r15w $r12wh and 3 more...>, implicit $rsp, implicit $ssp, implicit $rdi, implicit-def $rsp, implicit-def $ssp, implicit-def $rax; renamable $rcx = MOV64rm renamable $rbx, 1, $noreg, 16, $noreg :: (load (s64) from %ir.5, !tbaa !12); MOV64mr renamable $rcx, 1, $noreg, 0, $noreg, renamable $rax :: (store (s64) into %ir.6, !tbaa !12); MOV8mi killed renamable $rcx, 1, $noreg, 8, $noreg, 69 :: (store (s8) into %ir.7, align 8, !tbaa !13); ADD64mi32 renamable $rbx, 1, $noreg, 16, $noreg, 16, implicit-def dead $eflags :: (store (s64) into %ir.5, !tbaa !12), (load (s64) from %ir.5, !tbaa !12); TEST32rr renamable $r14d, renamable $r14d, implicit-def $eflags; JCC_1 %bb.2, 15, implicit $eflags"
lua_createtable,BB#1,2,"TEST32rr renamable $ebp, renamable $ebp, implicit-def $eflags; JCC_1 %bb.3, 14, implicit $eflags"
lua_createtable,BB#2,5,"$rdi = COPY renamable $rbx; $rsi = COPY killed renamable $rax; $edx = COPY killed renamable $r14d; $ecx = COPY killed renamable $ebp; CALL64pcrel32 @luaH_resize, <regmask $bh $bl $bp $bph $bpl $bx $ebp $ebx $hbp $hbx $rbp $rbx $r12 $r13 $r14 $r15 $r12b $r13b $r14b $r15b $r12bh $r13bh $r14bh $r15bh $r12d $r13d $r14d $r15d $r12w $r13w $r14w $r15w $r12wh and 3 more...>, implicit $rsp, implicit $ssp, implicit $rdi, implicit $rsi, implicit $edx, implicit $ecx, implicit-def $rsp, implicit-def $ssp"
lua_createtable,BB#3,3,"renamable $rax = MOV64rm renamable $rbx, 1, $noreg, 24, $noreg :: (load (s64) from %ir.15, !tbaa !17); CMP64mi32 killed renamable $rax, 1, $noreg, 24, $noreg, 0, implicit-def $eflags :: (load (s64) from %ir.17, !tbaa !36); JCC_1 %bb.5, 15, implicit $eflags"
lua_createtable,BB#4,7,"$rbx = frame-destroy POP64r implicit-def $rsp, implicit $rsp; frame-destroy CFI_INSTRUCTION def_cfa_offset 24; $r14 = frame-destroy POP64r implicit-def $rsp, implicit $rsp; frame-destroy CFI_INSTRUCTION def_cfa_offset 16; $rbp = frame-destroy POP64r implicit-def $rsp, implicit $rsp; frame-destroy CFI_INSTRUCTION def_cfa_offset 8; RET 0"
lua_createtable,BB#5,8,"$rdi = COPY killed renamable $rbx; $rbx = frame-destroy POP64r implicit-def $rsp, implicit $rsp; frame-destroy CFI_INSTRUCTION def_cfa_offset 24; $r14 = frame-destroy POP64r implicit-def $rsp, implicit $rsp; frame-destroy CFI_INSTRUCTION def_cfa_offset 16; $rbp = frame-destroy POP64r implicit-def $rsp, implicit $rsp; frame-destroy CFI_INSTRUCTION def_cfa_offset 8; TCRETURNdi64 @luaC_step, 0, <regmask $bh $bl $bp $bph $bpl $bx $ebp $ebx $hbp $hbx $rbp $rbx $r12 $r13 $r14 $r15 $r12b $r13b $r14b $r15b $r12bh $r13bh $r14bh $r15bh $r12d $r13d $r14d $r15d $r12w $r13w $r14w $r15w $r12wh and 3 more...>, implicit $rsp, implicit $ssp, implicit $rdi"
lua_getmetatable,BB#0,3,"renamable $rcx = MOV64rm renamable $rdi, 1, $noreg, 32, $noreg :: (load (s64) from %ir.3, !tbaa !3); TEST32rr renamable $esi, renamable $esi, implicit-def $eflags; JCC_1 %bb.3, 14, implicit killed $eflags"
lua_getmetatable,BB#1,5,"renamable $eax = MOV32rr killed renamable $esi, implicit-def $rax; renamable $rax = SHL64ri killed renamable $rax(tied-def 0), 4, implicit-def dead $eflags; renamable $rax = ADD64rm killed renamable $rax(tied-def 0), killed renamable $rcx, 1, $noreg, 0, $noreg, implicit-def dead $eflags :: (load (s64) from %ir.4, !tbaa !12); CMP64rm renamable $rax, renamable $rdi, 1, $noreg, 16, $noreg, implicit-def $eflags :: (load (s64) from %ir.10, !tbaa !12); JCC_1 %bb.10, 2, implicit $eflags"
lua_getmetatable,BB#2,3,"renamable $rax = MOV64rm renamable $rdi, 1, $noreg, 24, $noreg :: (load (s64) from %ir.51, !tbaa !17), (load (s64) from %ir.47, !tbaa !17), (load (s64) from %ir.14, !tbaa !17); renamable $rax = nuw ADD64ri32 killed renamable $rax(tied-def 0), 80, implicit-def dead $eflags; JMP_1 %bb.10"
lua_getmetatable,BB#3,2,"CMP32ri renamable $esi, -1000999, implicit-def $eflags; JCC_1 %bb.5, 12, implicit killed $eflags"
lua_getmetatable,BB#4,4,"renamable $rax = MOVSX64rr32 killed renamable $esi; renamable $rax = SHL64ri killed renamable $rax(tied-def 0), 4, implicit-def dead $eflags; renamable $rax = ADD64rm killed renamable $rax(tied-def 0), renamable $rdi, 1, $noreg, 16, $noreg, implicit-def dead $eflags :: (load (s64) from %ir.20, !tbaa !12); JMP_1 %bb.10"
lua_getmetatable,BB#5,2,"CMP32ri renamable $esi, -1001000, implicit-def $eflags; JCC_1 %bb.7, 5, implicit killed $eflags"
lua_getmetatable,BB#6,3,"renamable $rax = MOV64rm renamable $rdi, 1, $noreg, 24, $noreg :: (load (s64) from %ir.27, !tbaa !17); renamable $rax = nuw ADD64ri32 killed renamable $rax(tied-def 0), 64, implicit-def dead $eflags; JMP_1 %bb.10"
lua_getmetatable,BB#7,3,"renamable $rax = MOV64rm killed renamable $rcx, 1, $noreg, 0, $noreg :: (load (s64) from %ir.4, !tbaa !12); CMP8mi renamable $rax, 1, $noreg, 8, $noreg, 102, implicit-def $eflags :: (load (s8) from %ir.32, align 8, !tbaa !12); JCC_1 %bb.2, 5, implicit $eflags"
lua_getmetatable,BB#8,6,"renamable $ecx = MOV32ri -1001000; renamable $ecx = nuw nsw SUB32rr killed renamable $ecx(tied-def 0), renamable $esi, implicit-def dead $eflags; renamable $rax = MOV64rm killed renamable $rax, 1, $noreg, 0, $noreg :: (load (s64) from %ir.31, !tbaa !12); renamable $edx = MOVZX32rm8 renamable $rax, 1, $noreg, 10, $noreg :: (load (s8) from %ir.38, align 2, !tbaa !29); CMP32rr killed renamable $ecx, killed renamable $edx, implicit-def $eflags; JCC_1 %bb.2, 7, implicit $eflags"
lua_getmetatable,BB#9,4,"renamable $ecx = MOV32ri -1001001, implicit-def $rcx; renamable $ecx = nuw nsw SUB32rr renamable $ecx(tied-def 0), killed renamable $esi, implicit-def dead $eflags, implicit killed $rcx, implicit-def $rcx; renamable $rcx = SHL64ri killed renamable $rcx(tied-def 0), 4, implicit-def dead $eflags; renamable $rax = LEA64r killed renamable $rax, 1, killed renamable $rcx, 32, $noreg"
lua_getmetatable,BB#10,4,"renamable $ecx = MOVZX32rm8 renamable $rax, 1, $noreg, 8, $noreg, implicit-def $rcx :: (load (s8) from %ir.56, align 8, !tbaa !13); renamable $ecx = AND32ri renamable $ecx(tied-def 0), 15, implicit-def dead $eflags, implicit killed $rcx, implicit-def $rcx; CMP64ri32 renamable $rcx, 7, implicit-def $eflags; JCC_1 %bb.13, 4, implicit killed $eflags"
lua_getmetatable,BB#11,2,"CMP32ri renamable $ecx, 5, implicit-def $eflags; JCC_1 %bb.14, 5, implicit killed $eflags"
lua_getmetatable,BB#12,3,"renamable $rax = MOV64rm killed renamable $rax, 1, $noreg, 0, $noreg :: (load (s64) from %ir.55, !tbaa !12); renamable $rax = nuw ADD64ri32 killed renamable $rax(tied-def 0), 40, implicit-def dead $eflags; JMP_1 %bb.15"
lua_getmetatable,BB#13,3,"renamable $rax = MOV64rm killed renamable $rax, 1, $noreg, 0, $noreg :: (load (s64) from %ir.55, !tbaa !12); renamable $rax = nuw ADD64ri32 killed renamable $rax(tied-def 0), 24, implicit-def dead $eflags; JMP_1 %bb.15"
lua_getmetatable,BB#14,2,"renamable $rax = MOV64rm renamable $rdi, 1, $noreg, 24, $noreg :: (load (s64) from %ir.68, !tbaa !17); renamable $rax = LEA64r killed renamable $rax, 8, killed renamable $rcx, 480, $noreg"
lua_getmetatable,BB#15,3,"renamable $rax = MOV64rm killed renamable $rax, 1, $noreg, 0, $noreg :: (load (s64) from %ir.72, !tbaa !12); TEST64rr renamable $rax, renamable $rax, implicit-def $eflags; JCC_1 %bb.17, 5, implicit killed $eflags"
lua_getmetatable,BB#16,2,"renamable $eax = MOV32r0 implicit-def dead $eflags; RET 0, $eax"
lua_getmetatable,BB#17,6,"renamable $rcx = MOV64rm renamable $rdi, 1, $noreg, 16, $noreg :: (load (s64) from %ir.76, !tbaa !12); MOV64mr renamable $rcx, 1, $noreg, 0, $noreg, killed renamable $rax :: (store (s64) into %ir.77, !tbaa !12); MOV8mi killed renamable $rcx, 1, $noreg, 8, $noreg, 69 :: (store (s8) into %ir.78, align 8, !tbaa !13); ADD64mi32 killed renamable $rdi, 1, $noreg, 16, $noreg, 16, implicit-def dead $eflags :: (store (s64) into %ir.76, !tbaa !12), (load (s64) from %ir.76, !tbaa !12); renamable $eax = MOV32ri 1; RET 0, $eax"
lua_getiuservalue,BB#0,4,"renamable $edx = KILL $edx, implicit-def $rdx; renamable $rcx = MOV64rm renamable $rdi, 1, $noreg, 32, $noreg :: (load (s64) from %ir.4, !tbaa !3); TEST32rr renamable $esi, renamable $esi, implicit-def $eflags; JCC_1 %bb.3, 14, implicit killed $eflags"
lua_getiuservalue,BB#1,5,"renamable $eax = MOV32rr killed renamable $esi, implicit-def $rax; renamable $rax = SHL64ri killed renamable $rax(tied-def 0), 4, implicit-def dead $eflags; renamable $rax = ADD64rm killed renamable $rax(tied-def 0), killed renamable $rcx, 1, $noreg, 0, $noreg, implicit-def dead $eflags :: (load (s64) from %ir.5, !tbaa !12); CMP64rm renamable $rax, renamable $rdi, 1, $noreg, 16, $noreg, implicit-def $eflags :: (load (s64) from %ir.11, !tbaa !12); JCC_1 %bb.10, 2, implicit $eflags"
lua_getiuservalue,BB#2,3,"renamable $rax = MOV64rm renamable $rdi, 1, $noreg, 24, $noreg :: (load (s64) from %ir.52, !tbaa !17), (load (s64) from %ir.48, !tbaa !17), (load (s64) from %ir.15, !tbaa !17); renamable $rax = nuw ADD64ri32 killed renamable $rax(tied-def 0), 80, implicit-def dead $eflags; JMP_1 %bb.10"
lua_getiuservalue,BB#3,2,"CMP32ri renamable $esi, -1000999, implicit-def $eflags; JCC_1 %bb.5, 12, implicit killed $eflags"
lua_getiuservalue,BB#4,4,"renamable $rax = MOVSX64rr32 killed renamable $esi; renamable $rax = SHL64ri killed renamable $rax(tied-def 0), 4, implicit-def dead $eflags; renamable $rax = ADD64rm killed renamable $rax(tied-def 0), renamable $rdi, 1, $noreg, 16, $noreg, implicit-def dead $eflags :: (load (s64) from %ir.21, !tbaa !12); JMP_1 %bb.10"
lua_getiuservalue,BB#5,2,"CMP32ri renamable $esi, -1001000, implicit-def $eflags; JCC_1 %bb.7, 5, implicit killed $eflags"
lua_getiuservalue,BB#6,3,"renamable $rax = MOV64rm renamable $rdi, 1, $noreg, 24, $noreg :: (load (s64) from %ir.28, !tbaa !17); renamable $rax = nuw ADD64ri32 killed renamable $rax(tied-def 0), 64, implicit-def dead $eflags; JMP_1 %bb.10"
lua_getiuservalue,BB#7,3,"renamable $rax = MOV64rm killed renamable $rcx, 1, $noreg, 0, $noreg :: (load (s64) from %ir.5, !tbaa !12); CMP8mi renamable $rax, 1, $noreg, 8, $noreg, 102, implicit-def $eflags :: (load (s8) from %ir.33, align 8, !tbaa !12); JCC_1 %bb.2, 5, implicit $eflags"
lua_getiuservalue,BB#8,6,"renamable $ecx = MOV32ri -1001000; renamable $ecx = nuw nsw SUB32rr killed renamable $ecx(tied-def 0), renamable $esi, implicit-def dead $eflags; renamable $rax = MOV64rm killed renamable $rax, 1, $noreg, 0, $noreg :: (load (s64) from %ir.32, !tbaa !12); renamable $r8d = MOVZX32rm8 renamable $rax, 1, $noreg, 10, $noreg :: (load (s8) from %ir.39, align 2, !tbaa !29); CMP32rr killed renamable $ecx, killed renamable $r8d, implicit-def $eflags; JCC_1 %bb.2, 7, implicit $eflags"
lua_getiuservalue,BB#9,4,"renamable $ecx = MOV32ri -1001001, implicit-def $rcx; renamable $ecx = nuw nsw SUB32rr renamable $ecx(tied-def 0), killed renamable $esi, implicit-def dead $eflags, implicit killed $rcx, implicit-def $rcx; renamable $rcx = SHL64ri killed renamable $rcx(tied-def 0), 4, implicit-def dead $eflags; renamable $rax = LEA64r killed renamable $rax, 1, killed renamable $rcx, 32, $noreg"
lua_getiuservalue,BB#10,2,"TEST32rr renamable $edx, renamable $edx, implicit-def $eflags; JCC_1 %bb.12, 14, implicit $eflags"
lua_getiuservalue,BB#11,4,"renamable $rax = MOV64rm killed renamable $rax, 1, $noreg, 0, $noreg :: (load (s64) from %ir.56, !tbaa !12); renamable $ecx = MOVZX32rm16 renamable $rax, 1, $noreg, 10, $noreg :: (load (s16) from %ir.60, !tbaa !12); CMP32rr killed renamable $ecx, renamable $edx, implicit-def $eflags; JCC_1 %bb.13, 3, implicit killed $eflags"
lua_getiuservalue,BB#12,5,"renamable $rax = MOV64rm renamable $rdi, 1, $noreg, 16, $noreg :: (load (s64) from %ir.65, !tbaa !12); MOV8mi killed renamable $rax, 1, $noreg, 8, $noreg, 0 :: (store (s8) into %ir.67, align 8, !tbaa !12); renamable $rcx = MOV64rm renamable $rdi, 1, $noreg, 16, $noreg :: (load (s64) from %ir.65, !tbaa !12); renamable $eax = MOV32ri -1; JMP_1 %bb.14"
lua_getiuservalue,BB#13,10,"renamable $rcx = MOV64rm renamable $rdi, 1, $noreg, 16, $noreg :: (load (s64) from %ir.70, !tbaa !12); renamable $edx = nsw DEC32r renamable $edx(tied-def 0), implicit-def dead $eflags, implicit killed $rdx, implicit-def $rdx; renamable $rdx = SHL64ri killed renamable $rdx(tied-def 0), 4, implicit-def dead $eflags; renamable $rsi = MOV64rm renamable $rax, 1, renamable $rdx, 40, $noreg :: (load (s64) from %ir.74); MOV64mr renamable $rcx, 1, $noreg, 0, $noreg, killed renamable $rsi :: (store (s64) into %ir.71); renamable $al = MOV8rm killed renamable $rax, 1, killed renamable $rdx, 48, $noreg :: (load (s8) from %ir.76, align 8, !tbaa !13); MOV8mr killed renamable $rcx, 1, $noreg, 8, $noreg, killed renamable $al :: (store (s8) into %ir.78, align 8, !tbaa !13); renamable $rcx = MOV64rm renamable $rdi, 1, $noreg, 16, $noreg :: (load (s64) from %ir.70, !tbaa !12); renamable $eax = MOVZX32rm8 renamable $rcx, 1, $noreg, 8, $noreg :: (load (s8) from %ir.80, align 8, !tbaa !12); renamable $eax = AND32ri killed renamable $eax(tied-def 0), 15, implicit-def dead $eflags"
lua_getiuservalue,BB#14,3,"renamable $rcx = nuw ADD64ri32 killed renamable $rcx(tied-def 0), 16, implicit-def dead $eflags; MOV64mr killed renamable $rdi, 1, $noreg, 16, $noreg, killed renamable $rcx :: (store (s64) into %ir.87, !tbaa !12); RET 0, $eax"
lua_setglobal,BB#0,6,"renamable $rdx = COPY $rsi; renamable $rax = MOV64rm renamable $rdi, 1, $noreg, 24, $noreg :: (load (s64) from %ir.3, !tbaa !17); renamable $rax = MOV64rm killed renamable $rax, 1, $noreg, 64, $noreg :: (load (s64) from %ir.5, !tbaa !12); renamable $rsi = MOV64rm killed renamable $rax, 1, $noreg, 16, $noreg :: (load (s64) from %ir.7, !tbaa !12); renamable $rsi = nuw ADD64ri32 killed renamable $rsi(tied-def 0), 16, implicit-def dead $eflags; TCRETURNdi64 @auxsetstr, 0, <regmask $bh $bl $bp $bph $bpl $bx $ebp $ebx $hbp $hbx $rbp $rbx $r12 $r13 $r14 $r15 $r12b $r13b $r14b $r15b $r12bh $r13bh $r14bh $r15bh $r12d $r13d $r14d $r15d $r12w $r13w $r14w $r15w $r12wh and 3 more...>, implicit $rsp, implicit $ssp, implicit $rdi, implicit $rsi, implicit $rdx"
auxsetstr,BB#0,15,"frame-setup PUSH64r killed $r15, implicit-def $rsp, implicit $rsp; frame-setup CFI_INSTRUCTION def_cfa_offset 16; frame-setup PUSH64r killed $r14, implicit-def $rsp, implicit $rsp; frame-setup CFI_INSTRUCTION def_cfa_offset 24; frame-setup PUSH64r killed $rbx, implicit-def $rsp, implicit $rsp; frame-setup CFI_INSTRUCTION def_cfa_offset 32; CFI_INSTRUCTION offset $rbx, -32; CFI_INSTRUCTION offset $r14, -24; CFI_INSTRUCTION offset $r15, -16; renamable $r14 = COPY $rsi; renamable $rbx = COPY $rdi; $rsi = COPY killed renamable $rdx; CALL64pcrel32 @luaS_new, <regmask $bh $bl $bp $bph $bpl $bx $ebp $ebx $hbp $hbx $rbp $rbx $r12 $r13 $r14 $r15 $r12b $r13b $r14b $r15b $r12bh $r13bh $r14bh $r15bh $r12d $r13d $r14d $r15d $r12w $r13w $r14w $r15w $r12wh and 3 more...>, implicit $rsp, implicit $ssp, implicit $rdi, implicit $rsi, implicit-def $rsp, implicit-def $ssp, implicit-def $rax; CMP8mi renamable $r14, 1, $noreg, 8, $noreg, 69, implicit-def $eflags :: (load (s8) from %ir.5, align 8, !tbaa !13); JCC_1 %bb.3, 4, implicit killed $eflags"
auxsetstr,BB#1,1,"renamable $r8d = MOV32r0 implicit-def dead $eflags, implicit-def $r8"
auxsetstr,BB#2,14,"renamable $rcx = MOV64rm renamable $rbx, 1, $noreg, 16, $noreg :: (load (s64) from %ir.50, !tbaa !12); MOV64mr renamable $rcx, 1, $noreg, 0, $noreg, renamable $rax :: (store (s64) into %ir.51, !tbaa !12); renamable $al = MOV8rm killed renamable $rax, 1, $noreg, 8, $noreg :: (load (s8) from %ir.52, align 8, !tbaa !37); renamable $al = OR8ri killed renamable $al(tied-def 0), 64, implicit-def dead $eflags; MOV8mr killed renamable $rcx, 1, $noreg, 8, $noreg, killed renamable $al :: (store (s8) into %ir.55, align 8, !tbaa !13); renamable $rdx = MOV64rm renamable $rbx, 1, $noreg, 16, $noreg :: (load (s64) from %ir.50, !tbaa !12); renamable $rax = LEA64r renamable $rdx, 1, $noreg, 16, $noreg; MOV64mr renamable $rbx, 1, $noreg, 16, $noreg, killed renamable $rax :: (store (s64) into %ir.50, !tbaa !12); renamable $rcx = LEA64r renamable $rdx, 1, $noreg, -16, $noreg; $rdi = COPY renamable $rbx; $rsi = COPY killed renamable $r14; CALL64pcrel32 @luaV_finishset, <regmask $bh $bl $bp $bph $bpl $bx $ebp $ebx $hbp $hbx $rbp $rbx $r12 $r13 $r14 $r15 $r12b $r13b $r14b $r15b $r12bh $r13bh $r14bh $r15bh $r12d $r13d $r14d $r15d $r12w $r13w $r14w $r15w $r12wh and 3 more...>, implicit $rsp, implicit $ssp, implicit $rdi, implicit $rsi, implicit $rdx, implicit $rcx, implicit $r8, implicit-def $rsp, implicit-def $ssp; ADD64mi32 killed renamable $rbx, 1, $noreg, 16, $noreg, -32, implicit-def dead $eflags :: (store (s64) into %ir.50, !tbaa !12), (load (s64) from %ir.50, !tbaa !12); JMP_1 %bb.10"
auxsetstr,BB#3,7,"renamable $rdi = MOV64rm renamable $r14, 1, $noreg, 0, $noreg :: (load (s64) from %ir.1, !tbaa !12); renamable $r15 = COPY renamable $rax; $rsi = COPY killed renamable $rax; CALL64pcrel32 @luaH_getstr, <regmask $bh $bl $bp $bph $bpl $bx $ebp $ebx $hbp $hbx $rbp $rbx $r12 $r13 $r14 $r15 $r12b $r13b $r14b $r15b $r12bh $r13bh $r14bh $r15bh $r12d $r13d $r14d $r15d $r12w $r13w $r14w $r15w $r12wh and 3 more...>, implicit $rsp, implicit $ssp, implicit $rdi, implicit $rsi, implicit-def $rsp, implicit-def $ssp, implicit-def $rax; renamable $r8 = COPY $rax; TEST8mi $rax, 1, $noreg, 8, $noreg, 15, implicit-def $eflags :: (load (s8) from %ir.11, align 8, !tbaa !13); JCC_1 %bb.5, 5, implicit killed $eflags"
auxsetstr,BB#4,2,renamable $rax = COPY killed renamable $r15; JMP_1 %bb.2
auxsetstr,BB#5,8,"renamable $rax = MOV64rm renamable $rbx, 1, $noreg, 16, $noreg :: (load (s64) from %ir.16, !tbaa !12); renamable $rcx = MOV64rm renamable $rax, 1, $noreg, -16, $noreg :: (load (s64) from %ir.18); MOV64mr renamable $r8, 1, $noreg, 0, $noreg, killed renamable $rcx :: (store (s64) into %ir.10); renamable $al = MOV8rm killed renamable $rax, 1, $noreg, -8, $noreg :: (load (s8) from %ir.20, align 8, !tbaa !13); MOV8mr killed renamable $r8, 1, $noreg, 8, $noreg, killed renamable $al :: (store (s8) into %ir.22, align 8, !tbaa !13); renamable $rax = MOV64rm renamable $rbx, 1, $noreg, 16, $noreg :: (load (s64) from %ir.16, !tbaa !12); TEST8mi renamable $rax, 1, $noreg, -8, $noreg, 64, implicit-def $eflags :: (load (s8) from %ir.24, align 8, !tbaa !12); JCC_1 %bb.9, 4, implicit $eflags"
auxsetstr,BB#6,3,"renamable $rsi = MOV64rm killed renamable $r14, 1, $noreg, 0, $noreg :: (load (s64) from %ir.1, !tbaa !12); TEST8mi renamable $rsi, 1, $noreg, 9, $noreg, 32, implicit-def $eflags :: (load (s8) from %ir.30, !tbaa !31); JCC_1 %bb.9, 4, implicit $eflags"
auxsetstr,BB#7,3,"renamable $rcx = MOV64rm renamable $rax, 1, $noreg, -16, $noreg :: (load (s64) from %ir.35, !tbaa !12); TEST8mi killed renamable $rcx, 1, $noreg, 9, $noreg, 24, implicit-def $eflags :: (load (s8) from %ir.37, !tbaa !31); JCC_1 %bb.9, 4, implicit $eflags"
auxsetstr,BB#8,3,"$rdi = COPY renamable $rbx; CALL64pcrel32 @luaC_barrierback_, <regmask $bh $bl $bp $bph $bpl $bx $ebp $ebx $hbp $hbx $rbp $rbx $r12 $r13 $r14 $r15 $r12b $r13b $r14b $r15b $r12bh $r13bh $r14bh $r15bh $r12d $r13d $r14d $r15d $r12w $r13w $r14w $r15w $r12wh and 3 more...>, implicit $rsp, implicit $ssp, implicit $rdi, implicit $rsi, implicit-def $rsp, implicit-def $ssp; renamable $rax = MOV64rm renamable $rbx, 1, $noreg, 16, $noreg :: (load (s64) from %ir.42, !tbaa !12)"
auxsetstr,BB#9,2,"renamable $rax = ADD64ri32 killed renamable $rax(tied-def 0), -16, implicit-def dead $eflags; MOV64mr killed renamable $rbx, 1, $noreg, 16, $noreg, killed renamable $rax :: (store (s64) into %ir.47, !tbaa !12)"
auxsetstr,BB#10,7,"$rbx = frame-destroy POP64r implicit-def $rsp, implicit $rsp; frame-destroy CFI_INSTRUCTION def_cfa_offset 24; $r14 = frame-destroy POP64r implicit-def $rsp, implicit $rsp; frame-destroy CFI_INSTRUCTION def_cfa_offset 16; $r15 = frame-destroy POP64r implicit-def $rsp, implicit $rsp; frame-destroy CFI_INSTRUCTION def_cfa_offset 8; RET 0"
lua_settable,BB#0,12,"frame-setup PUSH64r killed $r14, implicit-def $rsp, implicit $rsp; frame-setup CFI_INSTRUCTION def_cfa_offset 16; frame-setup PUSH64r killed $rbx, implicit-def $rsp, implicit $rsp; frame-setup CFI_INSTRUCTION def_cfa_offset 24; frame-setup PUSH64r undef $rax, implicit-def $rsp, implicit $rsp; frame-setup CFI_INSTRUCTION def_cfa_offset 32; CFI_INSTRUCTION offset $rbx, -24; CFI_INSTRUCTION offset $r14, -16; renamable $rbx = COPY $rdi; renamable $rax = MOV64rm $rdi, 1, $noreg, 32, $noreg :: (load (s64) from %ir.3, !tbaa !3); TEST32rr renamable $esi, renamable $esi, implicit-def $eflags; JCC_1 %bb.3, 14, implicit killed $eflags"
lua_settable,BB#1,5,"renamable $r14d = MOV32rr killed renamable $esi, implicit-def $r14; renamable $r14 = SHL64ri killed renamable $r14(tied-def 0), 4, implicit-def dead $eflags; renamable $r14 = ADD64rm killed renamable $r14(tied-def 0), killed renamable $rax, 1, $noreg, 0, $noreg, implicit-def dead $eflags :: (load (s64) from %ir.4, !tbaa !12); CMP64rm renamable $r14, renamable $rbx, 1, $noreg, 16, $noreg, implicit-def $eflags :: (load (s64) from %ir.10, !tbaa !12); JCC_1 %bb.10, 2, implicit $eflags"
lua_settable,BB#2,3,"renamable $r14 = MOV64rm renamable $rbx, 1, $noreg, 24, $noreg :: (load (s64) from %ir.51, !tbaa !17), (load (s64) from %ir.47, !tbaa !17), (load (s64) from %ir.14, !tbaa !17); renamable $r14 = nuw ADD64ri32 killed renamable $r14(tied-def 0), 80, implicit-def dead $eflags; JMP_1 %bb.10"
lua_settable,BB#3,2,"CMP32ri renamable $esi, -1000999, implicit-def $eflags; JCC_1 %bb.5, 12, implicit killed $eflags"
lua_settable,BB#4,4,"renamable $r14 = MOVSX64rr32 killed renamable $esi; renamable $r14 = SHL64ri killed renamable $r14(tied-def 0), 4, implicit-def dead $eflags; renamable $r14 = ADD64rm killed renamable $r14(tied-def 0), renamable $rbx, 1, $noreg, 16, $noreg, implicit-def dead $eflags :: (load (s64) from %ir.20, !tbaa !12); JMP_1 %bb.10"
lua_settable,BB#5,2,"CMP32ri renamable $esi, -1001000, implicit-def $eflags; JCC_1 %bb.7, 5, implicit killed $eflags"
lua_settable,BB#6,3,"renamable $r14 = MOV64rm renamable $rbx, 1, $noreg, 24, $noreg :: (load (s64) from %ir.27, !tbaa !17); renamable $r14 = nuw ADD64ri32 killed renamable $r14(tied-def 0), 64, implicit-def dead $eflags; JMP_1 %bb.10"
lua_settable,BB#7,3,"renamable $rax = MOV64rm killed renamable $rax, 1, $noreg, 0, $noreg :: (load (s64) from %ir.4, !tbaa !12); CMP8mi renamable $rax, 1, $noreg, 8, $noreg, 102, implicit-def $eflags :: (load (s8) from %ir.32, align 8, !tbaa !12); JCC_1 %bb.2, 5, implicit $eflags"
lua_settable,BB#8,6,"renamable $ecx = MOV32ri -1001000; renamable $ecx = nuw nsw SUB32rr killed renamable $ecx(tied-def 0), renamable $esi, implicit-def dead $eflags; renamable $rax = MOV64rm killed renamable $rax, 1, $noreg, 0, $noreg :: (load (s64) from %ir.31, !tbaa !12); renamable $edx = MOVZX32rm8 renamable $rax, 1, $noreg, 10, $noreg :: (load (s8) from %ir.38, align 2, !tbaa !29); CMP32rr killed renamable $ecx, killed renamable $edx, implicit-def $eflags; JCC_1 %bb.2, 7, implicit $eflags"
lua_settable,BB#9,4,"renamable $ecx = MOV32ri -1001001, implicit-def $rcx; renamable $ecx = nuw nsw SUB32rr renamable $ecx(tied-def 0), killed renamable $esi, implicit-def dead $eflags, implicit killed $rcx, implicit-def $rcx; renamable $rcx = SHL64ri killed renamable $rcx(tied-def 0), 4, implicit-def dead $eflags; renamable $r14 = LEA64r killed renamable $rax, 1, killed renamable $rcx, 32, $noreg"
lua_settable,BB#10,2,"CMP8mi renamable $r14, 1, $noreg, 8, $noreg, 69, implicit-def $eflags :: (load (s8) from %ir.56, align 8, !tbaa !13); JCC_1 %bb.13, 4, implicit killed $eflags"
lua_settable,BB#11,1,"renamable $r8d = MOV32r0 implicit-def dead $eflags, implicit-def $r8"
lua_settable,BB#12,7,"renamable $rcx = MOV64rm renamable $rbx, 1, $noreg, 16, $noreg :: (load (s64) from %ir.98, !tbaa !12); renamable $rdx = LEA64r renamable $rcx, 1, $noreg, -32, $noreg; renamable $rcx = ADD64ri32 killed renamable $rcx(tied-def 0), -16, implicit-def dead $eflags; $rdi = COPY renamable $rbx; $rsi = COPY killed renamable $r14; CALL64pcrel32 @luaV_finishset, <regmask $bh $bl $bp $bph $bpl $bx $ebp $ebx $hbp $hbx $rbp $rbx $r12 $r13 $r14 $r15 $r12b $r13b $r14b $r15b $r12bh $r13bh $r14bh $r15bh $r12d $r13d $r14d $r15d $r12w $r13w $r14w $r15w $r12wh and 3 more...>, implicit $rsp, implicit $ssp, implicit $rdi, implicit $rsi, implicit $rdx, implicit $rcx, implicit $r8, implicit-def $rsp, implicit-def $ssp; JMP_1 %bb.18"
lua_settable,BB#13,7,"renamable $rdi = MOV64rm renamable $r14, 1, $noreg, 0, $noreg :: (load (s64) from %ir.55, !tbaa !12); renamable $rsi = MOV64rm renamable $rbx, 1, $noreg, 16, $noreg :: (load (s64) from %ir.61, !tbaa !12); renamable $rsi = ADD64ri32 killed renamable $rsi(tied-def 0), -32, implicit-def dead $eflags; CALL64pcrel32 @luaH_get, <regmask $bh $bl $bp $bph $bpl $bx $ebp $ebx $hbp $hbx $rbp $rbx $r12 $r13 $r14 $r15 $r12b $r13b $r14b $r15b $r12bh $r13bh $r14bh $r15bh $r12d $r13d $r14d $r15d $r12w $r13w $r14w $r15w $r12wh and 3 more...>, implicit $rsp, implicit $ssp, implicit $rdi, implicit $rsi, implicit-def $rsp, implicit-def $ssp, implicit-def $rax; renamable $r8 = COPY $rax; TEST8mi $rax, 1, $noreg, 8, $noreg, 15, implicit-def $eflags :: (load (s8) from %ir.65, align 8, !tbaa !13); JCC_1 %bb.12, 4, implicit $eflags"
lua_settable,BB#14,8,"renamable $rax = MOV64rm renamable $rbx, 1, $noreg, 16, $noreg :: (load (s64) from %ir.70, !tbaa !12); renamable $rcx = MOV64rm renamable $rax, 1, $noreg, -16, $noreg :: (load (s64) from %ir.72); MOV64mr renamable $r8, 1, $noreg, 0, $noreg, killed renamable $rcx :: (store (s64) into %ir.64); renamable $al = MOV8rm killed renamable $rax, 1, $noreg, -8, $noreg :: (load (s8) from %ir.74, align 8, !tbaa !13); MOV8mr killed renamable $r8, 1, $noreg, 8, $noreg, killed renamable $al :: (store (s8) into %ir.76, align 8, !tbaa !13); renamable $rax = MOV64rm renamable $rbx, 1, $noreg, 16, $noreg :: (load (s64) from %ir.70, !tbaa !12); TEST8mi renamable $rax, 1, $noreg, -8, $noreg, 64, implicit-def $eflags :: (load (s8) from %ir.78, align 8, !tbaa !12); JCC_1 %bb.18, 4, implicit $eflags"
lua_settable,BB#15,3,"renamable $rsi = MOV64rm killed renamable $r14, 1, $noreg, 0, $noreg :: (load (s64) from %ir.55, !tbaa !12); TEST8mi renamable $rsi, 1, $noreg, 9, $noreg, 32, implicit-def $eflags :: (load (s8) from %ir.84, !tbaa !31); JCC_1 %bb.18, 4, implicit $eflags"
lua_settable,BB#16,3,"renamable $rax = MOV64rm killed renamable $rax, 1, $noreg, -16, $noreg :: (load (s64) from %ir.89, !tbaa !12); TEST8mi killed renamable $rax, 1, $noreg, 9, $noreg, 24, implicit-def $eflags :: (load (s8) from %ir.91, !tbaa !31); JCC_1 %bb.18, 4, implicit $eflags"
lua_settable,BB#17,2,"$rdi = COPY renamable $rbx; CALL64pcrel32 @luaC_barrierback_, <regmask $bh $bl $bp $bph $bpl $bx $ebp $ebx $hbp $hbx $rbp $rbx $r12 $r13 $r14 $r15 $r12b $r13b $r14b $r15b $r12bh $r13bh $r14bh $r15bh $r12d $r13d $r14d $r15d $r12w $r13w $r14w $r15w $r12wh and 3 more...>, implicit $rsp, implicit $ssp, implicit $rdi, implicit $rsi, implicit-def $rsp, implicit-def $ssp"
lua_settable,BB#18,8,"ADD64mi32 killed renamable $rbx, 1, $noreg, 16, $noreg, -32, implicit-def dead $eflags :: (store (s64) into %ir.103, !tbaa !12), (load (s64) from %ir.103, !tbaa !12); $rsp = frame-destroy ADD64ri32 $rsp(tied-def 0), 8, implicit-def dead $eflags; frame-destroy CFI_INSTRUCTION def_cfa_offset 24; $rbx = frame-destroy POP64r implicit-def $rsp, implicit $rsp; frame-destroy CFI_INSTRUCTION def_cfa_offset 16; $r14 = frame-destroy POP64r implicit-def $rsp, implicit $rsp; frame-destroy CFI_INSTRUCTION def_cfa_offset 8; RET 0"
lua_setfield,BB#0,3,"renamable $rax = MOV64rm renamable $rdi, 1, $noreg, 32, $noreg :: (load (s64) from %ir.4, !tbaa !3); TEST32rr renamable $esi, renamable $esi, implicit-def $eflags; JCC_1 %bb.3, 14, implicit killed $eflags"
lua_setfield,BB#1,5,"renamable $esi = MOV32rr killed renamable $esi, implicit-def $rsi; renamable $rsi = SHL64ri killed renamable $rsi(tied-def 0), 4, implicit-def dead $eflags; renamable $rsi = ADD64rm killed renamable $rsi(tied-def 0), killed renamable $rax, 1, $noreg, 0, $noreg, implicit-def dead $eflags :: (load (s64) from %ir.5, !tbaa !12); CMP64rm renamable $rsi, renamable $rdi, 1, $noreg, 16, $noreg, implicit-def $eflags :: (load (s64) from %ir.11, !tbaa !12); TCRETURNdi64cc @auxsetstr, 0, 2, <regmask $bh $bl $bp $bph $bpl $bx $ebp $ebx $hbp $hbx $rbp $rbx $r12 $r13 $r14 $r15 $r12b $r13b $r14b $r15b $r12bh $r13bh $r14bh $r15bh $r12d $r13d $r14d $r15d $r12w $r13w $r14w $r15w $r12wh and 3 more...>, implicit $rsp, implicit $eflags, implicit $ssp, implicit $rsp, implicit $ssp, implicit $rdi, implicit $rsi, implicit $rdx, implicit $rdi, implicit-def $rdi, implicit $hsi, implicit-def $hsi, implicit $sih, implicit-def $sih, implicit $sil, implicit-def $sil, implicit $si, implicit-def $si, implicit $esi, implicit-def $esi, implicit $rsi, implicit-def $rsi, implicit $hdx, implicit-def $hdx, implicit $dh, implicit-def $dh, implicit $dl, implicit-def $dl, implicit $dx, implicit-def $dx, implicit $edx, implicit-def $edx, implicit $rdx, implicit-def $rdx, implicit $hdi, implicit-def $hdi, implicit $dih, implicit-def $dih, implicit $dil, implicit-def $dil, implicit $di, implicit-def $di, implicit $edi, implicit-def $edi"
lua_setfield,BB#2,3,"renamable $rsi = MOV64rm renamable $rdi, 1, $noreg, 24, $noreg :: (load (s64) from %ir.52, !tbaa !17), (load (s64) from %ir.48, !tbaa !17), (load (s64) from %ir.15, !tbaa !17); renamable $rsi = nuw ADD64ri32 killed renamable $rsi(tied-def 0), 80, implicit-def dead $eflags; TCRETURNdi64 @auxsetstr, 0, <regmask $bh $bl $bp $bph $bpl $bx $ebp $ebx $hbp $hbx $rbp $rbx $r12 $r13 $r14 $r15 $r12b $r13b $r14b $r15b $r12bh $r13bh $r14bh $r15bh $r12d $r13d $r14d $r15d $r12w $r13w $r14w $r15w $r12wh and 3 more...>, implicit $rsp, implicit $ssp, implicit $rdi, implicit $rsi, implicit $rdx"
lua_setfield,BB#3,2,"CMP32ri renamable $esi, -1000999, implicit-def $eflags; JCC_1 %bb.5, 12, implicit killed $eflags"
lua_setfield,BB#4,4,"renamable $rsi = MOVSX64rr32 killed renamable $esi; renamable $rsi = SHL64ri killed renamable $rsi(tied-def 0), 4, implicit-def dead $eflags; renamable $rsi = ADD64rm killed renamable $rsi(tied-def 0), renamable $rdi, 1, $noreg, 16, $noreg, implicit-def dead $eflags :: (load (s64) from %ir.21, !tbaa !12); TCRETURNdi64 @auxsetstr, 0, <regmask $bh $bl $bp $bph $bpl $bx $ebp $ebx $hbp $hbx $rbp $rbx $r12 $r13 $r14 $r15 $r12b $r13b $r14b $r15b $r12bh $r13bh $r14bh $r15bh $r12d $r13d $r14d $r15d $r12w $r13w $r14w $r15w $r12wh and 3 more...>, implicit $rsp, implicit $ssp, implicit $rdi, implicit $rsi, implicit $rdx"
lua_setfield,BB#5,2,"CMP32ri renamable $esi, -1001000, implicit-def $eflags; JCC_1 %bb.7, 5, implicit killed $eflags"
lua_setfield,BB#6,3,"renamable $rsi = MOV64rm renamable $rdi, 1, $noreg, 24, $noreg :: (load (s64) from %ir.28, !tbaa !17); renamable $rsi = nuw ADD64ri32 killed renamable $rsi(tied-def 0), 64, implicit-def dead $eflags; TCRETURNdi64 @auxsetstr, 0, <regmask $bh $bl $bp $bph $bpl $bx $ebp $ebx $hbp $hbx $rbp $rbx $r12 $r13 $r14 $r15 $r12b $r13b $r14b $r15b $r12bh $r13bh $r14bh $r15bh $r12d $r13d $r14d $r15d $r12w $r13w $r14w $r15w $r12wh and 3 more...>, implicit $rsp, implicit $ssp, implicit $rdi, implicit $rsi, implicit $rdx"
lua_setfield,BB#7,3,"renamable $rax = MOV64rm killed renamable $rax, 1, $noreg, 0, $noreg :: (load (s64) from %ir.5, !tbaa !12); CMP8mi renamable $rax, 1, $noreg, 8, $noreg, 102, implicit-def $eflags :: (load (s8) from %ir.33, align 8, !tbaa !12); JCC_1 %bb.2, 5, implicit $eflags"
lua_setfield,BB#8,6,"renamable $ecx = MOV32ri -1001000; renamable $ecx = nuw nsw SUB32rr killed renamable $ecx(tied-def 0), renamable $esi, implicit-def dead $eflags; renamable $rax = MOV64rm killed renamable $rax, 1, $noreg, 0, $noreg :: (load (s64) from %ir.32, !tbaa !12); renamable $r8d = MOVZX32rm8 renamable $rax, 1, $noreg, 10, $noreg :: (load (s8) from %ir.39, align 2, !tbaa !29); CMP32rr killed renamable $ecx, killed renamable $r8d, implicit-def $eflags; JCC_1 %bb.2, 7, implicit $eflags"
lua_setfield,BB#9,5,"renamable $ecx = MOV32ri -1001001, implicit-def $rcx; renamable $ecx = nuw nsw SUB32rr renamable $ecx(tied-def 0), killed renamable $esi, implicit-def dead $eflags, implicit killed $rcx, implicit-def $rcx; renamable $rcx = SHL64ri killed renamable $rcx(tied-def 0), 4, implicit-def dead $eflags; renamable $rsi = LEA64r killed renamable $rax, 1, killed renamable $rcx, 32, $noreg; TCRETURNdi64 @auxsetstr, 0, <regmask $bh $bl $bp $bph $bpl $bx $ebp $ebx $hbp $hbx $rbp $rbx $r12 $r13 $r14 $r15 $r12b $r13b $r14b $r15b $r12bh $r13bh $r14bh $r15bh $r12d $r13d $r14d $r15d $r12w $r13w $r14w $r15w $r12wh and 3 more...>, implicit $rsp, implicit $ssp, implicit $rdi, implicit $rsi, implicit $rdx"
lua_seti,BB#0,15,"frame-setup PUSH64r killed $r15, implicit-def $rsp, implicit $rsp; frame-setup CFI_INSTRUCTION def_cfa_offset 16; frame-setup PUSH64r killed $r14, implicit-def $rsp, implicit $rsp; frame-setup CFI_INSTRUCTION def_cfa_offset 24; frame-setup PUSH64r killed $rbx, implicit-def $rsp, implicit $rsp; frame-setup CFI_INSTRUCTION def_cfa_offset 32; $rsp = frame-setup SUB64ri32 $rsp(tied-def 0), 16, implicit-def dead $eflags; frame-setup CFI_INSTRUCTION def_cfa_offset 48; CFI_INSTRUCTION offset $rbx, -32; CFI_INSTRUCTION offset $r14, -24; CFI_INSTRUCTION offset $r15, -16; renamable $rbx = COPY $rdi; renamable $rax = MOV64rm $rdi, 1, $noreg, 32, $noreg :: (load (s64) from %ir.5); TEST32rr renamable $esi, renamable $esi, implicit-def $eflags; JCC_1 %bb.3, 14, implicit killed $eflags"
lua_seti,BB#1,5,"renamable $esi = MOV32rr killed renamable $esi, implicit-def $rsi; renamable $rsi = SHL64ri killed renamable $rsi(tied-def 0), 4, implicit-def dead $eflags; renamable $rsi = ADD64rm killed renamable $rsi(tied-def 0), killed renamable $rax, 1, $noreg, 0, $noreg, implicit-def dead $eflags :: (load (s64) from %ir.6); CMP64rm renamable $rsi, renamable $rbx, 1, $noreg, 16, $noreg, implicit-def $eflags :: (load (s64) from %ir.12); JCC_1 %bb.10, 2, implicit $eflags"
lua_seti,BB#2,3,"renamable $rsi = MOV64rm renamable $rbx, 1, $noreg, 24, $noreg :: (load (s64) from %ir.53), (load (s64) from %ir.49), (load (s64) from %ir.16); renamable $rsi = nuw ADD64ri32 killed renamable $rsi(tied-def 0), 80, implicit-def dead $eflags; JMP_1 %bb.10"
lua_seti,BB#3,2,"CMP32ri renamable $esi, -1000999, implicit-def $eflags; JCC_1 %bb.5, 12, implicit killed $eflags"
lua_seti,BB#4,4,"renamable $rsi = MOVSX64rr32 killed renamable $esi; renamable $rsi = SHL64ri killed renamable $rsi(tied-def 0), 4, implicit-def dead $eflags; renamable $rsi = ADD64rm killed renamable $rsi(tied-def 0), renamable $rbx, 1, $noreg, 16, $noreg, implicit-def dead $eflags :: (load (s64) from %ir.22); JMP_1 %bb.10"
lua_seti,BB#5,2,"CMP32ri renamable $esi, -1001000, implicit-def $eflags; JCC_1 %bb.7, 5, implicit killed $eflags"
lua_seti,BB#6,3,"renamable $rsi = MOV64rm renamable $rbx, 1, $noreg, 24, $noreg :: (load (s64) from %ir.29); renamable $rsi = nuw ADD64ri32 killed renamable $rsi(tied-def 0), 64, implicit-def dead $eflags; JMP_1 %bb.10"
lua_seti,BB#7,3,"renamable $rax = MOV64rm killed renamable $rax, 1, $noreg, 0, $noreg :: (load (s64) from %ir.6); CMP8mi renamable $rax, 1, $noreg, 8, $noreg, 102, implicit-def $eflags :: (load (s8) from %ir.34, align 8); JCC_1 %bb.2, 5, implicit $eflags"
lua_seti,BB#8,6,"renamable $ecx = MOV32ri -1001000; renamable $ecx = nuw nsw SUB32rr killed renamable $ecx(tied-def 0), renamable $esi, implicit-def dead $eflags; renamable $rax = MOV64rm killed renamable $rax, 1, $noreg, 0, $noreg :: (load (s64) from %ir.33); renamable $edi = MOVZX32rm8 renamable $rax, 1, $noreg, 10, $noreg :: (load (s8) from %ir.40, align 2); CMP32rr killed renamable $ecx, killed renamable $edi, implicit-def $eflags; JCC_1 %bb.2, 7, implicit $eflags"
lua_seti,BB#9,4,"renamable $ecx = MOV32ri -1001001, implicit-def $rcx; renamable $ecx = nuw nsw SUB32rr renamable $ecx(tied-def 0), killed renamable $esi, implicit-def dead $eflags, implicit killed $rcx, implicit-def $rcx; renamable $rcx = SHL64ri killed renamable $rcx(tied-def 0), 4, implicit-def dead $eflags; renamable $rsi = LEA64r killed renamable $rax, 1, killed renamable $rcx, 32, $noreg"
lua_seti,BB#10,2,"CMP8mi renamable $rsi, 1, $noreg, 8, $noreg, 69, implicit-def $eflags :: (load (s8) from %ir.58, align 8); JCC_1 %bb.13, 4, implicit killed $eflags"
lua_seti,BB#11,1,"renamable $r8d = MOV32r0 implicit-def dead $eflags, implicit-def $r8"
lua_seti,BB#12,8,"MOV64mr $rsp, 1, $noreg, 0, $noreg, killed renamable $rdx :: (store (s64) into %ir.4, !tbaa !12); MOV8mi $rsp, 1, $noreg, 8, $noreg, 3 :: (store (s8) into %ir.109, align 8, !tbaa !13); renamable $rcx = MOV64rm renamable $rbx, 1, $noreg, 16, $noreg :: (load (s64) from %ir.110); renamable $rcx = ADD64ri32 killed renamable $rcx(tied-def 0), -16, implicit-def dead $eflags; $rdx = MOV64rr $rsp; $rdi = COPY renamable $rbx; CALL64pcrel32 @luaV_finishset, <regmask $bh $bl $bp $bph $bpl $bx $ebp $ebx $hbp $hbx $rbp $rbx $r12 $r13 $r14 $r15 $r12b $r13b $r14b $r15b $r12bh $r13bh $r14bh $r15bh $r12d $r13d $r14d $r15d $r12w $r13w $r14w $r15w $r12wh and 3 more...>, implicit $rsp, implicit $ssp, implicit $rdi, implicit $rsi, implicit $rdx, implicit $rcx, implicit $r8, implicit-def $rsp, implicit-def $ssp; JMP_1 %bb.21"
lua_seti,BB#13,5,"renamable $r8 = LEA64r renamable $rdx, 1, $noreg, -1, $noreg; renamable $rdi = MOV64rm renamable $rsi, 1, $noreg, 0, $noreg :: (load (s64) from %ir.57); renamable $eax = MOV32rm renamable $rdi, 1, $noreg, 12, $noreg, implicit-def $rax :: (load (s32) from %ir.64); CMP64rr renamable $r8, killed renamable $rax, implicit-def $eflags; JCC_1 %bb.15, 3, implicit killed $eflags"
lua_seti,BB#14,3,"renamable $r8 = SHL64ri killed renamable $r8(tied-def 0), 4, implicit-def dead $eflags; renamable $r8 = ADD64rm killed renamable $r8(tied-def 0), killed renamable $rdi, 1, $noreg, 16, $noreg, implicit-def dead $eflags :: (load (s64) from %ir.69); JMP_1 %bb.16"
lua_seti,BB#15,7,"renamable $r14 = COPY killed renamable $rsi; $rsi = COPY renamable $rdx; renamable $r15 = COPY killed renamable $rdx; CALL64pcrel32 @luaH_getint, <regmask $bh $bl $bp $bph $bpl $bx $ebp $ebx $hbp $hbx $rbp $rbx $r12 $r13 $r14 $r15 $r12b $r13b $r14b $r15b $r12bh $r13bh $r14bh $r15bh $r12d $r13d $r14d $r15d $r12w $r13w $r14w $r15w $r12wh and 3 more...>, implicit $rsp, implicit $ssp, implicit $rdi, implicit $rsi, implicit-def $rsp, implicit-def $ssp, implicit-def $rax; renamable $rsi = COPY killed renamable $r14; renamable $rdx = COPY killed renamable $r15; renamable $r8 = COPY $rax"
lua_seti,BB#16,2,"TEST8mi renamable $r8, 1, $noreg, 8, $noreg, 15, implicit-def $eflags :: (load (s8) from %ir.76, align 8); JCC_1 %bb.12, 4, implicit $eflags"
lua_seti,BB#17,8,"renamable $rax = MOV64rm renamable $rbx, 1, $noreg, 16, $noreg :: (load (s64) from %ir.81); renamable $rcx = MOV64rm renamable $rax, 1, $noreg, -16, $noreg :: (load (s64) from %ir.83); MOV64mr renamable $r8, 1, $noreg, 0, $noreg, killed renamable $rcx :: (store (s64) into %ir.75); renamable $al = MOV8rm killed renamable $rax, 1, $noreg, -8, $noreg :: (load (s8) from %ir.85, align 8); MOV8mr killed renamable $r8, 1, $noreg, 8, $noreg, killed renamable $al :: (store (s8) into %ir.87, align 8); renamable $rax = MOV64rm renamable $rbx, 1, $noreg, 16, $noreg :: (load (s64) from %ir.81); TEST8mi renamable $rax, 1, $noreg, -8, $noreg, 64, implicit-def $eflags :: (load (s8) from %ir.89, align 8); JCC_1 %bb.21, 4, implicit $eflags"
lua_seti,BB#18,3,"renamable $rsi = MOV64rm killed renamable $rsi, 1, $noreg, 0, $noreg :: (load (s64) from %ir.57); TEST8mi renamable $rsi, 1, $noreg, 9, $noreg, 32, implicit-def $eflags :: (load (s8) from %ir.95); JCC_1 %bb.21, 4, implicit $eflags"
lua_seti,BB#19,3,"renamable $rax = MOV64rm killed renamable $rax, 1, $noreg, -16, $noreg :: (load (s64) from %ir.100); TEST8mi killed renamable $rax, 1, $noreg, 9, $noreg, 24, implicit-def $eflags :: (load (s8) from %ir.102); JCC_1 %bb.21, 4, implicit $eflags"
lua_seti,BB#20,2,"$rdi = COPY renamable $rbx; CALL64pcrel32 @luaC_barrierback_, <regmask $bh $bl $bp $bph $bpl $bx $ebp $ebx $hbp $hbx $rbp $rbx $r12 $r13 $r14 $r15 $r12b $r13b $r14b $r15b $r12bh $r13bh $r14bh $r15bh $r12d $r13d $r14d $r15d $r12w $r13w $r14w $r15w $r12wh and 3 more...>, implicit $rsp, implicit $ssp, implicit $rdi, implicit $rsi, implicit-def $rsp, implicit-def $ssp"
lua_seti,BB#21,10,"ADD64mi32 killed renamable $rbx, 1, $noreg, 16, $noreg, -16, implicit-def dead $eflags :: (store (s64) into %ir.114), (load (s64) from %ir.114); $rsp = frame-destroy ADD64ri32 $rsp(tied-def 0), 16, implicit-def dead $eflags; frame-destroy CFI_INSTRUCTION def_cfa_offset 32; $rbx = frame-destroy POP64r implicit-def $rsp, implicit $rsp; frame-destroy CFI_INSTRUCTION def_cfa_offset 24; $r14 = frame-destroy POP64r implicit-def $rsp, implicit $rsp; frame-destroy CFI_INSTRUCTION def_cfa_offset 16; $r15 = frame-destroy POP64r implicit-def $rsp, implicit $rsp; frame-destroy CFI_INSTRUCTION def_cfa_offset 8; RET 0"
lua_rawset,BB#0,4,"renamable $rdx = MOV64rm renamable $rdi, 1, $noreg, 16, $noreg :: (load (s64) from %ir.3, !tbaa !12); renamable $rdx = ADD64ri32 killed renamable $rdx(tied-def 0), -32, implicit-def dead $eflags; $ecx = MOV32ri 2; TCRETURNdi64 @aux_rawset, 0, <regmask $bh $bl $bp $bph $bpl $bx $ebp $ebx $hbp $hbx $rbp $rbx $r12 $r13 $r14 $r15 $r12b $r13b $r14b $r15b $r12bh $r13bh $r14bh $r15bh $r12d $r13d $r14d $r15d $r12w $r13w $r14w $r15w $r12wh and 3 more...>, implicit $rsp, implicit $ssp, implicit $rdi, implicit $esi, implicit $rdx, implicit killed $ecx"
aux_rawset,BB#0,14,"frame-setup PUSH64r killed $rbp, implicit-def $rsp, implicit $rsp; frame-setup CFI_INSTRUCTION def_cfa_offset 16; frame-setup PUSH64r killed $r14, implicit-def $rsp, implicit $rsp; frame-setup CFI_INSTRUCTION def_cfa_offset 24; frame-setup PUSH64r killed $rbx, implicit-def $rsp, implicit $rsp; frame-setup CFI_INSTRUCTION def_cfa_offset 32; CFI_INSTRUCTION offset $rbx, -32; CFI_INSTRUCTION offset $r14, -24; CFI_INSTRUCTION offset $rbp, -16; renamable $ebp = COPY $ecx; renamable $rbx = COPY $rdi; renamable $rcx = MOV64rm $rdi, 1, $noreg, 32, $noreg :: (load (s64) from %ir.5, !tbaa !3); TEST32rr renamable $esi, renamable $esi, implicit-def $eflags; JCC_1 %bb.3, 14, implicit killed $eflags"
aux_rawset,BB#1,5,"renamable $eax = MOV32rr killed renamable $esi, implicit-def $rax; renamable $rax = SHL64ri killed renamable $rax(tied-def 0), 4, implicit-def dead $eflags; renamable $rax = ADD64rm killed renamable $rax(tied-def 0), killed renamable $rcx, 1, $noreg, 0, $noreg, implicit-def dead $eflags :: (load (s64) from %ir.6, !tbaa !12); CMP64rm renamable $rax, renamable $rbx, 1, $noreg, 16, $noreg, implicit-def $eflags :: (load (s64) from %ir.12, !tbaa !12); JCC_1 %bb.10, 2, implicit $eflags"
aux_rawset,BB#2,3,"renamable $rax = MOV64rm renamable $rbx, 1, $noreg, 24, $noreg :: (load (s64) from %ir.53, !tbaa !17), (load (s64) from %ir.49, !tbaa !17), (load (s64) from %ir.16, !tbaa !17); renamable $rax = nuw ADD64ri32 killed renamable $rax(tied-def 0), 80, implicit-def dead $eflags; JMP_1 %bb.10"
aux_rawset,BB#3,2,"CMP32ri renamable $esi, -1000999, implicit-def $eflags; JCC_1 %bb.5, 12, implicit killed $eflags"
aux_rawset,BB#4,4,"renamable $rax = MOVSX64rr32 killed renamable $esi; renamable $rax = SHL64ri killed renamable $rax(tied-def 0), 4, implicit-def dead $eflags; renamable $rax = ADD64rm killed renamable $rax(tied-def 0), renamable $rbx, 1, $noreg, 16, $noreg, implicit-def dead $eflags :: (load (s64) from %ir.22, !tbaa !12); JMP_1 %bb.10"
aux_rawset,BB#5,2,"CMP32ri renamable $esi, -1001000, implicit-def $eflags; JCC_1 %bb.7, 5, implicit killed $eflags"
aux_rawset,BB#6,3,"renamable $rax = MOV64rm renamable $rbx, 1, $noreg, 24, $noreg :: (load (s64) from %ir.29, !tbaa !17); renamable $rax = nuw ADD64ri32 killed renamable $rax(tied-def 0), 64, implicit-def dead $eflags; JMP_1 %bb.10"
aux_rawset,BB#7,3,"renamable $rax = MOV64rm killed renamable $rcx, 1, $noreg, 0, $noreg :: (load (s64) from %ir.6, !tbaa !12); CMP8mi renamable $rax, 1, $noreg, 8, $noreg, 102, implicit-def $eflags :: (load (s8) from %ir.34, align 8, !tbaa !12); JCC_1 %bb.2, 5, implicit $eflags"
aux_rawset,BB#8,6,"renamable $ecx = MOV32ri -1001000; renamable $ecx = nuw nsw SUB32rr killed renamable $ecx(tied-def 0), renamable $esi, implicit-def dead $eflags; renamable $rax = MOV64rm killed renamable $rax, 1, $noreg, 0, $noreg :: (load (s64) from %ir.33, !tbaa !12); renamable $edi = MOVZX32rm8 renamable $rax, 1, $noreg, 10, $noreg :: (load (s8) from %ir.40, align 2, !tbaa !29); CMP32rr killed renamable $ecx, killed renamable $edi, implicit-def $eflags; JCC_1 %bb.2, 7, implicit $eflags"
aux_rawset,BB#9,4,"renamable $ecx = MOV32ri -1001001, implicit-def $rcx; renamable $ecx = nuw nsw SUB32rr renamable $ecx(tied-def 0), killed renamable $esi, implicit-def dead $eflags, implicit killed $rcx, implicit-def $rcx; renamable $rcx = SHL64ri killed renamable $rcx(tied-def 0), 4, implicit-def dead $eflags; renamable $rax = LEA64r killed renamable $rax, 1, killed renamable $rcx, 32, $noreg"
aux_rawset,BB#10,10,"renamable $r14 = MOV64rm killed renamable $rax, 1, $noreg, 0, $noreg :: (load (s64) from %ir.57, !tbaa !12); renamable $rcx = MOV64rm renamable $rbx, 1, $noreg, 16, $noreg :: (load (s64) from %ir.59, !tbaa !12); renamable $rcx = ADD64ri32 killed renamable $rcx(tied-def 0), -16, implicit-def dead $eflags; $rdi = COPY renamable $rbx; $rsi = COPY renamable $r14; CALL64pcrel32 @luaH_set, <regmask $bh $bl $bp $bph $bpl $bx $ebp $ebx $hbp $hbx $rbp $rbx $r12 $r13 $r14 $r15 $r12b $r13b $r14b $r15b $r12bh $r13bh $r14bh $r15bh $r12d $r13d $r14d $r15d $r12w $r13w $r14w $r15w $r12wh and 3 more...>, implicit $rsp, implicit $ssp, implicit $rdi, implicit $rsi, implicit $rdx, implicit $rcx, implicit-def $rsp, implicit-def $ssp; AND8mi renamable $r14, 1, $noreg, 10, $noreg, -64, implicit-def dead $eflags :: (store (s8) into %ir.62, align 2, !tbaa !42), (load (s8) from %ir.62, align 2, !tbaa !42); renamable $rax = MOV64rm renamable $rbx, 1, $noreg, 16, $noreg :: (load (s64) from %ir.59, !tbaa !12); TEST8mi renamable $rax, 1, $noreg, -8, $noreg, 64, implicit-def $eflags :: (load (s8) from %ir.66, align 8, !tbaa !12); JCC_1 %bb.14, 4, implicit $eflags"
aux_rawset,BB#11,2,"TEST8mi renamable $r14, 1, $noreg, 9, $noreg, 32, implicit-def $eflags :: (load (s8) from %ir.71, !tbaa !12); JCC_1 %bb.14, 4, implicit $eflags"
aux_rawset,BB#12,3,"renamable $rcx = MOV64rm renamable $rax, 1, $noreg, -16, $noreg :: (load (s64) from %ir.76, !tbaa !12); TEST8mi killed renamable $rcx, 1, $noreg, 9, $noreg, 24, implicit-def $eflags :: (load (s8) from %ir.78, !tbaa !31); JCC_1 %bb.14, 4, implicit $eflags"
aux_rawset,BB#13,4,"$rdi = COPY renamable $rbx; $rsi = COPY killed renamable $r14; CALL64pcrel32 @luaC_barrierback_, <regmask $bh $bl $bp $bph $bpl $bx $ebp $ebx $hbp $hbx $rbp $rbx $r12 $r13 $r14 $r15 $r12b $r13b $r14b $r15b $r12bh $r13bh $r14bh $r15bh $r12d $r13d $r14d $r15d $r12w $r13w $r14w $r15w $r12wh and 3 more...>, implicit $rsp, implicit $ssp, implicit $rdi, implicit $rsi, implicit-def $rsp, implicit-def $ssp; renamable $rax = MOV64rm renamable $rbx, 1, $noreg, 16, $noreg :: (load (s64) from %ir.83, !tbaa !12)"
aux_rawset,BB#14,11,"renamable $ecx = MOV32rr killed renamable $ebp, implicit-def $rcx; renamable $rcx = SHL64ri killed renamable $rcx(tied-def 0), 4, implicit-def dead $eflags; renamable $rax = SUB64rr killed renamable $rax(tied-def 0), killed renamable $rcx, implicit-def dead $eflags; MOV64mr killed renamable $rbx, 1, $noreg, 16, $noreg, killed renamable $rax :: (store (s64) into %ir.90, !tbaa !12); $rbx = frame-destroy POP64r implicit-def $rsp, implicit $rsp; frame-destroy CFI_INSTRUCTION def_cfa_offset 24; $r14 = frame-destroy POP64r implicit-def $rsp, implicit $rsp; frame-destroy CFI_INSTRUCTION def_cfa_offset 16; $rbp = frame-destroy POP64r implicit-def $rsp, implicit $rsp; frame-destroy CFI_INSTRUCTION def_cfa_offset 8; RET 0"
lua_rawsetp,BB#0,10,"$rsp = frame-setup SUB64ri32 $rsp(tied-def 0), 24, implicit-def dead $eflags; frame-setup CFI_INSTRUCTION def_cfa_offset 32; MOV64mr $rsp, 1, $noreg, 8, $noreg, killed renamable $rdx :: (store (s64) into %ir.4, !tbaa !12); MOV8mi $rsp, 1, $noreg, 16, $noreg, 2 :: (store (s8) into %ir.5, align 8, !tbaa !13); renamable $rdx = LEA64r $rsp, 1, $noreg, 8, $noreg; $ecx = MOV32ri 1; CALL64pcrel32 @aux_rawset, <regmask $bh $bl $bp $bph $bpl $bx $ebp $ebx $hbp $hbx $rbp $rbx $r12 $r13 $r14 $r15 $r12b $r13b $r14b $r15b $r12bh $r13bh $r14bh $r15bh $r12d $r13d $r14d $r15d $r12w $r13w $r14w $r15w $r12wh and 3 more...>, implicit $rsp, implicit $ssp, implicit $rdi, implicit $esi, implicit $rdx, implicit killed $ecx, implicit-def $rsp, implicit-def $ssp; $rsp = frame-destroy ADD64ri32 $rsp(tied-def 0), 24, implicit-def dead $eflags; frame-destroy CFI_INSTRUCTION def_cfa_offset 8; RET 0"
lua_rawseti,BB#0,12,"frame-setup PUSH64r killed $r14, implicit-def $rsp, implicit $rsp; frame-setup CFI_INSTRUCTION def_cfa_offset 16; frame-setup PUSH64r killed $rbx, implicit-def $rsp, implicit $rsp; frame-setup CFI_INSTRUCTION def_cfa_offset 24; frame-setup PUSH64r undef $rax, implicit-def $rsp, implicit $rsp; frame-setup CFI_INSTRUCTION def_cfa_offset 32; CFI_INSTRUCTION offset $rbx, -24; CFI_INSTRUCTION offset $r14, -16; renamable $rbx = COPY $rdi; renamable $rcx = MOV64rm $rdi, 1, $noreg, 32, $noreg :: (load (s64) from %ir.4, !tbaa !3); TEST32rr renamable $esi, renamable $esi, implicit-def $eflags; JCC_1 %bb.3, 14, implicit killed $eflags"
lua_rawseti,BB#1,5,"renamable $eax = MOV32rr killed renamable $esi, implicit-def $rax; renamable $rax = SHL64ri killed renamable $rax(tied-def 0), 4, implicit-def dead $eflags; renamable $rax = ADD64rm killed renamable $rax(tied-def 0), killed renamable $rcx, 1, $noreg, 0, $noreg, implicit-def dead $eflags :: (load (s64) from %ir.5, !tbaa !12); CMP64rm renamable $rax, renamable $rbx, 1, $noreg, 16, $noreg, implicit-def $eflags :: (load (s64) from %ir.11, !tbaa !12); JCC_1 %bb.10, 2, implicit $eflags"
lua_rawseti,BB#2,3,"renamable $rax = MOV64rm renamable $rbx, 1, $noreg, 24, $noreg :: (load (s64) from %ir.52, !tbaa !17), (load (s64) from %ir.48, !tbaa !17), (load (s64) from %ir.15, !tbaa !17); renamable $rax = nuw ADD64ri32 killed renamable $rax(tied-def 0), 80, implicit-def dead $eflags; JMP_1 %bb.10"
lua_rawseti,BB#3,2,"CMP32ri renamable $esi, -1000999, implicit-def $eflags; JCC_1 %bb.5, 12, implicit killed $eflags"
lua_rawseti,BB#4,4,"renamable $rax = MOVSX64rr32 killed renamable $esi; renamable $rax = SHL64ri killed renamable $rax(tied-def 0), 4, implicit-def dead $eflags; renamable $rax = ADD64rm killed renamable $rax(tied-def 0), renamable $rbx, 1, $noreg, 16, $noreg, implicit-def dead $eflags :: (load (s64) from %ir.21, !tbaa !12); JMP_1 %bb.10"
lua_rawseti,BB#5,2,"CMP32ri renamable $esi, -1001000, implicit-def $eflags; JCC_1 %bb.7, 5, implicit killed $eflags"
lua_rawseti,BB#6,3,"renamable $rax = MOV64rm renamable $rbx, 1, $noreg, 24, $noreg :: (load (s64) from %ir.28, !tbaa !17); renamable $rax = nuw ADD64ri32 killed renamable $rax(tied-def 0), 64, implicit-def dead $eflags; JMP_1 %bb.10"
lua_rawseti,BB#7,3,"renamable $rax = MOV64rm killed renamable $rcx, 1, $noreg, 0, $noreg :: (load (s64) from %ir.5, !tbaa !12); CMP8mi renamable $rax, 1, $noreg, 8, $noreg, 102, implicit-def $eflags :: (load (s8) from %ir.33, align 8, !tbaa !12); JCC_1 %bb.2, 5, implicit $eflags"
lua_rawseti,BB#8,6,"renamable $ecx = MOV32ri -1001000; renamable $ecx = nuw nsw SUB32rr killed renamable $ecx(tied-def 0), renamable $esi, implicit-def dead $eflags; renamable $rax = MOV64rm killed renamable $rax, 1, $noreg, 0, $noreg :: (load (s64) from %ir.32, !tbaa !12); renamable $edi = MOVZX32rm8 renamable $rax, 1, $noreg, 10, $noreg :: (load (s8) from %ir.39, align 2, !tbaa !29); CMP32rr killed renamable $ecx, killed renamable $edi, implicit-def $eflags; JCC_1 %bb.2, 7, implicit $eflags"
lua_rawseti,BB#9,4,"renamable $ecx = MOV32ri -1001001, implicit-def $rcx; renamable $ecx = nuw nsw SUB32rr renamable $ecx(tied-def 0), killed renamable $esi, implicit-def dead $eflags, implicit killed $rcx, implicit-def $rcx; renamable $rcx = SHL64ri killed renamable $rcx(tied-def 0), 4, implicit-def dead $eflags; renamable $rax = LEA64r killed renamable $rax, 1, killed renamable $rcx, 32, $noreg"
lua_rawseti,BB#10,9,"renamable $r14 = MOV64rm killed renamable $rax, 1, $noreg, 0, $noreg :: (load (s64) from %ir.56, !tbaa !12); renamable $rcx = MOV64rm renamable $rbx, 1, $noreg, 16, $noreg :: (load (s64) from %ir.58, !tbaa !12); renamable $rcx = ADD64ri32 killed renamable $rcx(tied-def 0), -16, implicit-def dead $eflags; $rdi = COPY renamable $rbx; $rsi = COPY renamable $r14; CALL64pcrel32 @luaH_setint, <regmask $bh $bl $bp $bph $bpl $bx $ebp $ebx $hbp $hbx $rbp $rbx $r12 $r13 $r14 $r15 $r12b $r13b $r14b $r15b $r12bh $r13bh $r14bh $r15bh $r12d $r13d $r14d $r15d $r12w $r13w $r14w $r15w $r12wh and 3 more...>, implicit $rsp, implicit $ssp, implicit $rdi, implicit $rsi, implicit $rdx, implicit $rcx, implicit-def $rsp, implicit-def $ssp; renamable $rax = MOV64rm renamable $rbx, 1, $noreg, 16, $noreg :: (load (s64) from %ir.58, !tbaa !12); TEST8mi renamable $rax, 1, $noreg, -8, $noreg, 64, implicit-def $eflags :: (load (s8) from %ir.62, align 8, !tbaa !12); JCC_1 %bb.14, 4, implicit $eflags"
lua_rawseti,BB#11,2,"TEST8mi renamable $r14, 1, $noreg, 9, $noreg, 32, implicit-def $eflags :: (load (s8) from %ir.67, !tbaa !12); JCC_1 %bb.14, 4, implicit $eflags"
lua_rawseti,BB#12,3,"renamable $rcx = MOV64rm renamable $rax, 1, $noreg, -16, $noreg :: (load (s64) from %ir.72, !tbaa !12); TEST8mi killed renamable $rcx, 1, $noreg, 9, $noreg, 24, implicit-def $eflags :: (load (s8) from %ir.74, !tbaa !31); JCC_1 %bb.14, 4, implicit $eflags"
lua_rawseti,BB#13,4,"$rdi = COPY renamable $rbx; $rsi = COPY killed renamable $r14; CALL64pcrel32 @luaC_barrierback_, <regmask $bh $bl $bp $bph $bpl $bx $ebp $ebx $hbp $hbx $rbp $rbx $r12 $r13 $r14 $r15 $r12b $r13b $r14b $r15b $r12bh $r13bh $r14bh $r15bh $r12d $r13d $r14d $r15d $r12w $r13w $r14w $r15w $r12wh and 3 more...>, implicit $rsp, implicit $ssp, implicit $rdi, implicit $rsi, implicit-def $rsp, implicit-def $ssp; renamable $rax = MOV64rm renamable $rbx, 1, $noreg, 16, $noreg :: (load (s64) from %ir.79, !tbaa !12)"
lua_rawseti,BB#14,9,"renamable $rax = ADD64ri32 killed renamable $rax(tied-def 0), -16, implicit-def dead $eflags; MOV64mr killed renamable $rbx, 1, $noreg, 16, $noreg, killed renamable $rax :: (store (s64) into %ir.84, !tbaa !12); $rsp = frame-destroy ADD64ri32 $rsp(tied-def 0), 8, implicit-def dead $eflags; frame-destroy CFI_INSTRUCTION def_cfa_offset 24; $rbx = frame-destroy POP64r implicit-def $rsp, implicit $rsp; frame-destroy CFI_INSTRUCTION def_cfa_offset 16; $r14 = frame-destroy POP64r implicit-def $rsp, implicit $rsp; frame-destroy CFI_INSTRUCTION def_cfa_offset 8; RET 0"
lua_setmetatable,BB#0,13,"frame-setup PUSH64r killed $r15, implicit-def $rsp, implicit $rsp; frame-setup CFI_INSTRUCTION def_cfa_offset 16; frame-setup PUSH64r killed $r14, implicit-def $rsp, implicit $rsp; frame-setup CFI_INSTRUCTION def_cfa_offset 24; frame-setup PUSH64r killed $rbx, implicit-def $rsp, implicit $rsp; frame-setup CFI_INSTRUCTION def_cfa_offset 32; CFI_INSTRUCTION offset $rbx, -32; CFI_INSTRUCTION offset $r14, -24; CFI_INSTRUCTION offset $r15, -16; renamable $rbx = COPY $rdi; renamable $rax = MOV64rm $rdi, 1, $noreg, 32, $noreg :: (load (s64) from %ir.3, !tbaa !3); TEST32rr renamable $esi, renamable $esi, implicit-def $eflags; JCC_1 %bb.3, 14, implicit killed $eflags"
lua_setmetatable,BB#1,5,"renamable $r15d = MOV32rr killed renamable $esi, implicit-def $r15; renamable $r15 = SHL64ri killed renamable $r15(tied-def 0), 4, implicit-def dead $eflags; renamable $r15 = ADD64rm killed renamable $r15(tied-def 0), killed renamable $rax, 1, $noreg, 0, $noreg, implicit-def dead $eflags :: (load (s64) from %ir.4, !tbaa !12); CMP64rm renamable $r15, renamable $rbx, 1, $noreg, 16, $noreg, implicit-def $eflags :: (load (s64) from %ir.10, !tbaa !12); JCC_1 %bb.10, 2, implicit $eflags"
lua_setmetatable,BB#2,3,"renamable $r15 = MOV64rm renamable $rbx, 1, $noreg, 24, $noreg :: (load (s64) from %ir.51, !tbaa !17), (load (s64) from %ir.47, !tbaa !17), (load (s64) from %ir.14, !tbaa !17); renamable $r15 = nuw ADD64ri32 killed renamable $r15(tied-def 0), 80, implicit-def dead $eflags; JMP_1 %bb.10"
lua_setmetatable,BB#3,2,"CMP32ri renamable $esi, -1000999, implicit-def $eflags; JCC_1 %bb.5, 12, implicit killed $eflags"
lua_setmetatable,BB#4,4,"renamable $r15 = MOVSX64rr32 killed renamable $esi; renamable $r15 = SHL64ri killed renamable $r15(tied-def 0), 4, implicit-def dead $eflags; renamable $r15 = ADD64rm killed renamable $r15(tied-def 0), renamable $rbx, 1, $noreg, 16, $noreg, implicit-def dead $eflags :: (load (s64) from %ir.20, !tbaa !12); JMP_1 %bb.10"
lua_setmetatable,BB#5,2,"CMP32ri renamable $esi, -1001000, implicit-def $eflags; JCC_1 %bb.7, 5, implicit killed $eflags"
lua_setmetatable,BB#6,3,"renamable $r15 = MOV64rm renamable $rbx, 1, $noreg, 24, $noreg :: (load (s64) from %ir.27, !tbaa !17); renamable $r15 = nuw ADD64ri32 killed renamable $r15(tied-def 0), 64, implicit-def dead $eflags; JMP_1 %bb.10"
lua_setmetatable,BB#7,3,"renamable $rax = MOV64rm killed renamable $rax, 1, $noreg, 0, $noreg :: (load (s64) from %ir.4, !tbaa !12); CMP8mi renamable $rax, 1, $noreg, 8, $noreg, 102, implicit-def $eflags :: (load (s8) from %ir.32, align 8, !tbaa !12); JCC_1 %bb.2, 5, implicit $eflags"
lua_setmetatable,BB#8,6,"renamable $ecx = MOV32ri -1001000; renamable $ecx = nuw nsw SUB32rr killed renamable $ecx(tied-def 0), renamable $esi, implicit-def dead $eflags; renamable $rax = MOV64rm killed renamable $rax, 1, $noreg, 0, $noreg :: (load (s64) from %ir.31, !tbaa !12); renamable $edx = MOVZX32rm8 renamable $rax, 1, $noreg, 10, $noreg :: (load (s8) from %ir.38, align 2, !tbaa !29); CMP32rr killed renamable $ecx, killed renamable $edx, implicit-def $eflags; JCC_1 %bb.2, 7, implicit $eflags"
lua_setmetatable,BB#9,4,"renamable $ecx = MOV32ri -1001001, implicit-def $rcx; renamable $ecx = nuw nsw SUB32rr renamable $ecx(tied-def 0), killed renamable $esi, implicit-def dead $eflags, implicit killed $rcx, implicit-def $rcx; renamable $rcx = SHL64ri killed renamable $rcx(tied-def 0), 4, implicit-def dead $eflags; renamable $r15 = LEA64r killed renamable $rax, 1, killed renamable $rcx, 32, $noreg"
lua_setmetatable,BB#10,3,"renamable $rax = MOV64rm renamable $rbx, 1, $noreg, 16, $noreg :: (load (s64) from %ir.56, !tbaa !12); TEST8mi renamable $rax, 1, $noreg, -8, $noreg, 15, implicit-def $eflags :: (load (s8) from %ir.58, align 8, !tbaa !12); JCC_1 %bb.12, 5, implicit killed $eflags"
lua_setmetatable,BB#11,2,"renamable $edx = MOV32r0 implicit-def dead $eflags, implicit-def $rdx; JMP_1 %bb.13"
lua_setmetatable,BB#12,1,"renamable $rdx = MOV64rm killed renamable $rax, 1, $noreg, -16, $noreg :: (load (s64) from %ir.63, !tbaa !12)"
lua_setmetatable,BB#13,4,"renamable $eax = MOVZX32rm8 renamable $r15, 1, $noreg, 8, $noreg, implicit-def $rax :: (load (s8) from %ir.67, align 8, !tbaa !13); renamable $eax = AND32ri renamable $eax(tied-def 0), 15, implicit-def dead $eflags, implicit killed $rax, implicit-def $rax; CMP64ri32 renamable $rax, 7, implicit-def $eflags; JCC_1 %bb.21, 4, implicit killed $eflags"
lua_setmetatable,BB#14,2,"CMP32ri renamable $eax, 5, implicit-def $eflags; JCC_1 %bb.22, 5, implicit killed $eflags"
lua_setmetatable,BB#15,2,"renamable $rax = MOV64rm renamable $r15, 1, $noreg, 0, $noreg :: (load (s64) from %ir.55, !tbaa !12); MOV64mr killed renamable $rax, 1, $noreg, 40, $noreg, renamable $rdx :: (store (s64) into %ir.74, !tbaa !12)"
lua_setmetatable,BB#16,2,"TEST64rr renamable $rdx, renamable $rdx, implicit-def $eflags; JCC_1 %bb.23, 4, implicit $eflags"
lua_setmetatable,BB#17,3,"renamable $rsi = MOV64rm renamable $r15, 1, $noreg, 0, $noreg :: (load (s64) from %ir.55, !tbaa !12); TEST8mi renamable $rsi, 1, $noreg, 9, $noreg, 32, implicit-def $eflags :: (load (s8) from %ir.78, !tbaa !31), (load (s8) from %ir.97, !tbaa !12); JCC_1 %bb.20, 4, implicit $eflags"
lua_setmetatable,BB#18,2,"TEST8mi renamable $rdx, 1, $noreg, 9, $noreg, 24, implicit-def $eflags :: (load (s8) from %ir.83, !tbaa !44), (load (s8) from %ir.102, !tbaa !44); JCC_1 %bb.20, 4, implicit $eflags"
lua_setmetatable,BB#19,5,"$rdi = COPY renamable $rbx; renamable $r14 = COPY renamable $rdx; CALL64pcrel32 @luaC_barrier_, <regmask $bh $bl $bp $bph $bpl $bx $ebp $ebx $hbp $hbx $rbp $rbx $r12 $r13 $r14 $r15 $r12b $r13b $r14b $r15b $r12bh $r13bh $r14bh $r15bh $r12d $r13d $r14d $r15d $r12w $r13w $r14w $r15w $r12wh and 3 more...>, implicit $rsp, implicit $ssp, implicit $rdi, implicit $rsi, implicit $rdx, implicit-def $rsp, implicit-def $ssp; renamable $rdx = COPY killed renamable $r14; renamable $rsi = MOV64rm killed renamable $r15, 1, $noreg, 0, $noreg :: (load (s64) from %ir.55, !tbaa !12)"
lua_setmetatable,BB#20,3,"$rdi = COPY renamable $rbx; CALL64pcrel32 @luaC_checkfinalizer, <regmask $bh $bl $bp $bph $bpl $bx $ebp $ebx $hbp $hbx $rbp $rbx $r12 $r13 $r14 $r15 $r12b $r13b $r14b $r15b $r12bh $r13bh $r14bh $r15bh $r12d $r13d $r14d $r15d $r12w $r13w $r14w $r15w $r12wh and 3 more...>, implicit $rsp, implicit $ssp, implicit $rdi, implicit $rsi, implicit $rdx, implicit-def $rsp, implicit-def $ssp; JMP_1 %bb.23"
lua_setmetatable,BB#21,3,"renamable $rax = MOV64rm renamable $r15, 1, $noreg, 0, $noreg :: (load (s64) from %ir.55, !tbaa !12); MOV64mr killed renamable $rax, 1, $noreg, 24, $noreg, renamable $rdx :: (store (s64) into %ir.93, !tbaa !12); JMP_1 %bb.16"
lua_setmetatable,BB#22,2,"renamable $rcx = MOV64rm renamable $rbx, 1, $noreg, 24, $noreg :: (load (s64) from %ir.111, !tbaa !17); MOV64mr killed renamable $rcx, 8, killed renamable $rax, 480, $noreg, killed renamable $rdx :: (store (s64) into %ir.113, !tbaa !23)"
lua_setmetatable,BB#23,9,"ADD64mi32 killed renamable $rbx, 1, $noreg, 16, $noreg, -16, implicit-def dead $eflags :: (store (s64) into %ir.115, !tbaa !12), (load (s64) from %ir.115, !tbaa !12); $eax = MOV32ri 1; $rbx = frame-destroy POP64r implicit-def $rsp, implicit $rsp; frame-destroy CFI_INSTRUCTION def_cfa_offset 24; $r14 = frame-destroy POP64r implicit-def $rsp, implicit $rsp; frame-destroy CFI_INSTRUCTION def_cfa_offset 16; $r15 = frame-destroy POP64r implicit-def $rsp, implicit $rsp; frame-destroy CFI_INSTRUCTION def_cfa_offset 8; RET 0, $eax"
lua_setiuservalue,BB#0,3,"renamable $rax = MOV64rm renamable $rdi, 1, $noreg, 32, $noreg :: (load (s64) from %ir.4, !tbaa !3); TEST32rr renamable $esi, renamable $esi, implicit-def $eflags; JCC_1 %bb.3, 14, implicit killed $eflags"
lua_setiuservalue,BB#1,5,"renamable $ecx = MOV32rr killed renamable $esi, implicit-def $rcx; renamable $rcx = SHL64ri killed renamable $rcx(tied-def 0), 4, implicit-def dead $eflags; renamable $rcx = ADD64rm killed renamable $rcx(tied-def 0), killed renamable $rax, 1, $noreg, 0, $noreg, implicit-def dead $eflags :: (load (s64) from %ir.5, !tbaa !12); CMP64rm renamable $rcx, renamable $rdi, 1, $noreg, 16, $noreg, implicit-def $eflags :: (load (s64) from %ir.11, !tbaa !12); JCC_1 %bb.10, 2, implicit $eflags"
lua_setiuservalue,BB#2,3,"renamable $rcx = MOV64rm renamable $rdi, 1, $noreg, 24, $noreg :: (load (s64) from %ir.52, !tbaa !17), (load (s64) from %ir.48, !tbaa !17), (load (s64) from %ir.15, !tbaa !17); renamable $rcx = nuw ADD64ri32 killed renamable $rcx(tied-def 0), 80, implicit-def dead $eflags; JMP_1 %bb.10"
lua_setiuservalue,BB#3,2,"CMP32ri renamable $esi, -1000999, implicit-def $eflags; JCC_1 %bb.5, 12, implicit killed $eflags"
lua_setiuservalue,BB#4,4,"renamable $rcx = MOVSX64rr32 killed renamable $esi; renamable $rcx = SHL64ri killed renamable $rcx(tied-def 0), 4, implicit-def dead $eflags; renamable $rcx = ADD64rm killed renamable $rcx(tied-def 0), renamable $rdi, 1, $noreg, 16, $noreg, implicit-def dead $eflags :: (load (s64) from %ir.21, !tbaa !12); JMP_1 %bb.10"
lua_setiuservalue,BB#5,2,"CMP32ri renamable $esi, -1001000, implicit-def $eflags; JCC_1 %bb.7, 5, implicit killed $eflags"
lua_setiuservalue,BB#6,3,"renamable $rcx = MOV64rm renamable $rdi, 1, $noreg, 24, $noreg :: (load (s64) from %ir.28, !tbaa !17); renamable $rcx = nuw ADD64ri32 killed renamable $rcx(tied-def 0), 64, implicit-def dead $eflags; JMP_1 %bb.10"
lua_setiuservalue,BB#7,3,"renamable $rax = MOV64rm killed renamable $rax, 1, $noreg, 0, $noreg :: (load (s64) from %ir.5, !tbaa !12); CMP8mi renamable $rax, 1, $noreg, 8, $noreg, 102, implicit-def $eflags :: (load (s8) from %ir.33, align 8, !tbaa !12); JCC_1 %bb.2, 5, implicit $eflags"
lua_setiuservalue,BB#8,6,"renamable $ecx = MOV32ri -1001000; renamable $ecx = nuw nsw SUB32rr killed renamable $ecx(tied-def 0), renamable $esi, implicit-def dead $eflags; renamable $rax = MOV64rm killed renamable $rax, 1, $noreg, 0, $noreg :: (load (s64) from %ir.32, !tbaa !12); renamable $r8d = MOVZX32rm8 renamable $rax, 1, $noreg, 10, $noreg :: (load (s8) from %ir.39, align 2, !tbaa !29); CMP32rr killed renamable $ecx, killed renamable $r8d, implicit-def $eflags; JCC_1 %bb.2, 7, implicit $eflags"
lua_setiuservalue,BB#9,4,"renamable $ecx = MOV32ri -1001001, implicit-def $rcx; renamable $ecx = nuw nsw SUB32rr renamable $ecx(tied-def 0), killed renamable $esi, implicit-def dead $eflags, implicit killed $rcx, implicit-def $rcx; renamable $rcx = SHL64ri killed renamable $rcx(tied-def 0), 4, implicit-def dead $eflags; renamable $rcx = LEA64r killed renamable $rax, 1, killed renamable $rcx, 32, $noreg"
lua_setiuservalue,BB#10,6,"renamable $edx = DEC32r killed renamable $edx(tied-def 0), implicit-def dead $eflags; renamable $rsi = MOV64rm renamable $rcx, 1, $noreg, 0, $noreg :: (load (s64) from %ir.56, !tbaa !12); renamable $r8d = MOVZX32rm16 renamable $rsi, 1, $noreg, 10, $noreg :: (load (s16) from %ir.59, !tbaa !12); renamable $eax = MOV32r0 implicit-def dead $eflags; CMP32rr renamable $edx, killed renamable $r8d, implicit-def $eflags; JCC_1 %bb.15, 3, implicit $eflags"
lua_setiuservalue,BB#11,11,"renamable $eax = MOV32rr killed renamable $edx, implicit-def $rax; renamable $rax = SHL64ri killed renamable $rax(tied-def 0), 4, implicit-def dead $eflags; renamable $rdx = MOV64rm renamable $rdi, 1, $noreg, 16, $noreg :: (load (s64) from %ir.66, !tbaa !12); renamable $r8 = MOV64rm renamable $rdx, 1, $noreg, -16, $noreg :: (load (s64) from %ir.68); MOV64mr renamable $rsi, 1, renamable $rax, 40, $noreg, killed renamable $r8 :: (store (s64) into %ir.65); renamable $dl = MOV8rm killed renamable $rdx, 1, $noreg, -8, $noreg :: (load (s8) from %ir.70, align 8, !tbaa !13); MOV8mr killed renamable $rsi, 1, killed renamable $rax, 48, $noreg, killed renamable $dl :: (store (s8) into %ir.72, align 8, !tbaa !13); renamable $rdx = MOV64rm renamable $rdi, 1, $noreg, 16, $noreg :: (load (s64) from %ir.66, !tbaa !12); renamable $eax = MOV32ri 1; TEST8mi renamable $rdx, 1, $noreg, -8, $noreg, 64, implicit-def $eflags :: (load (s8) from %ir.74, align 8, !tbaa !12); JCC_1 %bb.15, 4, implicit $eflags"
lua_setiuservalue,BB#12,3,"renamable $rsi = MOV64rm killed renamable $rcx, 1, $noreg, 0, $noreg :: (load (s64) from %ir.56, !tbaa !12); TEST8mi renamable $rsi, 1, $noreg, 9, $noreg, 32, implicit-def $eflags :: (load (s8) from %ir.80, !tbaa !31); JCC_1 %bb.15, 4, implicit $eflags"
lua_setiuservalue,BB#13,3,"renamable $rcx = MOV64rm killed renamable $rdx, 1, $noreg, -16, $noreg :: (load (s64) from %ir.85, !tbaa !12); TEST8mi killed renamable $rcx, 1, $noreg, 9, $noreg, 24, implicit-def $eflags :: (load (s8) from %ir.87, !tbaa !31); JCC_1 %bb.15, 4, implicit $eflags"
lua_setiuservalue,BB#14,10,"frame-setup PUSH64r killed $rbx, implicit-def $rsp, implicit $rsp; frame-setup CFI_INSTRUCTION def_cfa_offset 16; CFI_INSTRUCTION offset $rbx, -16; renamable $rbx = COPY renamable $rdi; CALL64pcrel32 @luaC_barrierback_, <regmask $bh $bl $bp $bph $bpl $bx $ebp $ebx $hbp $hbx $rbp $rbx $r12 $r13 $r14 $r15 $r12b $r13b $r14b $r15b $r12bh $r13bh $r14bh $r15bh $r12d $r13d $r14d $r15d $r12w $r13w $r14w $r15w $r12wh and 3 more...>, implicit $rsp, implicit $ssp, implicit $rdi, implicit $rsi, implicit-def $rsp, implicit-def $ssp; renamable $eax = MOV32ri 1; renamable $rdi = COPY killed renamable $rbx; $rbx = frame-destroy POP64r implicit-def $rsp, implicit $rsp; frame-destroy CFI_INSTRUCTION def_cfa_offset 8; CFI_INSTRUCTION restore $rbx"
lua_setiuservalue,BB#15,2,"ADD64mi32 killed renamable $rdi, 1, $noreg, 16, $noreg, -16, implicit-def dead $eflags :: (store (s64) into %ir.94, !tbaa !12), (load (s64) from %ir.94, !tbaa !12); RET 0, $eax"
lua_callk,BB#0,16,"frame-setup PUSH64r killed $rbp, implicit-def $rsp, implicit $rsp; frame-setup CFI_INSTRUCTION def_cfa_offset 16; frame-setup PUSH64r killed $rbx, implicit-def $rsp, implicit $rsp; frame-setup CFI_INSTRUCTION def_cfa_offset 24; frame-setup PUSH64r undef $rax, implicit-def $rsp, implicit $rsp; frame-setup CFI_INSTRUCTION def_cfa_offset 32; CFI_INSTRUCTION offset $rbx, -24; CFI_INSTRUCTION offset $rbp, -16; renamable $ebp = COPY $edx; renamable $rbx = COPY $rdi; renamable $esi = NOT32r killed renamable $esi(tied-def 0); renamable $rsi = MOVSX64rr32 killed renamable $esi; renamable $rsi = SHL64ri killed renamable $rsi(tied-def 0), 4, implicit-def dead $eflags; renamable $rsi = ADD64rm killed renamable $rsi(tied-def 0), $rdi, 1, $noreg, 16, $noreg, implicit-def dead $eflags :: (load (s64) from %ir.6, !tbaa !12); TEST64rr renamable $r8, renamable $r8, implicit-def $eflags; JCC_1 %bb.3, 4, implicit $eflags"
lua_callk,BB#1,2,"CMP32mi renamable $rbx, 1, $noreg, 176, $noreg, 65535, implicit-def $eflags :: (load (s32) from %ir.13, align 8, !tbaa !45); JCC_1 %bb.3, 7, implicit $eflags"
lua_callk,BB#2,8,"renamable $rax = MOV64rm renamable $rbx, 1, $noreg, 32, $noreg :: (load (s64) from %ir.17, !tbaa !3); MOV64mr killed renamable $rax, 1, $noreg, 32, $noreg, killed renamable $r8 :: (store (s64) into %ir.19, !tbaa !12); renamable $rax = MOV64rm renamable $rbx, 1, $noreg, 32, $noreg :: (load (s64) from %ir.17, !tbaa !3); MOV64mr killed renamable $rax, 1, $noreg, 48, $noreg, killed renamable $rcx :: (store (s64) into %ir.21, !tbaa !12); $rdi = COPY renamable $rbx; $edx = COPY renamable $ebp; CALL64pcrel32 @luaD_call, <regmask $bh $bl $bp $bph $bpl $bx $ebp $ebx $hbp $hbx $rbp $rbx $r12 $r13 $r14 $r15 $r12b $r13b $r14b $r15b $r12bh $r13bh $r14bh $r15bh $r12d $r13d $r14d $r15d $r12w $r13w $r14w $r15w $r12wh and 3 more...>, implicit $rsp, implicit $ssp, implicit $rdi, implicit $rsi, implicit $edx, implicit-def $rsp, implicit-def $ssp; JMP_1 %bb.4"
lua_callk,BB#3,3,"$rdi = COPY renamable $rbx; $edx = COPY renamable $ebp; CALL64pcrel32 @luaD_callnoyield, <regmask $bh $bl $bp $bph $bpl $bx $ebp $ebx $hbp $hbx $rbp $rbx $r12 $r13 $r14 $r15 $r12b $r13b $r14b $r15b $r12bh $r13bh $r14bh $r15bh $r12d $r13d $r14d $r15d $r12w $r13w $r14w $r15w $r12wh and 3 more...>, implicit $rsp, implicit $ssp, implicit $rdi, implicit $rsi, implicit $edx, implicit-def $rsp, implicit-def $ssp"
lua_callk,BB#4,2,"TEST32rr killed renamable $ebp, renamable $ebp, implicit-def $eflags; JCC_1 %bb.7, 9, implicit $eflags"
lua_callk,BB#5,4,"renamable $rax = MOV64rm renamable $rbx, 1, $noreg, 16, $noreg :: (load (s64) from %ir.30, !tbaa !12); renamable $rcx = MOV64rm killed renamable $rbx, 1, $noreg, 32, $noreg :: (load (s64) from %ir.26, !tbaa !3); CMP64mr renamable $rcx, 1, $noreg, 8, $noreg, renamable $rax, implicit-def $eflags :: (load (s64) from %ir.28, !tbaa !12); JCC_1 %bb.7, 3, implicit $eflags"
lua_callk,BB#6,1,"MOV64mr killed renamable $rcx, 1, $noreg, 8, $noreg, killed renamable $rax :: (store (s64) into %ir.34, !tbaa !12)"
lua_callk,BB#7,7,"$rsp = frame-destroy ADD64ri32 $rsp(tied-def 0), 8, implicit-def dead $eflags; frame-destroy CFI_INSTRUCTION def_cfa_offset 24; $rbx = frame-destroy POP64r implicit-def $rsp, implicit $rsp; frame-destroy CFI_INSTRUCTION def_cfa_offset 16; $rbp = frame-destroy POP64r implicit-def $rsp, implicit $rsp; frame-destroy CFI_INSTRUCTION def_cfa_offset 8; RET 0"
lua_pcallk,BB#0,16,"frame-setup PUSH64r killed $rbp, implicit-def $rsp, implicit $rsp; frame-setup CFI_INSTRUCTION def_cfa_offset 16; frame-setup PUSH64r killed $r14, implicit-def $rsp, implicit $rsp; frame-setup CFI_INSTRUCTION def_cfa_offset 24; frame-setup PUSH64r killed $rbx, implicit-def $rsp, implicit $rsp; frame-setup CFI_INSTRUCTION def_cfa_offset 32; $rsp = frame-setup SUB64ri32 $rsp(tied-def 0), 16, implicit-def dead $eflags; frame-setup CFI_INSTRUCTION def_cfa_offset 48; CFI_INSTRUCTION offset $rbx, -32; CFI_INSTRUCTION offset $r14, -24; CFI_INSTRUCTION offset $rbp, -16; renamable $rax = COPY $r8; renamable $ebp = COPY $edx; renamable $rbx = COPY $rdi; TEST32rr renamable $ecx, renamable $ecx, implicit-def $eflags; JCC_1 %bb.2, 5, implicit $eflags"
lua_pcallk,BB#1,2,"renamable $r8d = MOV32r0 implicit-def dead $eflags, implicit-def $r8; JMP_1 %bb.6"
lua_pcallk,BB#2,1,"JCC_1 %bb.4, 14, implicit killed $eflags"
lua_pcallk,BB#3,5,"renamable $rdx = MOV64rm renamable $rbx, 1, $noreg, 32, $noreg :: (load (s64) from %ir.12); renamable $r8d = MOV32rr killed renamable $ecx, implicit-def $r8; renamable $r8 = SHL64ri killed renamable $r8(tied-def 0), 4, implicit-def dead $eflags; renamable $r8 = ADD64rm killed renamable $r8(tied-def 0), killed renamable $rdx, 1, $noreg, 0, $noreg, implicit-def dead $eflags :: (load (s64) from %ir.13); JMP_1 %bb.5"
lua_pcallk,BB#4,3,"renamable $r8 = MOVSX64rr32 killed renamable $ecx; renamable $r8 = SHL64ri killed renamable $r8(tied-def 0), 4, implicit-def dead $eflags; renamable $r8 = ADD64rm killed renamable $r8(tied-def 0), renamable $rbx, 1, $noreg, 16, $noreg, implicit-def dead $eflags :: (load (s64) from %ir.18)"
lua_pcallk,BB#5,1,"renamable $r8 = SUB64rm killed renamable $r8(tied-def 0), renamable $rbx, 1, $noreg, 48, $noreg, implicit-def dead $eflags :: (load (s64) from %ir.24)"
lua_pcallk,BB#6,7,"renamable $esi = NOT32r killed renamable $esi(tied-def 0); renamable $rcx = MOVSX64rr32 killed renamable $esi; renamable $rcx = SHL64ri killed renamable $rcx(tied-def 0), 4, implicit-def dead $eflags; renamable $rcx = ADD64rm killed renamable $rcx(tied-def 0), renamable $rbx, 1, $noreg, 16, $noreg, implicit-def dead $eflags :: (load (s64) from %ir.31); MOV64mr $rsp, 1, $noreg, 0, $noreg, renamable $rcx :: (store (s64) into %ir.7, !tbaa !46); TEST64rr renamable $r9, renamable $r9, implicit-def $eflags; JCC_1 %bb.8, 4, implicit $eflags"
lua_pcallk,BB#7,2,"CMP32mi renamable $rbx, 1, $noreg, 176, $noreg, 65536, implicit-def $eflags :: (load (s32) from %ir.38, align 8); JCC_1 %bb.9, 2, implicit killed $eflags"
lua_pcallk,BB#8,7,"MOV32mr $rsp, 1, $noreg, 8, $noreg, renamable $ebp :: (store (s32) into %ir.42, align 8, !tbaa !48); renamable $rcx = SUB64rm killed renamable $rcx(tied-def 0), renamable $rbx, 1, $noreg, 48, $noreg, implicit-def dead $eflags :: (load (s64) from %ir.43); $rdx = MOV64rr $rsp; $rsi = MOV32ri64 @f_call; $rdi = COPY renamable $rbx; CALL64pcrel32 @luaD_pcall, <regmask $bh $bl $bp $bph $bpl $bx $ebp $ebx $hbp $hbx $rbp $rbx $r12 $r13 $r14 $r15 $r12b $r13b $r14b $r15b $r12bh $r13bh $r14bh $r15bh $r12d $r13d $r14d $r15d $r12w $r13w $r14w $r15w $r12wh and 3 more...>, implicit $rsp, implicit $ssp, implicit $rdi, implicit $rsi, implicit $rdx, implicit $rcx, implicit $r8, implicit-def $rsp, implicit-def $ssp, implicit-def $eax; JMP_1 %bb.10"
lua_pcallk,BB#9,24,"renamable $r14 = MOV64rm renamable $rbx, 1, $noreg, 32, $noreg :: (load (s64) from %ir.50); MOV64mr renamable $r14, 1, $noreg, 32, $noreg, killed renamable $r9 :: (store (s64) into %ir.52); MOV64mr renamable $r14, 1, $noreg, 48, $noreg, killed renamable $rax :: (store (s64) into %ir.53); renamable $eax = MOV32rm renamable $rbx, 1, $noreg, 48, $noreg :: (load (s32) from %ir.54, align 8); renamable $edx = COPY renamable $ecx; renamable $edx = SUB32rr killed renamable $edx(tied-def 0), killed renamable $eax, implicit-def dead $eflags; MOV32mr renamable $r14, 1, $noreg, 56, $noreg, killed renamable $edx :: (store (s32) into %ir.60, align 8); renamable $rax = MOV64rm renamable $rbx, 1, $noreg, 168, $noreg :: (load (s64) from %ir.61); MOV64mr renamable $r14, 1, $noreg, 40, $noreg, killed renamable $rax :: (store (s64) into %ir.63); MOV64mr renamable $rbx, 1, $noreg, 168, $noreg, killed renamable $r8 :: (store (s64) into %ir.61); renamable $eax = MOVZX32rm16 renamable $r14, 1, $noreg, 62, $noreg :: (load (s16) from %ir.64); renamable $eax = AND32ri killed renamable $eax(tied-def 0), -18, implicit-def dead $eflags; renamable $edx = MOVZX32rm8 renamable $rbx, 1, $noreg, 11, $noreg :: (load (s8) from %ir.67); renamable $edx = OR32rr killed renamable $edx(tied-def 0), killed renamable $eax, implicit-def dead $eflags; renamable $edx = OR32ri killed renamable $edx(tied-def 0), 16, implicit-def dead $eflags; MOV16mr renamable $r14, 1, $noreg, 62, $noreg, renamable $dx, implicit killed $edx :: (store (s16) into %ir.64); $rdi = COPY renamable $rbx; $rsi = COPY killed renamable $rcx; $edx = COPY renamable $ebp; CALL64pcrel32 @luaD_call, <regmask $bh $bl $bp $bph $bpl $bx $ebp $ebx $hbp $hbx $rbp $rbx $r12 $r13 $r14 $r15 $r12b $r13b $r14b $r15b $r12bh $r13bh $r14bh $r15bh $r12d $r13d $r14d $r15d $r12w $r13w $r14w $r15w $r12wh and 3 more...>, implicit $rsp, implicit $ssp, implicit $rdi, implicit $rsi, implicit $edx, implicit-def $rsp, implicit-def $ssp; AND8mi renamable $r14, 1, $noreg, 62, $noreg, -17, implicit-def dead $eflags :: (store (s8) into %ir.64, align 2), (load (s8) from %ir.64, align 2); renamable $rax = MOV64rm killed renamable $r14, 1, $noreg, 40, $noreg :: (load (s64) from %ir.63); MOV64mr renamable $rbx, 1, $noreg, 168, $noreg, killed renamable $rax :: (store (s64) into %ir.61); renamable $eax = MOV32r0 implicit-def dead $eflags"
lua_pcallk,BB#10,2,"TEST32rr killed renamable $ebp, renamable $ebp, implicit-def $eflags; JCC_1 %bb.13, 9, implicit $eflags"
lua_pcallk,BB#11,4,"renamable $rcx = MOV64rm renamable $rbx, 1, $noreg, 16, $noreg :: (load (s64) from %ir.83); renamable $rdx = MOV64rm killed renamable $rbx, 1, $noreg, 32, $noreg :: (load (s64) from %ir.79); CMP64mr renamable $rdx, 1, $noreg, 8, $noreg, renamable $rcx, implicit-def $eflags :: (load (s64) from %ir.81); JCC_1 %bb.13, 3, implicit $eflags"
lua_pcallk,BB#12,1,"MOV64mr killed renamable $rdx, 1, $noreg, 8, $noreg, killed renamable $rcx :: (store (s64) into %ir.87)"
lua_pcallk,BB#13,9,"$rsp = frame-destroy ADD64ri32 $rsp(tied-def 0), 16, implicit-def dead $eflags; frame-destroy CFI_INSTRUCTION def_cfa_offset 32; $rbx = frame-destroy POP64r implicit-def $rsp, implicit $rsp; frame-destroy CFI_INSTRUCTION def_cfa_offset 24; $r14 = frame-destroy POP64r implicit-def $rsp, implicit $rsp; frame-destroy CFI_INSTRUCTION def_cfa_offset 16; $rbp = frame-destroy POP64r implicit-def $rsp, implicit $rsp; frame-destroy CFI_INSTRUCTION def_cfa_offset 8; RET 0, $eax"
f_call,BB#0,4,"renamable $rax = MOV64rm renamable $rsi, 1, $noreg, 0, $noreg :: (load (s64) from %ir.1, !tbaa !46); renamable $edx = MOV32rm killed renamable $rsi, 1, $noreg, 8, $noreg :: (load (s32) from %ir.4, align 8, !tbaa !48); $rsi = COPY killed renamable $rax; TCRETURNdi64 @luaD_callnoyield, 0, <regmask $bh $bl $bp $bph $bpl $bx $ebp $ebx $hbp $hbx $rbp $rbx $r12 $r13 $r14 $r15 $r12b $r13b $r14b $r15b $r12bh $r13bh $r14bh $r15bh $r12d $r13d $r14d $r15d $r12w $r13w $r14w $r15w $r12wh and 3 more...>, implicit $rsp, implicit $ssp, implicit $rdi, implicit $rsi, implicit $edx"
lua_load,BB#0,32,"frame-setup PUSH64r killed $r15, implicit-def $rsp, implicit $rsp; frame-setup CFI_INSTRUCTION def_cfa_offset 16; frame-setup PUSH64r killed $r14, implicit-def $rsp, implicit $rsp; frame-setup CFI_INSTRUCTION def_cfa_offset 24; frame-setup PUSH64r killed $r12, implicit-def $rsp, implicit $rsp; frame-setup CFI_INSTRUCTION def_cfa_offset 32; frame-setup PUSH64r killed $rbx, implicit-def $rsp, implicit $rsp; frame-setup CFI_INSTRUCTION def_cfa_offset 40; $rsp = frame-setup SUB64ri32 $rsp(tied-def 0), 40, implicit-def dead $eflags; frame-setup CFI_INSTRUCTION def_cfa_offset 80; CFI_INSTRUCTION offset $rbx, -40; CFI_INSTRUCTION offset $r12, -32; CFI_INSTRUCTION offset $r14, -24; CFI_INSTRUCTION offset $r15, -16; renamable $r14 = COPY $r8; renamable $rax = COPY $rdx; renamable $rdx = COPY $rsi; renamable $rbx = COPY $rdi; TEST64rr renamable $rcx, renamable $rcx, implicit-def $eflags; renamable $r15 = MOV32ri64 @.str.1; renamable $r15 = CMOV64rr killed renamable $r15(tied-def 0), killed renamable $rcx, 5, implicit killed $eflags; $r12 = MOV64rr $rsp; $rsi = COPY renamable $r12; $rcx = COPY killed renamable $rax; CALL64pcrel32 @luaZ_init, <regmask $bh $bl $bp $bph $bpl $bx $ebp $ebx $hbp $hbx $rbp $rbx $r12 $r13 $r14 $r15 $r12b $r13b $r14b $r15b $r12bh $r13bh $r14bh $r15bh $r12d $r13d $r14d $r15d $r12w $r13w $r14w $r15w $r12wh and 3 more...>, implicit $rsp, implicit $ssp, implicit $rdi, implicit $rsi, implicit $rdx, implicit $rcx, implicit-def $rsp, implicit-def $ssp; $rdi = COPY renamable $rbx; $rsi = COPY killed renamable $r12; $rdx = COPY killed renamable $r15; $rcx = COPY killed renamable $r14; CALL64pcrel32 @luaD_protectedparser, <regmask $bh $bl $bp $bph $bpl $bx $ebp $ebx $hbp $hbx $rbp $rbx $r12 $r13 $r14 $r15 $r12b $r13b $r14b $r15b $r12bh $r13bh $r14bh $r15bh $r12d $r13d $r14d $r15d $r12w $r13w $r14w $r15w $r12wh and 3 more...>, implicit $rsp, implicit $ssp, implicit $rdi, implicit $rsi, implicit $rdx, implicit $rcx, implicit-def $rsp, implicit-def $ssp, implicit-def $eax; TEST32rr renamable $eax, renamable $eax, implicit-def $eflags; JCC_1 %bb.6, 5, implicit $eflags"
lua_load,BB#1,4,"renamable $rcx = MOV64rm renamable $rbx, 1, $noreg, 16, $noreg :: (load (s64) from %ir.12); renamable $rcx = MOV64rm killed renamable $rcx, 1, $noreg, -16, $noreg :: (load (s64) from %ir.14); CMP8mi renamable $rcx, 1, $noreg, 10, $noreg, 0, implicit-def $eflags :: (load (s8) from %ir.16, align 2); JCC_1 %bb.6, 4, implicit $eflags"
lua_load,BB#2,11,"renamable $rdx = MOV64rm renamable $rbx, 1, $noreg, 24, $noreg :: (load (s64) from %ir.20); renamable $rdx = MOV64rm killed renamable $rdx, 1, $noreg, 64, $noreg :: (load (s64) from %ir.22); renamable $rdx = MOV64rm killed renamable $rdx, 1, $noreg, 16, $noreg :: (load (s64) from %ir.24); renamable $rsi = MOV64rm renamable $rcx, 1, $noreg, 32, $noreg :: (load (s64) from %ir.27); renamable $rsi = MOV64rm killed renamable $rsi, 1, $noreg, 16, $noreg :: (load (s64) from %ir.29); renamable $rdi = MOV64rm renamable $rdx, 1, $noreg, 16, $noreg :: (load (s64) from %ir.26); MOV64mr renamable $rsi, 1, $noreg, 0, $noreg, killed renamable $rdi :: (store (s64) into %ir.30); renamable $dil = MOV8rm renamable $rdx, 1, $noreg, 24, $noreg :: (load (s8) from %ir.32, align 8); MOV8mr killed renamable $rsi, 1, $noreg, 8, $noreg, renamable $dil :: (store (s8) into %ir.34, align 8); TEST8ri killed renamable $dil, 64, implicit-def $eflags; JCC_1 %bb.6, 4, implicit $eflags"
lua_load,BB#3,3,"renamable $rsi = MOV64rm killed renamable $rcx, 1, $noreg, 32, $noreg :: (load (s64) from %ir.38); TEST8mi renamable $rsi, 1, $noreg, 9, $noreg, 32, implicit-def $eflags :: (load (s8) from %ir.40); JCC_1 %bb.6, 4, implicit $eflags"
lua_load,BB#4,3,"renamable $rdx = MOV64rm killed renamable $rdx, 1, $noreg, 16, $noreg :: (load (s64) from %ir.45); TEST8mi renamable $rdx, 1, $noreg, 9, $noreg, 24, implicit-def $eflags :: (load (s8) from %ir.47); JCC_1 %bb.6, 4, implicit $eflags"
lua_load,BB#5,4,"$rdi = COPY killed renamable $rbx; renamable $ebx = COPY killed renamable $eax; CALL64pcrel32 @luaC_barrier_, <regmask $bh $bl $bp $bph $bpl $bx $ebp $ebx $hbp $hbx $rbp $rbx $r12 $r13 $r14 $r15 $r12b $r13b $r14b $r15b $r12bh $r13bh $r14bh $r15bh $r12d $r13d $r14d $r15d $r12w $r13w $r14w $r15w $r12wh and 3 more...>, implicit $rsp, implicit $ssp, implicit $rdi, implicit $rsi, implicit $rdx, implicit-def $rsp, implicit-def $ssp; renamable $eax = COPY killed renamable $ebx"
lua_load,BB#6,11,"$rsp = frame-destroy ADD64ri32 $rsp(tied-def 0), 40, implicit-def dead $eflags; frame-destroy CFI_INSTRUCTION def_cfa_offset 40; $rbx = frame-destroy POP64r implicit-def $rsp, implicit $rsp; frame-destroy CFI_INSTRUCTION def_cfa_offset 32; $r12 = frame-destroy POP64r implicit-def $rsp, implicit $rsp; frame-destroy CFI_INSTRUCTION def_cfa_offset 24; $r14 = frame-destroy POP64r implicit-def $rsp, implicit $rsp; frame-destroy CFI_INSTRUCTION def_cfa_offset 16; $r15 = frame-destroy POP64r implicit-def $rsp, implicit $rsp; frame-destroy CFI_INSTRUCTION def_cfa_offset 8; RET 0, $eax"
lua_dump,BB#0,3,"renamable $rax = MOV64rm renamable $rdi, 1, $noreg, 16, $noreg :: (load (s64) from %ir.5, !tbaa !12); CMP8mi renamable $rax, 1, $noreg, -8, $noreg, 70, implicit-def $eflags :: (load (s8) from %ir.7, align 8, !tbaa !13); JCC_1 %bb.2, 4, implicit $eflags"
lua_dump,BB#1,2,"$eax = MOV32ri 1; RET 0, $eax"
lua_dump,BB#2,6,"renamable $r8d = COPY $ecx; renamable $rcx = COPY $rdx; renamable $rdx = COPY $rsi; renamable $rax = MOV64rm killed renamable $rax, 1, $noreg, -16, $noreg :: (load (s64) from %ir.11, !tbaa !12); renamable $rsi = MOV64rm killed renamable $rax, 1, $noreg, 24, $noreg :: (load (s64) from %ir.13, !tbaa !12); TCRETURNdi64 @luaU_dump, 0, <regmask $bh $bl $bp $bph $bpl $bx $ebp $ebx $hbp $hbx $rbp $rbx $r12 $r13 $r14 $r15 $r12b $r13b $r14b $r15b $r12bh $r13bh $r14bh $r15bh $r12d $r13d $r14d $r15d $r12w $r13w $r14w $r15w $r12wh and 3 more...>, implicit $rsp, implicit $ssp, implicit $rdi, implicit $rsi, implicit $rdx, implicit $rcx, implicit $r8d"
lua_status,BB#0,2,"renamable $eax = MOVZX32rm8 killed renamable $rdi, 1, $noreg, 10, $noreg :: (load (s8) from %ir.2, align 2, !tbaa !56); RET 0, $eax"
lua_gc,BB#0,23,"frame-setup PUSH64r killed $rbp, implicit-def $rsp, implicit $rsp; frame-setup CFI_INSTRUCTION def_cfa_offset 16; frame-setup PUSH64r killed $r15, implicit-def $rsp, implicit $rsp; frame-setup CFI_INSTRUCTION def_cfa_offset 24; frame-setup PUSH64r killed $r14, implicit-def $rsp, implicit $rsp; frame-setup CFI_INSTRUCTION def_cfa_offset 32; frame-setup PUSH64r killed $rbx, implicit-def $rsp, implicit $rsp; frame-setup CFI_INSTRUCTION def_cfa_offset 40; $rsp = frame-setup SUB64ri32 $rsp(tied-def 0), 216, implicit-def dead $eflags; frame-setup CFI_INSTRUCTION def_cfa_offset 256; CFI_INSTRUCTION offset $rbx, -40; CFI_INSTRUCTION offset $r14, -32; CFI_INSTRUCTION offset $r15, -24; CFI_INSTRUCTION offset $rbp, -16; MOV64mr $rsp, 1, $noreg, 48, $noreg, killed renamable $rdx :: (store (s64) into %stack.1 + 16, align 16); MOV64mr $rsp, 1, $noreg, 56, $noreg, killed renamable $rcx :: (store (s64) into %stack.1 + 24); MOV64mr $rsp, 1, $noreg, 64, $noreg, killed renamable $r8 :: (store (s64) into %stack.1 + 32, align 16); MOV64mr $rsp, 1, $noreg, 72, $noreg, killed renamable $r9 :: (store (s64) into %stack.1 + 40); VASTART_SAVE_XMM_REGS killed renamable $al, $rsp, 1, $noreg, 32, $noreg, 48, $xmm0, $xmm1, $xmm2, $xmm3, $xmm4, $xmm5, $xmm6, $xmm7, implicit-def dead $eflags :: (store (s1024) into %stack.1 + 48, align 16); renamable $rbx = MOV64rm renamable $rdi, 1, $noreg, 24, $noreg :: (load (s64) from %ir.4); renamable $r14d = MOV32ri -1, implicit-def $r14; TEST8mi renamable $rbx, 1, $noreg, 106, $noreg, 2, implicit-def $eflags :: (load (s8) from %ir.6, align 2); JCC_1 %bb.56, 5, implicit $eflags"
lua_gc,BB#1,9,"renamable $rax = LEA64r $rsp, 1, $noreg, 32, $noreg; MOV64mr $rsp, 1, $noreg, 16, $noreg, killed renamable $rax :: (store (s64) into %ir.3 + 16, align 16); renamable $rax = LEA64r $rsp, 1, $noreg, 256, $noreg; MOV64mr $rsp, 1, $noreg, 8, $noreg, killed renamable $rax :: (store (s64) into %ir.3 + 8); renamable $rax = MOV64ri 206158430224; MOV64mr $rsp, 1, $noreg, 0, $noreg, killed renamable $rax :: (store (s64) into %ir.3, align 16); renamable $r14d = MOV32ri -1, implicit-def $r14; CMP32ri renamable $esi, 11, implicit-def $eflags; JCC_1 %bb.56, 7, implicit $eflags"
lua_gc,BB#2,2,"renamable $eax = MOV32rr killed renamable $esi, implicit-def $rax; JMP64m $noreg, 8, killed renamable $rax, %jump-table.0, $noreg :: (load (s64) from jump-table)"
lua_gc,BB#3,3,"MOV8mi killed renamable $rbx, 1, $noreg, 106, $noreg, 1 :: (store (s8) into %ir.12, align 2); renamable $r14d = MOV32r0 implicit-def dead $eflags, implicit-def $r14; JMP_1 %bb.56"
lua_gc,BB#4,6,"renamable $r14d = MOV32r0 implicit-def dead $eflags, implicit-def $r14; $rdi = COPY renamable $rbx; dead $esi = MOV32r0 implicit-def dead $eflags, implicit-def $rsi; CALL64pcrel32 @luaE_setdebt, <regmask $bh $bl $bp $bph $bpl $bx $ebp $ebx $hbp $hbx $rbp $rbx $r12 $r13 $r14 $r15 $r12b $r13b $r14b $r15b $r12bh $r13bh $r14bh $r15bh $r12d $r13d $r14d $r15d $r12w $r13w $r14w $r15w $r12wh and 3 more...>, implicit $rsp, implicit $ssp, implicit $rdi, implicit $rsi, implicit-def $rsp, implicit-def $ssp; MOV8mi killed renamable $rbx, 1, $noreg, 106, $noreg, 0 :: (store (s8) into %ir.14, align 2); JMP_1 %bb.56"
lua_gc,BB#5,4,"renamable $r14d = MOV32r0 implicit-def dead $eflags, implicit-def $r14; $esi = MOV32r0 implicit-def dead $eflags; CALL64pcrel32 @luaC_fullgc, <regmask $bh $bl $bp $bph $bpl $bx $ebp $ebx $hbp $hbx $rbp $rbx $r12 $r13 $r14 $r15 $r12b $r13b $r14b $r15b $r12bh $r13bh $r14bh $r15bh $r12d $r13d $r14d $r15d $r12w $r13w $r14w $r15w $r12wh and 3 more...>, implicit $rsp, implicit $ssp, implicit $rdi, implicit $esi, implicit-def $rsp, implicit-def $ssp; JMP_1 %bb.56"
lua_gc,BB#6,4,"renamable $r14 = MOV64rm renamable $rbx, 1, $noreg, 24, $noreg :: (load (s64) from %ir.19); renamable $r14 = nsw ADD64rm killed renamable $r14(tied-def 0), killed renamable $rbx, 1, $noreg, 16, $noreg, implicit-def dead $eflags :: (load (s64) from %ir.17); renamable $r14 = SHR64ri killed renamable $r14(tied-def 0), 10, implicit-def dead $eflags; JMP_1 %bb.56"
lua_gc,BB#7,4,"renamable $r14d = MOV32rm renamable $rbx, 1, $noreg, 24, $noreg, implicit-def $r14 :: (load (s32) from %ir.27, align 8); renamable $r14d = ADD32rm renamable $r14d(tied-def 0), killed renamable $rbx, 1, $noreg, 16, $noreg, implicit-def dead $eflags, implicit killed $r14, implicit-def $r14 :: (load (s32) from %ir.25, align 8); renamable $r14d = AND32ri renamable $r14d(tied-def 0), 1023, implicit-def dead $eflags, implicit killed $r14, implicit-def $r14; JMP_1 %bb.56"
lua_gc,BB#8,3,"renamable $ecx = MOV32rm $rsp, 1, $noreg, 0, $noreg, implicit-def $rcx :: (dereferenceable load (s32) from %ir.3, align 16); CMP64ri32 renamable $rcx, 40, implicit-def $eflags; JCC_1 %bb.10, 7, implicit $eflags"
lua_gc,BB#9,5,"renamable $rax = COPY renamable $rcx; renamable $rax = ADD64rm killed renamable $rax(tied-def 0), $rsp, 1, $noreg, 16, $noreg, implicit-def dead $eflags :: (dereferenceable load (s64) from %ir.38, align 16); renamable $ecx = LEA64_32r killed renamable $rcx, 1, $noreg, 8, $noreg; MOV32mr $rsp, 1, $noreg, 0, $noreg, killed renamable $ecx :: (store (s32) into %ir.3, align 16); JMP_1 %bb.11"
lua_gc,BB#10,3,"renamable $rax = MOV64rm $rsp, 1, $noreg, 8, $noreg :: (dereferenceable load (s64) from %ir.43); renamable $rcx = LEA64r renamable $rax, 1, $noreg, 8, $noreg; MOV64mr $rsp, 1, $noreg, 8, $noreg, killed renamable $rcx :: (store (s64) into %ir.43)"
lua_gc,BB#11,5,"renamable $r14 = MOVSX64rm32 killed renamable $rax, 1, $noreg, 0, $noreg :: (load (s32) from %ir.47); renamable $bpl = MOV8rm renamable $rbx, 1, $noreg, 106, $noreg :: (load (s8) from %ir.50, align 2); MOV8mi renamable $rbx, 1, $noreg, 106, $noreg, 0 :: (store (s8) into %ir.50, align 2); TEST64rr renamable $r14, renamable $r14, implicit-def $eflags; JCC_1 %bb.14, 5, implicit $eflags"
lua_gc,BB#12,7,"renamable $r14 = COPY killed renamable $rdi; $rdi = COPY renamable $rbx; dead $esi = MOV32r0 implicit-def dead $eflags, implicit-def $rsi; CALL64pcrel32 @luaE_setdebt, <regmask $bh $bl $bp $bph $bpl $bx $ebp $ebx $hbp $hbx $rbp $rbx $r12 $r13 $r14 $r15 $r12b $r13b $r14b $r15b $r12bh $r13bh $r14bh $r15bh $r12d $r13d $r14d $r15d $r12w $r13w $r14w $r15w $r12wh and 3 more...>, implicit $rsp, implicit $ssp, implicit $rdi, implicit $rsi, implicit-def $rsp, implicit-def $ssp; $rdi = COPY killed renamable $r14; CALL64pcrel32 @luaC_step, <regmask $bh $bl $bp $bph $bpl $bx $ebp $ebx $hbp $hbx $rbp $rbx $r12 $r13 $r14 $r15 $r12b $r13b $r14b $r15b $r12bh $r13bh $r14bh $r15bh $r12d $r13d $r14d $r15d $r12w $r13w $r14w $r15w $r12wh and 3 more...>, implicit $rsp, implicit $ssp, implicit $rdi, implicit-def $rsp, implicit-def $ssp; MOV8mr renamable $rbx, 1, $noreg, 106, $noreg, killed renamable $bpl :: (store (s8) into %ir.54, align 2)"
lua_gc,BB#13,4,"renamable $r14d = MOV32r0 implicit-def dead $eflags, implicit-def $r14; CMP8mi killed renamable $rbx, 1, $noreg, 101, $noreg, 8, implicit-def $eflags :: (load (s8) from %ir.70); renamable $r14b = SETCCr 4, implicit $eflags, implicit killed $r14, implicit-def $r14; JMP_1 %bb.56"
lua_gc,BB#14,9,"renamable $r14 = nsw SHL64ri killed renamable $r14(tied-def 0), 10, implicit-def dead $eflags; renamable $r14 = nsw ADD64rm killed renamable $r14(tied-def 0), renamable $rbx, 1, $noreg, 24, $noreg, implicit-def dead $eflags :: (load (s64) from %ir.57); renamable $r15 = COPY killed renamable $rdi; $rdi = COPY renamable $rbx; $rsi = COPY renamable $r14; CALL64pcrel32 @luaE_setdebt, <regmask $bh $bl $bp $bph $bpl $bx $ebp $ebx $hbp $hbx $rbp $rbx $r12 $r13 $r14 $r15 $r12b $r13b $r14b $r15b $r12bh $r13bh $r14bh $r15bh $r12d $r13d $r14d $r15d $r12w $r13w $r14w $r15w $r12wh and 3 more...>, implicit $rsp, implicit $ssp, implicit $rdi, implicit $rsi, implicit-def $rsp, implicit-def $ssp; renamable $rax = MOV64rm $r15, 1, $noreg, 24, $noreg :: (load (s64) from %ir.60); CMP64mi32 killed renamable $rax, 1, $noreg, 24, $noreg, 0, implicit-def $eflags :: (load (s64) from %ir.62); JCC_1 %bb.16, 14, implicit $eflags"
lua_gc,BB#15,2,"renamable $rdi = COPY renamable $r15; CALL64pcrel32 @luaC_step, <regmask $bh $bl $bp $bph $bpl $bx $ebp $ebx $hbp $hbx $rbp $rbx $r12 $r13 $r14 $r15 $r12b $r13b $r14b $r15b $r12bh $r13bh $r14bh $r15bh $r12d $r13d $r14d $r15d $r12w $r13w $r14w $r15w $r12wh and 3 more...>, implicit $rsp, implicit $ssp, implicit $rdi, implicit-def $rsp, implicit-def $ssp"
lua_gc,BB#16,3,"MOV8mr renamable $rbx, 1, $noreg, 106, $noreg, killed renamable $bpl :: (store (s8) into %ir.67, align 2); TEST64rr killed renamable $r14, renamable $r14, implicit-def $eflags; JCC_1 %bb.13, 15, implicit $eflags"
lua_gc,BB#17,2,"renamable $r14d = MOV32r0 implicit-def dead $eflags, implicit-def $r14; JMP_1 %bb.56"
lua_gc,BB#18,3,"renamable $ecx = MOV32rm $rsp, 1, $noreg, 0, $noreg, implicit-def $rcx :: (dereferenceable load (s32) from %ir.3, align 16); CMP64ri32 renamable $rcx, 40, implicit-def $eflags; JCC_1 %bb.20, 7, implicit $eflags"
lua_gc,BB#19,5,"renamable $rax = COPY renamable $rcx; renamable $rax = ADD64rm killed renamable $rax(tied-def 0), $rsp, 1, $noreg, 16, $noreg, implicit-def dead $eflags :: (dereferenceable load (s64) from %ir.80, align 16); renamable $ecx = LEA64_32r killed renamable $rcx, 1, $noreg, 8, $noreg; MOV32mr $rsp, 1, $noreg, 0, $noreg, killed renamable $ecx :: (store (s32) into %ir.3, align 16); JMP_1 %bb.21"
lua_gc,BB#20,3,"renamable $rax = MOV64rm $rsp, 1, $noreg, 8, $noreg :: (dereferenceable load (s64) from %ir.85); renamable $rcx = LEA64r renamable $rax, 1, $noreg, 8, $noreg; MOV64mr $rsp, 1, $noreg, 8, $noreg, killed renamable $rcx :: (store (s64) into %ir.85)"
lua_gc,BB#21,9,"renamable $eax = MOV32rm killed renamable $rax, 1, $noreg, 0, $noreg, implicit-def $rax :: (load (s32) from %ir.89); renamable $r14d = MOVZX32rm8 renamable $rbx, 1, $noreg, 108, $noreg, implicit-def $r14 :: (load (s8) from %ir.91, align 4); renamable $r14d = nuw nsw SHL32ri renamable $r14d(tied-def 0), 2, implicit-def dead $eflags, implicit killed $r14, implicit-def $r14; renamable $ecx = LEA64_32r renamable $rax, 1, $noreg, 3, $noreg; TEST32rr renamable $eax, renamable $eax, implicit-def $eflags; renamable $ecx = CMOV32rr killed renamable $ecx(tied-def 0), renamable $eax, 9, implicit $eflags, implicit killed $rax; renamable $ecx = SHR32ri killed renamable $ecx(tied-def 0), 2, implicit-def dead $eflags; MOV8mr killed renamable $rbx, 1, $noreg, 108, $noreg, renamable $cl, implicit killed $ecx :: (store (s8) into %ir.91, align 4); JMP_1 %bb.56"
lua_gc,BB#22,3,"renamable $ecx = MOV32rm $rsp, 1, $noreg, 0, $noreg, implicit-def $rcx :: (dereferenceable load (s32) from %ir.3, align 16); CMP64ri32 renamable $rcx, 40, implicit-def $eflags; JCC_1 %bb.24, 7, implicit $eflags"
lua_gc,BB#23,5,"renamable $rax = COPY renamable $rcx; renamable $rax = ADD64rm killed renamable $rax(tied-def 0), $rsp, 1, $noreg, 16, $noreg, implicit-def dead $eflags :: (dereferenceable load (s64) from %ir.103, align 16); renamable $ecx = LEA64_32r killed renamable $rcx, 1, $noreg, 8, $noreg; MOV32mr $rsp, 1, $noreg, 0, $noreg, killed renamable $ecx :: (store (s32) into %ir.3, align 16); JMP_1 %bb.25"
lua_gc,BB#24,3,"renamable $rax = MOV64rm $rsp, 1, $noreg, 8, $noreg :: (dereferenceable load (s64) from %ir.108); renamable $rcx = LEA64r renamable $rax, 1, $noreg, 8, $noreg; MOV64mr $rsp, 1, $noreg, 8, $noreg, killed renamable $rcx :: (store (s64) into %ir.108)"
lua_gc,BB#25,9,"renamable $eax = MOV32rm killed renamable $rax, 1, $noreg, 0, $noreg, implicit-def $rax :: (load (s32) from %ir.112); renamable $r14d = MOVZX32rm8 renamable $rbx, 1, $noreg, 109, $noreg, implicit-def $r14 :: (load (s8) from %ir.114); renamable $r14d = nuw nsw SHL32ri renamable $r14d(tied-def 0), 2, implicit-def dead $eflags, implicit killed $r14, implicit-def $r14; renamable $ecx = LEA64_32r renamable $rax, 1, $noreg, 3, $noreg; TEST32rr renamable $eax, renamable $eax, implicit-def $eflags; renamable $ecx = CMOV32rr killed renamable $ecx(tied-def 0), renamable $eax, 9, implicit $eflags, implicit killed $rax; renamable $ecx = SHR32ri killed renamable $ecx(tied-def 0), 2, implicit-def dead $eflags; MOV8mr killed renamable $rbx, 1, $noreg, 109, $noreg, renamable $cl, implicit killed $ecx :: (store (s8) into %ir.114); JMP_1 %bb.56"
lua_gc,BB#26,4,"renamable $r14d = MOV32r0 implicit-def dead $eflags, implicit-def $r14; CMP8mi killed renamable $rbx, 1, $noreg, 106, $noreg, 0, implicit-def $eflags :: (load (s8) from %ir.121, align 2); renamable $r14b = SETCCr 4, implicit $eflags, implicit killed $r14, implicit-def $r14; JMP_1 %bb.56"
lua_gc,BB#27,3,"renamable $edx = MOV32rm $rsp, 1, $noreg, 0, $noreg, implicit-def $rdx :: (dereferenceable load (s32) from %ir.3, align 16); CMP64ri32 renamable $rdx, 41, implicit-def $eflags; JCC_1 %bb.30, 2, implicit $eflags"
lua_gc,BB#28,4,"renamable $rax = MOV64rm $rsp, 1, $noreg, 8, $noreg :: (dereferenceable load (s64) from %ir.131); renamable $rcx = LEA64r renamable $rax, 1, $noreg, 8, $noreg; MOV64mr $rsp, 1, $noreg, 8, $noreg, killed renamable $rcx :: (store (s64) into %ir.131); renamable $eax = MOV32rm killed renamable $rax, 1, $noreg, 0, $noreg :: (load (s32) from %ir.132)"
lua_gc,BB#29,4,"renamable $rcx = MOV64rm $rsp, 1, $noreg, 8, $noreg :: (dereferenceable load (s64) from %ir.152); renamable $rdx = LEA64r renamable $rcx, 1, $noreg, 8, $noreg; MOV64mr $rsp, 1, $noreg, 8, $noreg, killed renamable $rdx :: (store (s64) into %ir.152); JMP_1 %bb.32"
lua_gc,BB#30,7,"renamable $rax = MOV64rm $rsp, 1, $noreg, 16, $noreg :: (dereferenceable load (s64) from %ir.137, align 16); renamable $rcx = COPY renamable $rdx; renamable $rcx = nuw nsw ADD64ri32 killed renamable $rcx(tied-def 0), 8, implicit-def dead $eflags; MOV32mr $rsp, 1, $noreg, 0, $noreg, renamable $ecx :: (store (s32) into %ir.3, align 16); renamable $eax = MOV32rm killed renamable $rax, 1, renamable $rdx, 0, $noreg :: (load (s32) from %ir.139); CMP32ri renamable $edx, 32, implicit-def $eflags; JCC_1 %bb.29, 7, implicit $eflags"
lua_gc,BB#31,3,"renamable $rcx = ADD64rm killed renamable $rcx(tied-def 0), $rsp, 1, $noreg, 16, $noreg, implicit-def dead $eflags :: (dereferenceable load (s64) from %ir.146, align 16); renamable $edx = LEA64_32r killed renamable $rdx, 1, $noreg, 16, $noreg; MOV32mr $rsp, 1, $noreg, 0, $noreg, killed renamable $edx :: (store (s32) into %ir.3, align 16)"
lua_gc,BB#32,3,"renamable $r14d = MOV32ri 10, implicit-def $r14; CMP8mi renamable $rbx, 1, $noreg, 102, $noreg, 1, implicit-def $eflags :: (load (s8) from %ir.159, align 2); JCC_1 %bb.34, 4, implicit $eflags"
lua_gc,BB#33,3,"renamable $r14d = MOV32r0 implicit-def dead $eflags, implicit-def $r14; CMP64mi32 renamable $rbx, 1, $noreg, 40, $noreg, 1, implicit-def $eflags :: (load (s64) from %ir.163); renamable $r14d = ADC32ri renamable $r14d(tied-def 0), 10, implicit-def dead $eflags, implicit $eflags, implicit killed $r14, implicit-def $r14"
lua_gc,BB#34,3,"renamable $ecx = MOV32rm killed renamable $rcx, 1, $noreg, 0, $noreg, implicit-def $rcx :: (load (s32) from %ir.157); TEST32rr renamable $eax, renamable $eax, implicit-def $eflags; JCC_1 %bb.36, 4, implicit $eflags"
lua_gc,BB#35,1,"MOV8mr renamable $rbx, 1, $noreg, 104, $noreg, renamable $al, implicit killed $eax :: (store (s8) into %ir.172, align 8)"
lua_gc,BB#36,2,"TEST32rr renamable $ecx, renamable $ecx, implicit-def $eflags; JCC_1 %bb.38, 4, implicit $eflags"
lua_gc,BB#37,5,"renamable $eax = LEA64_32r renamable $rcx, 1, $noreg, 3, $noreg; TEST32rr renamable $ecx, renamable $ecx, implicit-def $eflags; renamable $eax = CMOV32rr killed renamable $eax(tied-def 0), renamable $ecx, 9, implicit $eflags, implicit killed $rcx; renamable $eax = SHR32ri killed renamable $eax(tied-def 0), 2, implicit-def dead $eflags; MOV8mr killed renamable $rbx, 1, $noreg, 105, $noreg, renamable $al, implicit killed $eax :: (store (s8) into %ir.178)"
lua_gc,BB#38,2,$esi = MOV32ri 1; JMP_1 %bb.55
lua_gc,BB#39,3,"renamable $esi = MOV32rm $rsp, 1, $noreg, 0, $noreg, implicit-def $rsi :: (dereferenceable load (s32) from %ir.3, align 16); CMP64ri32 renamable $rsi, 41, implicit-def $eflags; JCC_1 %bb.41, 2, implicit $eflags"
lua_gc,BB#40,5,"renamable $rax = MOV64rm $rsp, 1, $noreg, 8, $noreg :: (dereferenceable load (s64) from %ir.187); renamable $rcx = LEA64r renamable $rax, 1, $noreg, 8, $noreg; MOV64mr $rsp, 1, $noreg, 8, $noreg, killed renamable $rcx :: (store (s64) into %ir.187); renamable $eax = MOV32rm killed renamable $rax, 1, $noreg, 0, $noreg, implicit-def $rax :: (load (s32) from %ir.188); JMP_1 %bb.42"
lua_gc,BB#41,6,"renamable $rax = MOV64rm $rsp, 1, $noreg, 16, $noreg :: (dereferenceable load (s64) from %ir.193, align 16); renamable $ecx = LEA64_32r renamable $rsi, 1, $noreg, 8, $noreg; MOV32mr $rsp, 1, $noreg, 0, $noreg, killed renamable $ecx :: (store (s32) into %ir.3, align 16); renamable $eax = MOV32rm killed renamable $rax, 1, renamable $rsi, 0, $noreg, implicit-def $rax :: (load (s32) from %ir.195); CMP32ri renamable $esi, 33, implicit-def $eflags; JCC_1 %bb.44, 2, implicit $eflags"
lua_gc,BB#42,4,"renamable $rcx = MOV64rm $rsp, 1, $noreg, 8, $noreg :: (dereferenceable load (s64) from %ir.202); renamable $rdx = LEA64r renamable $rcx, 1, $noreg, 8, $noreg; MOV64mr $rsp, 1, $noreg, 8, $noreg, killed renamable $rdx :: (store (s64) into %ir.202); renamable $ecx = MOV32rm killed renamable $rcx, 1, $noreg, 0, $noreg, implicit-def $rcx :: (load (s32) from %ir.203)"
lua_gc,BB#43,4,"renamable $rdx = MOV64rm $rsp, 1, $noreg, 8, $noreg :: (dereferenceable load (s64) from %ir.225); renamable $rsi = LEA64r renamable $rdx, 1, $noreg, 8, $noreg; MOV64mr $rsp, 1, $noreg, 8, $noreg, killed renamable $rsi :: (store (s64) into %ir.225); JMP_1 %bb.46"
lua_gc,BB#44,7,"renamable $rcx = MOV64rm $rsp, 1, $noreg, 16, $noreg :: (dereferenceable load (s64) from %ir.208, align 16); renamable $rdx = COPY renamable $rsi; renamable $rdx = nuw nsw ADD64ri32 killed renamable $rdx(tied-def 0), 16, implicit-def dead $eflags; MOV32mr $rsp, 1, $noreg, 0, $noreg, renamable $edx :: (store (s32) into %ir.3, align 16); renamable $ecx = MOV32rm killed renamable $rcx, 1, renamable $rsi, 8, $noreg, implicit-def $rcx :: (load (s32) from %ir.213); CMP32ri renamable $esi, 24, implicit-def $eflags; JCC_1 %bb.43, 7, implicit $eflags"
lua_gc,BB#45,3,"renamable $rdx = ADD64rm killed renamable $rdx(tied-def 0), $rsp, 1, $noreg, 16, $noreg, implicit-def dead $eflags :: (dereferenceable load (s64) from %ir.218, align 16); renamable $esi = LEA64_32r killed renamable $rsi, 1, $noreg, 24, $noreg; MOV32mr $rsp, 1, $noreg, 0, $noreg, killed renamable $esi :: (store (s32) into %ir.3, align 16)"
lua_gc,BB#46,3,"renamable $r14d = MOV32ri 10, implicit-def $r14; CMP8mi renamable $rbx, 1, $noreg, 102, $noreg, 1, implicit-def $eflags :: (load (s8) from %ir.233, align 2); JCC_1 %bb.48, 4, implicit $eflags"
lua_gc,BB#47,3,"renamable $r14d = MOV32r0 implicit-def dead $eflags, implicit-def $r14; CMP64mi32 renamable $rbx, 1, $noreg, 40, $noreg, 1, implicit-def $eflags :: (load (s64) from %ir.237); renamable $r14d = ADC32ri renamable $r14d(tied-def 0), 10, implicit-def dead $eflags, implicit $eflags, implicit killed $r14, implicit-def $r14"
lua_gc,BB#48,3,"renamable $edx = MOV32rm killed renamable $rdx, 1, $noreg, 0, $noreg :: (load (s32) from %ir.231); TEST32rr renamable $eax, renamable $eax, implicit-def $eflags; JCC_1 %bb.50, 4, implicit $eflags"
lua_gc,BB#49,5,"renamable $esi = LEA64_32r renamable $rax, 1, $noreg, 3, $noreg; TEST32rr renamable $eax, renamable $eax, implicit-def $eflags; renamable $esi = CMOV32rr killed renamable $esi(tied-def 0), renamable $eax, 9, implicit $eflags, implicit killed $rax; renamable $esi = SHR32ri killed renamable $esi(tied-def 0), 2, implicit-def dead $eflags; MOV8mr renamable $rbx, 1, $noreg, 108, $noreg, renamable $sil, implicit killed $esi :: (store (s8) into %ir.247, align 4)"
lua_gc,BB#50,2,"TEST32rr renamable $ecx, renamable $ecx, implicit-def $eflags; JCC_1 %bb.52, 4, implicit $eflags"
lua_gc,BB#51,5,"renamable $eax = LEA64_32r renamable $rcx, 1, $noreg, 3, $noreg; TEST32rr renamable $ecx, renamable $ecx, implicit-def $eflags; renamable $eax = CMOV32rr killed renamable $eax(tied-def 0), renamable $ecx, 9, implicit $eflags, implicit killed $rcx; renamable $eax = SHR32ri killed renamable $eax(tied-def 0), 2, implicit-def dead $eflags; MOV8mr renamable $rbx, 1, $noreg, 109, $noreg, renamable $al, implicit killed $eax :: (store (s8) into %ir.253)"
lua_gc,BB#52,2,"TEST32rr renamable $edx, renamable $edx, implicit-def $eflags; JCC_1 %bb.54, 4, implicit $eflags"
lua_gc,BB#53,1,"MOV8mr killed renamable $rbx, 1, $noreg, 110, $noreg, renamable $dl, implicit killed $edx :: (store (s8) into %ir.258, align 2)"
lua_gc,BB#54,1,$esi = MOV32r0 implicit-def dead $eflags
lua_gc,BB#55,1,"CALL64pcrel32 @luaC_changemode, <regmask $bh $bl $bp $bph $bpl $bx $ebp $ebx $hbp $hbx $rbp $rbx $r12 $r13 $r14 $r15 $r12b $r13b $r14b $r15b $r12bh $r13bh $r14bh $r15bh $r12d $r13d $r14d $r15d $r12w $r13w $r14w $r15w $r12wh and 3 more...>, implicit $rsp, implicit $ssp, implicit $rdi, implicit $esi, implicit-def $rsp, implicit-def $ssp"
lua_gc,BB#56,12,"$eax = COPY renamable $r14d, implicit killed $r14; $rsp = frame-destroy ADD64ri32 $rsp(tied-def 0), 216, implicit-def dead $eflags; frame-destroy CFI_INSTRUCTION def_cfa_offset 40; $rbx = frame-destroy POP64r implicit-def $rsp, implicit $rsp; frame-destroy CFI_INSTRUCTION def_cfa_offset 32; $r14 = frame-destroy POP64r implicit-def $rsp, implicit $rsp; frame-destroy CFI_INSTRUCTION def_cfa_offset 24; $r15 = frame-destroy POP64r implicit-def $rsp, implicit $rsp; frame-destroy CFI_INSTRUCTION def_cfa_offset 16; $rbp = frame-destroy POP64r implicit-def $rsp, implicit $rsp; frame-destroy CFI_INSTRUCTION def_cfa_offset 8; RET 0, $eax"
lua_error,BB#0,5,"frame-setup PUSH64r undef $rax, implicit-def $rsp, implicit $rsp; frame-setup CFI_INSTRUCTION def_cfa_offset 16; renamable $rax = MOV64rm renamable $rdi, 1, $noreg, 16, $noreg :: (load (s64) from %ir.2, !tbaa !12); CMP8mi renamable $rax, 1, $noreg, -8, $noreg, 68, implicit-def $eflags :: (load (s8) from %ir.4, align 8, !tbaa !13); JCC_1 %bb.3, 5, implicit $eflags"
lua_error,BB#1,4,"renamable $rax = MOV64rm killed renamable $rax, 1, $noreg, -16, $noreg :: (load (s64) from %ir.8, !tbaa !12); renamable $rcx = MOV64rm renamable $rdi, 1, $noreg, 24, $noreg :: (load (s64) from %ir.10, !tbaa !17); CMP64rm killed renamable $rax, killed renamable $rcx, 1, $noreg, 272, $noreg, implicit-def $eflags :: (load (s64) from %ir.12, !tbaa !67); JCC_1 %bb.3, 5, implicit $eflags"
lua_error,BB#2,2,"$esi = MOV32ri 4; CALL64pcrel32 @luaD_throw, <regmask $bh $bl $bp $bph $bpl $bx $ebp $ebx $hbp $hbx $rbp $rbx $r12 $r13 $r14 $r15 $r12b $r13b $r14b $r15b $r12bh $r13bh $r14bh $r15bh $r12d $r13d $r14d $r15d $r12w $r13w $r14w $r15w $r12wh and 3 more...>, implicit $rsp, implicit $ssp, implicit $rdi, implicit killed $esi, implicit-def $rsp, implicit-def $ssp"
lua_error,BB#3,1,"CALL64pcrel32 @luaG_errormsg, <regmask $bh $bl $bp $bph $bpl $bx $ebp $ebx $hbp $hbx $rbp $rbx $r12 $r13 $r14 $r15 $r12b $r13b $r14b $r15b $r12bh $r13bh $r14bh $r15bh $r12d $r13d $r14d $r15d $r12w $r13w $r14w $r15w $r12wh and 3 more...>, implicit $rsp, implicit $ssp, implicit $rdi, implicit-def $rsp, implicit-def $ssp"
lua_next,BB#0,7,"frame-setup PUSH64r killed $rbx, implicit-def $rsp, implicit $rsp; frame-setup CFI_INSTRUCTION def_cfa_offset 16; CFI_INSTRUCTION offset $rbx, -16; renamable $rbx = COPY $rdi; renamable $rcx = MOV64rm $rdi, 1, $noreg, 32, $noreg :: (load (s64) from %ir.3, !tbaa !3); TEST32rr renamable $esi, renamable $esi, implicit-def $eflags; JCC_1 %bb.3, 14, implicit killed $eflags"
lua_next,BB#1,5,"renamable $eax = MOV32rr killed renamable $esi, implicit-def $rax; renamable $rax = SHL64ri killed renamable $rax(tied-def 0), 4, implicit-def dead $eflags; renamable $rax = ADD64rm killed renamable $rax(tied-def 0), killed renamable $rcx, 1, $noreg, 0, $noreg, implicit-def dead $eflags :: (load (s64) from %ir.4, !tbaa !12); CMP64rm renamable $rax, renamable $rbx, 1, $noreg, 16, $noreg, implicit-def $eflags :: (load (s64) from %ir.10, !tbaa !12); JCC_1 %bb.10, 2, implicit $eflags"
lua_next,BB#2,3,"renamable $rax = MOV64rm renamable $rbx, 1, $noreg, 24, $noreg :: (load (s64) from %ir.51, !tbaa !17), (load (s64) from %ir.47, !tbaa !17), (load (s64) from %ir.14, !tbaa !17); renamable $rax = nuw ADD64ri32 killed renamable $rax(tied-def 0), 80, implicit-def dead $eflags; JMP_1 %bb.10"
lua_next,BB#3,2,"CMP32ri renamable $esi, -1000999, implicit-def $eflags; JCC_1 %bb.5, 12, implicit killed $eflags"
lua_next,BB#4,4,"renamable $rax = MOVSX64rr32 killed renamable $esi; renamable $rax = SHL64ri killed renamable $rax(tied-def 0), 4, implicit-def dead $eflags; renamable $rax = ADD64rm killed renamable $rax(tied-def 0), renamable $rbx, 1, $noreg, 16, $noreg, implicit-def dead $eflags :: (load (s64) from %ir.20, !tbaa !12); JMP_1 %bb.10"
lua_next,BB#5,2,"CMP32ri renamable $esi, -1001000, implicit-def $eflags; JCC_1 %bb.7, 5, implicit killed $eflags"
lua_next,BB#6,3,"renamable $rax = MOV64rm renamable $rbx, 1, $noreg, 24, $noreg :: (load (s64) from %ir.27, !tbaa !17); renamable $rax = nuw ADD64ri32 killed renamable $rax(tied-def 0), 64, implicit-def dead $eflags; JMP_1 %bb.10"
lua_next,BB#7,3,"renamable $rax = MOV64rm killed renamable $rcx, 1, $noreg, 0, $noreg :: (load (s64) from %ir.4, !tbaa !12); CMP8mi renamable $rax, 1, $noreg, 8, $noreg, 102, implicit-def $eflags :: (load (s8) from %ir.32, align 8, !tbaa !12); JCC_1 %bb.2, 5, implicit $eflags"
lua_next,BB#8,6,"renamable $ecx = MOV32ri -1001000; renamable $ecx = nuw nsw SUB32rr killed renamable $ecx(tied-def 0), renamable $esi, implicit-def dead $eflags; renamable $rax = MOV64rm killed renamable $rax, 1, $noreg, 0, $noreg :: (load (s64) from %ir.31, !tbaa !12); renamable $edx = MOVZX32rm8 renamable $rax, 1, $noreg, 10, $noreg :: (load (s8) from %ir.38, align 2, !tbaa !29); CMP32rr killed renamable $ecx, killed renamable $edx, implicit-def $eflags; JCC_1 %bb.2, 7, implicit $eflags"
lua_next,BB#9,4,"renamable $ecx = MOV32ri -1001001, implicit-def $rcx; renamable $ecx = nuw nsw SUB32rr renamable $ecx(tied-def 0), killed renamable $esi, implicit-def dead $eflags, implicit killed $rcx, implicit-def $rcx; renamable $rcx = SHL64ri killed renamable $rcx(tied-def 0), 4, implicit-def dead $eflags; renamable $rax = LEA64r killed renamable $rax, 1, killed renamable $rcx, 32, $noreg"
lua_next,BB#10,15,"renamable $rsi = MOV64rm killed renamable $rax, 1, $noreg, 0, $noreg :: (load (s64) from %ir.55, !tbaa !12); renamable $rdx = MOV64rm renamable $rbx, 1, $noreg, 16, $noreg :: (load (s64) from %ir.57, !tbaa !12); renamable $rdx = ADD64ri32 killed renamable $rdx(tied-def 0), -16, implicit-def dead $eflags; $rdi = COPY renamable $rbx; CALL64pcrel32 @luaH_next, <regmask $bh $bl $bp $bph $bpl $bx $ebp $ebx $hbp $hbx $rbp $rbx $r12 $r13 $r14 $r15 $r12b $r13b $r14b $r15b $r12bh $r13bh $r14bh $r15bh $r12d $r13d $r14d $r15d $r12w $r13w $r14w $r15w $r12wh and 3 more...>, implicit $rsp, implicit $ssp, implicit $rdi, implicit $rsi, implicit $rdx, implicit-def $rsp, implicit-def $ssp, implicit-def $eax; renamable $ecx = MOV32r0 implicit-def dead $eflags, implicit-def $rcx; TEST32rr renamable $eax, renamable $eax, implicit-def $eflags; renamable $cl = SETCCr 5, implicit killed $eflags, implicit killed $rcx, implicit-def $rcx; renamable $rdx = MOV64rm renamable $rbx, 1, $noreg, 16, $noreg :: (load (s64) from %ir.57, !tbaa !12); renamable $rcx = SHL64ri killed renamable $rcx(tied-def 0), 5, implicit-def dead $eflags; renamable $rcx = LEA64r killed renamable $rcx, 1, killed renamable $rdx, -16, $noreg; MOV64mr killed renamable $rbx, 1, $noreg, 16, $noreg, killed renamable $rcx :: (store (s64) into %ir.57, !tbaa !12); $rbx = frame-destroy POP64r implicit-def $rsp, implicit $rsp; frame-destroy CFI_INSTRUCTION def_cfa_offset 8; RET 0, $eax"
lua_toclose,BB#0,11,"frame-setup PUSH64r killed $rbp, implicit-def $rsp, implicit $rsp; frame-setup CFI_INSTRUCTION def_cfa_offset 16; frame-setup PUSH64r killed $rbx, implicit-def $rsp, implicit $rsp; frame-setup CFI_INSTRUCTION def_cfa_offset 24; frame-setup PUSH64r undef $rax, implicit-def $rsp, implicit $rsp; frame-setup CFI_INSTRUCTION def_cfa_offset 32; CFI_INSTRUCTION offset $rbx, -24; CFI_INSTRUCTION offset $rbp, -16; renamable $rbx = COPY $rdi; TEST32rr renamable $esi, renamable $esi, implicit-def $eflags; JCC_1 %bb.2, 14, implicit killed $eflags"
lua_toclose,BB#1,5,"renamable $rax = MOV64rm renamable $rbx, 1, $noreg, 32, $noreg :: (load (s64) from %ir.5, !tbaa !3); renamable $esi = MOV32rr killed renamable $esi, implicit-def $rsi; renamable $rsi = SHL64ri killed renamable $rsi(tied-def 0), 4, implicit-def dead $eflags; renamable $rsi = ADD64rm killed renamable $rsi(tied-def 0), renamable $rax, 1, $noreg, 0, $noreg, implicit-def dead $eflags :: (load (s64) from %ir.6, !tbaa !12); JMP_1 %bb.3"
lua_toclose,BB#2,4,"renamable $rsi = MOVSX64rr32 killed renamable $esi; renamable $rsi = SHL64ri killed renamable $rsi(tied-def 0), 4, implicit-def dead $eflags; renamable $rsi = ADD64rm killed renamable $rsi(tied-def 0), renamable $rbx, 1, $noreg, 16, $noreg, implicit-def dead $eflags :: (load (s64) from %ir.11, !tbaa !12); renamable $rax = MOV64rm renamable $rbx, 1, $noreg, 32, $noreg :: (load (s64) from %ir.15, !tbaa !3)"
lua_toclose,BB#3,5,"renamable $bp = MOV16rm killed renamable $rax, 1, $noreg, 60, $noreg, implicit-def $ebp :: (load (s16) from %ir.20, align 4, !tbaa !68); $rdi = COPY renamable $rbx; CALL64pcrel32 @luaF_newtbcupval, <regmask $bh $bl $bp $bph $bpl $bx $ebp $ebx $hbp $hbx $rbp $rbx $r12 $r13 $r14 $r15 $r12b $r13b $r14b $r15b $r12bh $r13bh $r14bh $r15bh $r12d $r13d $r14d $r15d $r12w $r13w $r14w $r15w $r12wh and 3 more...>, implicit $rsp, implicit $ssp, implicit $rdi, implicit $rsi, implicit-def $rsp, implicit-def $ssp; CMP16ri renamable $bp, -1, implicit-def $eflags; JCC_1 %bb.5, 12, implicit $eflags"
lua_toclose,BB#4,4,"renamable $eax = MOV32ri -3; renamable $eax = SUB32rr killed renamable $eax(tied-def 0), killed renamable $ebp, implicit-def dead $eflags; renamable $rcx = MOV64rm killed renamable $rbx, 1, $noreg, 32, $noreg :: (load (s64) from %ir.24, !tbaa !3); MOV16mr killed renamable $rcx, 1, $noreg, 60, $noreg, renamable $ax, implicit killed $eax :: (store (s16) into %ir.27, align 4, !tbaa !68)"
lua_toclose,BB#5,7,"$rsp = frame-destroy ADD64ri32 $rsp(tied-def 0), 8, implicit-def dead $eflags; frame-destroy CFI_INSTRUCTION def_cfa_offset 24; $rbx = frame-destroy POP64r implicit-def $rsp, implicit $rsp; frame-destroy CFI_INSTRUCTION def_cfa_offset 16; $rbp = frame-destroy POP64r implicit-def $rsp, implicit $rsp; frame-destroy CFI_INSTRUCTION def_cfa_offset 8; RET 0"
lua_concat,BB#0,11,"frame-setup PUSH64r killed $r14, implicit-def $rsp, implicit $rsp; frame-setup CFI_INSTRUCTION def_cfa_offset 16; frame-setup PUSH64r killed $rbx, implicit-def $rsp, implicit $rsp; frame-setup CFI_INSTRUCTION def_cfa_offset 24; frame-setup PUSH64r undef $rax, implicit-def $rsp, implicit $rsp; frame-setup CFI_INSTRUCTION def_cfa_offset 32; CFI_INSTRUCTION offset $rbx, -24; CFI_INSTRUCTION offset $r14, -16; renamable $rbx = COPY $rdi; TEST32rr renamable $esi, renamable $esi, implicit-def $eflags; JCC_1 %bb.2, 14, implicit killed $eflags"
lua_concat,BB#1,3,"$rdi = COPY renamable $rbx; CALL64pcrel32 @luaV_concat, <regmask $bh $bl $bp $bph $bpl $bx $ebp $ebx $hbp $hbx $rbp $rbx $r12 $r13 $r14 $r15 $r12b $r13b $r14b $r15b $r12bh $r13bh $r14bh $r15bh $r12d $r13d $r14d $r15d $r12w $r13w $r14w $r15w $r12wh and 3 more...>, implicit $rsp, implicit $ssp, implicit $rdi, implicit $esi, implicit-def $rsp, implicit-def $ssp; JMP_1 %bb.3"
lua_concat,BB#2,10,"renamable $r14 = MOV64rm renamable $rbx, 1, $noreg, 16, $noreg :: (load (s64) from %ir.6, !tbaa !12); $rsi = MOV32ri64 @.str; $rdi = COPY renamable $rbx; dead $edx = MOV32r0 implicit-def dead $eflags, implicit-def $rdx; CALL64pcrel32 @luaS_newlstr, <regmask $bh $bl $bp $bph $bpl $bx $ebp $ebx $hbp $hbx $rbp $rbx $r12 $r13 $r14 $r15 $r12b $r13b $r14b $r15b $r12bh $r13bh $r14bh $r15bh $r12d $r13d $r14d $r15d $r12w $r13w $r14w $r15w $r12wh and 3 more...>, implicit $rsp, implicit $ssp, implicit $rdi, implicit $rsi, implicit killed $rdx, implicit-def $rsp, implicit-def $ssp, implicit-def $rax; MOV64mr renamable $r14, 1, $noreg, 0, $noreg, renamable $rax :: (store (s64) into %ir.7, !tbaa !12); renamable $al = MOV8rm killed renamable $rax, 1, $noreg, 8, $noreg :: (load (s8) from %ir.9, align 8, !tbaa !37); renamable $al = OR8ri killed renamable $al(tied-def 0), 64, implicit-def dead $eflags; MOV8mr killed renamable $r14, 1, $noreg, 8, $noreg, killed renamable $al :: (store (s8) into %ir.12, align 8, !tbaa !13); ADD64mi32 renamable $rbx, 1, $noreg, 16, $noreg, 16, implicit-def dead $eflags :: (store (s64) into %ir.6, !tbaa !12), (load (s64) from %ir.6, !tbaa !12)"
lua_concat,BB#3,3,"renamable $rax = MOV64rm renamable $rbx, 1, $noreg, 24, $noreg :: (load (s64) from %ir.16, !tbaa !17); CMP64mi32 killed renamable $rax, 1, $noreg, 24, $noreg, 0, implicit-def $eflags :: (load (s64) from %ir.18, !tbaa !36); JCC_1 %bb.5, 15, implicit $eflags"
lua_concat,BB#4,7,"$rsp = frame-destroy ADD64ri32 $rsp(tied-def 0), 8, implicit-def dead $eflags; frame-destroy CFI_INSTRUCTION def_cfa_offset 24; $rbx = frame-destroy POP64r implicit-def $rsp, implicit $rsp; frame-destroy CFI_INSTRUCTION def_cfa_offset 16; $r14 = frame-destroy POP64r implicit-def $rsp, implicit $rsp; frame-destroy CFI_INSTRUCTION def_cfa_offset 8; RET 0"
lua_concat,BB#5,8,"$rdi = COPY killed renamable $rbx; $rsp = frame-destroy ADD64ri32 $rsp(tied-def 0), 8, implicit-def dead $eflags; frame-destroy CFI_INSTRUCTION def_cfa_offset 24; $rbx = frame-destroy POP64r implicit-def $rsp, implicit $rsp; frame-destroy CFI_INSTRUCTION def_cfa_offset 16; $r14 = frame-destroy POP64r implicit-def $rsp, implicit $rsp; frame-destroy CFI_INSTRUCTION def_cfa_offset 8; TCRETURNdi64 @luaC_step, 0, <regmask $bh $bl $bp $bph $bpl $bx $ebp $ebx $hbp $hbx $rbp $rbx $r12 $r13 $r14 $r15 $r12b $r13b $r14b $r15b $r12bh $r13bh $r14bh $r15bh $r12d $r13d $r14d $r15d $r12w $r13w $r14w $r15w $r12wh and 3 more...>, implicit $rsp, implicit $ssp, implicit $rdi"
lua_len,BB#0,7,"frame-setup PUSH64r killed $rbx, implicit-def $rsp, implicit $rsp; frame-setup CFI_INSTRUCTION def_cfa_offset 16; CFI_INSTRUCTION offset $rbx, -16; renamable $rbx = COPY $rdi; renamable $rax = MOV64rm $rdi, 1, $noreg, 32, $noreg :: (load (s64) from %ir.3, !tbaa !3); TEST32rr renamable $esi, renamable $esi, implicit-def $eflags; JCC_1 %bb.3, 14, implicit killed $eflags"
lua_len,BB#1,5,"renamable $edx = MOV32rr killed renamable $esi, implicit-def $rdx; renamable $rdx = SHL64ri killed renamable $rdx(tied-def 0), 4, implicit-def dead $eflags; renamable $rdx = ADD64rm killed renamable $rdx(tied-def 0), killed renamable $rax, 1, $noreg, 0, $noreg, implicit-def dead $eflags :: (load (s64) from %ir.4, !tbaa !12); CMP64rm renamable $rdx, renamable $rbx, 1, $noreg, 16, $noreg, implicit-def $eflags :: (load (s64) from %ir.10, !tbaa !12); JCC_1 %bb.10, 2, implicit $eflags"
lua_len,BB#2,3,"renamable $rdx = MOV64rm renamable $rbx, 1, $noreg, 24, $noreg :: (load (s64) from %ir.51, !tbaa !17), (load (s64) from %ir.47, !tbaa !17), (load (s64) from %ir.14, !tbaa !17); renamable $rdx = nuw ADD64ri32 killed renamable $rdx(tied-def 0), 80, implicit-def dead $eflags; JMP_1 %bb.10"
lua_len,BB#3,2,"CMP32ri renamable $esi, -1000999, implicit-def $eflags; JCC_1 %bb.5, 12, implicit killed $eflags"
lua_len,BB#4,4,"renamable $rdx = MOVSX64rr32 killed renamable $esi; renamable $rdx = SHL64ri killed renamable $rdx(tied-def 0), 4, implicit-def dead $eflags; renamable $rdx = ADD64rm killed renamable $rdx(tied-def 0), renamable $rbx, 1, $noreg, 16, $noreg, implicit-def dead $eflags :: (load (s64) from %ir.20, !tbaa !12); JMP_1 %bb.10"
lua_len,BB#5,2,"CMP32ri renamable $esi, -1001000, implicit-def $eflags; JCC_1 %bb.7, 5, implicit killed $eflags"
lua_len,BB#6,3,"renamable $rdx = MOV64rm renamable $rbx, 1, $noreg, 24, $noreg :: (load (s64) from %ir.27, !tbaa !17); renamable $rdx = nuw ADD64ri32 killed renamable $rdx(tied-def 0), 64, implicit-def dead $eflags; JMP_1 %bb.10"
lua_len,BB#7,3,"renamable $rax = MOV64rm killed renamable $rax, 1, $noreg, 0, $noreg :: (load (s64) from %ir.4, !tbaa !12); CMP8mi renamable $rax, 1, $noreg, 8, $noreg, 102, implicit-def $eflags :: (load (s8) from %ir.32, align 8, !tbaa !12); JCC_1 %bb.2, 5, implicit $eflags"
lua_len,BB#8,6,"renamable $ecx = MOV32ri -1001000; renamable $ecx = nuw nsw SUB32rr killed renamable $ecx(tied-def 0), renamable $esi, implicit-def dead $eflags; renamable $rax = MOV64rm killed renamable $rax, 1, $noreg, 0, $noreg :: (load (s64) from %ir.31, !tbaa !12); renamable $edx = MOVZX32rm8 renamable $rax, 1, $noreg, 10, $noreg :: (load (s8) from %ir.38, align 2, !tbaa !29); CMP32rr killed renamable $ecx, killed renamable $edx, implicit-def $eflags; JCC_1 %bb.2, 7, implicit $eflags"
lua_len,BB#9,4,"renamable $ecx = MOV32ri -1001001, implicit-def $rcx; renamable $ecx = nuw nsw SUB32rr renamable $ecx(tied-def 0), killed renamable $esi, implicit-def dead $eflags, implicit killed $rcx, implicit-def $rcx; renamable $rcx = SHL64ri killed renamable $rcx(tied-def 0), 4, implicit-def dead $eflags; renamable $rdx = LEA64r killed renamable $rax, 1, killed renamable $rcx, 32, $noreg"
lua_len,BB#10,7,"renamable $rsi = MOV64rm renamable $rbx, 1, $noreg, 16, $noreg :: (load (s64) from %ir.56, !tbaa !12); $rdi = COPY renamable $rbx; CALL64pcrel32 @luaV_objlen, <regmask $bh $bl $bp $bph $bpl $bx $ebp $ebx $hbp $hbx $rbp $rbx $r12 $r13 $r14 $r15 $r12b $r13b $r14b $r15b $r12bh $r13bh $r14bh $r15bh $r12d $r13d $r14d $r15d $r12w $r13w $r14w $r15w $r12wh and 3 more...>, implicit $rsp, implicit $ssp, implicit $rdi, implicit $rsi, implicit $rdx, implicit-def $rsp, implicit-def $ssp; ADD64mi32 killed renamable $rbx, 1, $noreg, 16, $noreg, 16, implicit-def dead $eflags :: (store (s64) into %ir.56, !tbaa !12), (load (s64) from %ir.56, !tbaa !12); $rbx = frame-destroy POP64r implicit-def $rsp, implicit $rsp; frame-destroy CFI_INSTRUCTION def_cfa_offset 8; RET 0"
lua_getallocf,BB#0,2,"TEST64rr renamable $rsi, renamable $rsi, implicit-def $eflags; JCC_1 %bb.2, 4, implicit $eflags"
lua_getallocf,BB#1,3,"renamable $rax = MOV64rm renamable $rdi, 1, $noreg, 24, $noreg :: (load (s64) from %ir.5, !tbaa !17); renamable $rax = MOV64rm killed renamable $rax, 1, $noreg, 8, $noreg :: (load (s64) from %ir.7, !tbaa !69); MOV64mr killed renamable $rsi, 1, $noreg, 0, $noreg, killed renamable $rax :: (store (s64) into %ir.1, !tbaa !23)"
lua_getallocf,BB#2,3,"renamable $rax = MOV64rm killed renamable $rdi, 1, $noreg, 24, $noreg :: (load (s64) from %ir.10, !tbaa !17); renamable $rax = MOV64rm killed renamable $rax, 1, $noreg, 0, $noreg :: (load (s64) from %ir.11, !tbaa !70); RET 0, $rax"
lua_setallocf,BB#0,4,"renamable $rax = MOV64rm killed renamable $rdi, 1, $noreg, 24, $noreg :: (load (s64) from %ir.4, !tbaa !17); MOV64mr renamable $rax, 1, $noreg, 8, $noreg, killed renamable $rdx :: (store (s64) into %ir.6, !tbaa !69); MOV64mr killed renamable $rax, 1, $noreg, 0, $noreg, killed renamable $rsi :: (store (s64) into %ir.5, !tbaa !70); RET 0"
lua_setwarnf,BB#0,4,"renamable $rax = MOV64rm killed renamable $rdi, 1, $noreg, 24, $noreg :: (load (s64) from %ir.4, !tbaa !17); MOV64mr renamable $rax, 1, $noreg, 1408, $noreg, killed renamable $rdx :: (store (s64) into %ir.6, !tbaa !71); MOV64mr killed renamable $rax, 1, $noreg, 1400, $noreg, killed renamable $rsi :: (store (s64) into %ir.7, !tbaa !72); RET 0"
lua_warning,BB#0,1,"TCRETURNdi64 @luaE_warning, 0, <regmask $bh $bl $bp $bph $bpl $bx $ebp $ebx $hbp $hbx $rbp $rbx $r12 $r13 $r14 $r15 $r12b $r13b $r14b $r15b $r12bh $r13bh $r14bh $r15bh $r12d $r13d $r14d $r15d $r12w $r13w $r14w $r15w $r12wh and 3 more...>, implicit $rsp, implicit $ssp, implicit $rdi, implicit $rsi, implicit $edx"
lua_newuserdatauv,BB#0,12,"frame-setup PUSH64r killed $rbx, implicit-def $rsp, implicit $rsp; frame-setup CFI_INSTRUCTION def_cfa_offset 16; CFI_INSTRUCTION offset $rbx, -16; renamable $rbx = COPY $rdi; CALL64pcrel32 @luaS_newudata, <regmask $bh $bl $bp $bph $bpl $bx $ebp $ebx $hbp $hbx $rbp $rbx $r12 $r13 $r14 $r15 $r12b $r13b $r14b $r15b $r12bh $r13bh $r14bh $r15bh $r12d $r13d $r14d $r15d $r12w $r13w $r14w $r15w $r12wh and 3 more...>, implicit $rsp, implicit $ssp, implicit $rdi, implicit $rsi, implicit $edx, implicit-def $rsp, implicit-def $ssp, implicit-def $rax; renamable $rcx = MOV64rm renamable $rbx, 1, $noreg, 16, $noreg :: (load (s64) from %ir.5, !tbaa !12); MOV64mr renamable $rcx, 1, $noreg, 0, $noreg, renamable $rax :: (store (s64) into %ir.6, !tbaa !12); MOV8mi killed renamable $rcx, 1, $noreg, 8, $noreg, 71 :: (store (s8) into %ir.7, align 8, !tbaa !13); ADD64mi32 renamable $rbx, 1, $noreg, 16, $noreg, 16, implicit-def dead $eflags :: (store (s64) into %ir.5, !tbaa !12), (load (s64) from %ir.5, !tbaa !12); renamable $rcx = MOV64rm renamable $rbx, 1, $noreg, 24, $noreg :: (load (s64) from %ir.10, !tbaa !17); CMP64mi32 killed renamable $rcx, 1, $noreg, 24, $noreg, 0, implicit-def $eflags :: (load (s64) from %ir.12, !tbaa !36); JCC_1 %bb.2, 14, implicit $eflags"
lua_newuserdatauv,BB#1,4,"$rdi = COPY killed renamable $rbx; renamable $rbx = COPY killed renamable $rax; CALL64pcrel32 @luaC_step, <regmask $bh $bl $bp $bph $bpl $bx $ebp $ebx $hbp $hbx $rbp $rbx $r12 $r13 $r14 $r15 $r12b $r13b $r14b $r15b $r12bh $r13bh $r14bh $r15bh $r12d $r13d $r14d $r15d $r12w $r13w $r14w $r15w $r12wh and 3 more...>, implicit $rsp, implicit $ssp, implicit $rdi, implicit-def $rsp, implicit-def $ssp; renamable $rax = COPY killed renamable $rbx"
lua_newuserdatauv,BB#2,11,"renamable $ecx = MOVZX32rm16 renamable $rax, 1, $noreg, 10, $noreg, implicit-def $rcx :: (load (s16) from %ir.17, !tbaa !73); renamable $rdx = COPY renamable $rcx; renamable $rdx = nuw nsw SHL64ri killed renamable $rdx(tied-def 0), 4, implicit-def dead $eflags; renamable $rdx = nuw nsw ADD64ri32 killed renamable $rdx(tied-def 0), 40, implicit-def dead $eflags; TEST64rr killed renamable $rcx, renamable $rcx, implicit-def $eflags; renamable $rcx = MOV32ri64 32; renamable $rcx = CMOV64rr killed renamable $rcx(tied-def 0), killed renamable $rdx, 5, implicit killed $eflags; renamable $rax = ADD64rr killed renamable $rax(tied-def 0), killed renamable $rcx, implicit-def dead $eflags; $rbx = frame-destroy POP64r implicit-def $rsp, implicit $rsp; frame-destroy CFI_INSTRUCTION def_cfa_offset 8; RET 0, $rax"
lua_getupvalue,BB#0,3,"renamable $rcx = MOV64rm renamable $rdi, 1, $noreg, 32, $noreg :: (load (s64) from %ir.4, !tbaa !3); TEST32rr renamable $esi, renamable $esi, implicit-def $eflags; JCC_1 %bb.3, 14, implicit killed $eflags"
lua_getupvalue,BB#1,5,"renamable $eax = MOV32rr killed renamable $esi, implicit-def $rax; renamable $rax = SHL64ri killed renamable $rax(tied-def 0), 4, implicit-def dead $eflags; renamable $rax = ADD64rm killed renamable $rax(tied-def 0), killed renamable $rcx, 1, $noreg, 0, $noreg, implicit-def dead $eflags :: (load (s64) from %ir.5, !tbaa !12); CMP64rm renamable $rax, renamable $rdi, 1, $noreg, 16, $noreg, implicit-def $eflags :: (load (s64) from %ir.11, !tbaa !12); JCC_1 %bb.10, 2, implicit $eflags"
lua_getupvalue,BB#2,3,"renamable $rax = MOV64rm renamable $rdi, 1, $noreg, 24, $noreg :: (load (s64) from %ir.52, !tbaa !17), (load (s64) from %ir.48, !tbaa !17), (load (s64) from %ir.15, !tbaa !17); renamable $rax = nuw ADD64ri32 killed renamable $rax(tied-def 0), 80, implicit-def dead $eflags; JMP_1 %bb.10"
lua_getupvalue,BB#3,2,"CMP32ri renamable $esi, -1000999, implicit-def $eflags; JCC_1 %bb.5, 12, implicit killed $eflags"
lua_getupvalue,BB#4,4,"renamable $rax = MOVSX64rr32 killed renamable $esi; renamable $rax = SHL64ri killed renamable $rax(tied-def 0), 4, implicit-def dead $eflags; renamable $rax = ADD64rm killed renamable $rax(tied-def 0), renamable $rdi, 1, $noreg, 16, $noreg, implicit-def dead $eflags :: (load (s64) from %ir.21, !tbaa !12); JMP_1 %bb.10"
lua_getupvalue,BB#5,2,"CMP32ri renamable $esi, -1001000, implicit-def $eflags; JCC_1 %bb.7, 5, implicit killed $eflags"
lua_getupvalue,BB#6,3,"renamable $rax = MOV64rm renamable $rdi, 1, $noreg, 24, $noreg :: (load (s64) from %ir.28, !tbaa !17); renamable $rax = nuw ADD64ri32 killed renamable $rax(tied-def 0), 64, implicit-def dead $eflags; JMP_1 %bb.10"
lua_getupvalue,BB#7,3,"renamable $rax = MOV64rm killed renamable $rcx, 1, $noreg, 0, $noreg :: (load (s64) from %ir.5, !tbaa !12); CMP8mi renamable $rax, 1, $noreg, 8, $noreg, 102, implicit-def $eflags :: (load (s8) from %ir.33, align 8, !tbaa !12); JCC_1 %bb.2, 5, implicit $eflags"
lua_getupvalue,BB#8,6,"renamable $ecx = MOV32ri -1001000; renamable $ecx = nuw nsw SUB32rr killed renamable $ecx(tied-def 0), renamable $esi, implicit-def dead $eflags; renamable $rax = MOV64rm killed renamable $rax, 1, $noreg, 0, $noreg :: (load (s64) from %ir.32, !tbaa !12); renamable $r8d = MOVZX32rm8 renamable $rax, 1, $noreg, 10, $noreg :: (load (s8) from %ir.39, align 2, !tbaa !29); CMP32rr killed renamable $ecx, killed renamable $r8d, implicit-def $eflags; JCC_1 %bb.2, 7, implicit $eflags"
lua_getupvalue,BB#9,4,"renamable $ecx = MOV32ri -1001001, implicit-def $rcx; renamable $ecx = nuw nsw SUB32rr renamable $ecx(tied-def 0), killed renamable $esi, implicit-def dead $eflags, implicit killed $rcx, implicit-def $rcx; renamable $rcx = SHL64ri killed renamable $rcx(tied-def 0), 4, implicit-def dead $eflags; renamable $rax = LEA64r killed renamable $rax, 1, killed renamable $rcx, 32, $noreg"
lua_getupvalue,BB#10,4,"renamable $ecx = MOVZX32rm8 renamable $rax, 1, $noreg, 8, $noreg :: (load (s8) from %ir.57, align 8, !tbaa !13); renamable $ecx = AND32ri killed renamable $ecx(tied-def 0), 63, implicit-def dead $eflags; CMP32ri renamable $ecx, 6, implicit-def $eflags; JCC_1 %bb.16, 4, implicit killed $eflags"
lua_getupvalue,BB#11,2,"CMP32ri killed renamable $ecx, 38, implicit-def $eflags; JCC_1 %bb.13, 4, implicit killed $eflags"
lua_getupvalue,BB#12,2,"renamable $eax = MOV32r0 implicit-def dead $eflags, implicit-def $rax; RET 0, $rax"
lua_getupvalue,BB#13,5,"renamable $rax = MOV64rm killed renamable $rax, 1, $noreg, 0, $noreg :: (load (s64) from %ir.56, !tbaa !12); renamable $edx = DEC32r killed renamable $edx(tied-def 0), implicit-def dead $eflags; renamable $ecx = MOVZX32rm8 renamable $rax, 1, $noreg, 10, $noreg :: (load (s8) from %ir.64, align 2, !tbaa !29); CMP32rr renamable $edx, killed renamable $ecx, implicit-def $eflags; JCC_1 %bb.15, 2, implicit killed $eflags"
lua_getupvalue,BB#14,2,"renamable $eax = MOV32r0 implicit-def dead $eflags, implicit-def $rax; RET 0, $rax"
lua_getupvalue,BB#15,5,"renamable $ecx = MOV32rr killed renamable $edx, implicit-def $rcx; renamable $rcx = SHL64ri killed renamable $rcx(tied-def 0), 4, implicit-def dead $eflags; renamable $rcx = LEA64r killed renamable $rax, 1, killed renamable $rcx, 32, $noreg; renamable $rax = MOV32ri64 @.str; JMP_1 %bb.19"
lua_getupvalue,BB#16,5,"renamable $rcx = MOV64rm killed renamable $rax, 1, $noreg, 0, $noreg :: (load (s64) from %ir.56, !tbaa !12); renamable $rax = MOV64rm renamable $rcx, 1, $noreg, 24, $noreg :: (load (s64) from %ir.73, !tbaa !75); renamable $edx = DEC32r killed renamable $edx(tied-def 0), implicit-def dead $eflags; CMP32rm renamable $edx, renamable $rax, 1, $noreg, 16, $noreg, implicit-def $eflags :: (load (s32) from %ir.76, align 8, !tbaa !76); JCC_1 %bb.18, 2, implicit killed $eflags"
lua_getupvalue,BB#17,2,"renamable $eax = MOV32r0 implicit-def dead $eflags, implicit-def $rax; RET 0, $rax"
lua_getupvalue,BB#18,10,"renamable $rdx = MOVSX64rr32 killed renamable $edx; renamable $rcx = MOV64rm killed renamable $rcx, 8, renamable $rdx, 32, $noreg :: (load (s64) from %ir.81, !tbaa !23); renamable $rcx = MOV64rm killed renamable $rcx, 1, $noreg, 16, $noreg :: (load (s64) from %ir.83, !tbaa !12); renamable $rax = MOV64rm killed renamable $rax, 1, $noreg, 80, $noreg :: (load (s64) from %ir.85, !tbaa !78); renamable $rdx = SHL64ri killed renamable $rdx(tied-def 0), 4, implicit-def dead $eflags; renamable $rax = MOV64rm killed renamable $rax, 1, killed renamable $rdx, 0, $noreg :: (load (s64) from %ir.87, !tbaa !79); renamable $rdx = LEA64r renamable $rax, 1, $noreg, 24, $noreg; TEST64rr killed renamable $rax, renamable $rax, implicit-def $eflags; renamable $rax = MOV32ri64 @.str.2; renamable $rax = CMOV64rr killed renamable $rax(tied-def 0), killed renamable $rdx, 5, implicit killed $eflags"
lua_getupvalue,BB#19,7,"renamable $rdx = MOV64rm renamable $rdi, 1, $noreg, 16, $noreg :: (load (s64) from %ir.95, !tbaa !12); renamable $rsi = MOV64rm renamable $rcx, 1, $noreg, 0, $noreg :: (load (s64) from %ir.93); MOV64mr renamable $rdx, 1, $noreg, 0, $noreg, killed renamable $rsi :: (store (s64) into %ir.96); renamable $cl = MOV8rm killed renamable $rcx, 1, $noreg, 8, $noreg :: (load (s8) from %ir.98, align 8, !tbaa !13); MOV8mr killed renamable $rdx, 1, $noreg, 8, $noreg, killed renamable $cl :: (store (s8) into %ir.100, align 8, !tbaa !13); ADD64mi32 killed renamable $rdi, 1, $noreg, 16, $noreg, 16, implicit-def dead $eflags :: (store (s64) into %ir.95, !tbaa !12), (load (s64) from %ir.95, !tbaa !12); RET 0, $rax"
lua_setupvalue,BB#0,3,"renamable $rcx = MOV64rm renamable $rdi, 1, $noreg, 32, $noreg :: (load (s64) from %ir.4, !tbaa !3); TEST32rr renamable $esi, renamable $esi, implicit-def $eflags; JCC_1 %bb.3, 14, implicit killed $eflags"
lua_setupvalue,BB#1,5,"renamable $eax = MOV32rr killed renamable $esi, implicit-def $rax; renamable $rax = SHL64ri killed renamable $rax(tied-def 0), 4, implicit-def dead $eflags; renamable $rax = ADD64rm killed renamable $rax(tied-def 0), killed renamable $rcx, 1, $noreg, 0, $noreg, implicit-def dead $eflags :: (load (s64) from %ir.5, !tbaa !12); CMP64rm renamable $rax, renamable $rdi, 1, $noreg, 16, $noreg, implicit-def $eflags :: (load (s64) from %ir.11, !tbaa !12); JCC_1 %bb.10, 2, implicit $eflags"
lua_setupvalue,BB#2,3,"renamable $rax = MOV64rm renamable $rdi, 1, $noreg, 24, $noreg :: (load (s64) from %ir.52, !tbaa !17), (load (s64) from %ir.48, !tbaa !17), (load (s64) from %ir.15, !tbaa !17); renamable $rax = nuw ADD64ri32 killed renamable $rax(tied-def 0), 80, implicit-def dead $eflags; JMP_1 %bb.10"
lua_setupvalue,BB#3,2,"CMP32ri renamable $esi, -1000999, implicit-def $eflags; JCC_1 %bb.5, 12, implicit killed $eflags"
lua_setupvalue,BB#4,4,"renamable $rax = MOVSX64rr32 killed renamable $esi; renamable $rax = SHL64ri killed renamable $rax(tied-def 0), 4, implicit-def dead $eflags; renamable $rax = ADD64rm killed renamable $rax(tied-def 0), renamable $rdi, 1, $noreg, 16, $noreg, implicit-def dead $eflags :: (load (s64) from %ir.21, !tbaa !12); JMP_1 %bb.10"
lua_setupvalue,BB#5,2,"CMP32ri renamable $esi, -1001000, implicit-def $eflags; JCC_1 %bb.7, 5, implicit killed $eflags"
lua_setupvalue,BB#6,3,"renamable $rax = MOV64rm renamable $rdi, 1, $noreg, 24, $noreg :: (load (s64) from %ir.28, !tbaa !17); renamable $rax = nuw ADD64ri32 killed renamable $rax(tied-def 0), 64, implicit-def dead $eflags; JMP_1 %bb.10"
lua_setupvalue,BB#7,3,"renamable $rax = MOV64rm killed renamable $rcx, 1, $noreg, 0, $noreg :: (load (s64) from %ir.5, !tbaa !12); CMP8mi renamable $rax, 1, $noreg, 8, $noreg, 102, implicit-def $eflags :: (load (s8) from %ir.33, align 8, !tbaa !12); JCC_1 %bb.2, 5, implicit $eflags"
lua_setupvalue,BB#8,6,"renamable $ecx = MOV32ri -1001000; renamable $ecx = nuw nsw SUB32rr killed renamable $ecx(tied-def 0), renamable $esi, implicit-def dead $eflags; renamable $rax = MOV64rm killed renamable $rax, 1, $noreg, 0, $noreg :: (load (s64) from %ir.32, !tbaa !12); renamable $r8d = MOVZX32rm8 renamable $rax, 1, $noreg, 10, $noreg :: (load (s8) from %ir.39, align 2, !tbaa !29); CMP32rr killed renamable $ecx, killed renamable $r8d, implicit-def $eflags; JCC_1 %bb.2, 7, implicit $eflags"
lua_setupvalue,BB#9,4,"renamable $ecx = MOV32ri -1001001, implicit-def $rcx; renamable $ecx = nuw nsw SUB32rr renamable $ecx(tied-def 0), killed renamable $esi, implicit-def dead $eflags, implicit killed $rcx, implicit-def $rcx; renamable $rcx = SHL64ri killed renamable $rcx(tied-def 0), 4, implicit-def dead $eflags; renamable $rax = LEA64r killed renamable $rax, 1, killed renamable $rcx, 32, $noreg"
lua_setupvalue,BB#10,4,"renamable $ecx = MOVZX32rm8 renamable $rax, 1, $noreg, 8, $noreg :: (load (s8) from %ir.57, align 8, !tbaa !13); renamable $ecx = AND32ri killed renamable $ecx(tied-def 0), 63, implicit-def dead $eflags; CMP32ri renamable $ecx, 6, implicit-def $eflags; JCC_1 %bb.16, 4, implicit killed $eflags"
lua_setupvalue,BB#11,2,"CMP32ri killed renamable $ecx, 38, implicit-def $eflags; JCC_1 %bb.13, 4, implicit killed $eflags"
lua_setupvalue,BB#12,2,"renamable $eax = MOV32r0 implicit-def dead $eflags, implicit-def $rax; RET 0, $rax"
lua_setupvalue,BB#13,5,"renamable $rsi = MOV64rm killed renamable $rax, 1, $noreg, 0, $noreg :: (load (s64) from %ir.56, !tbaa !12); renamable $edx = DEC32r killed renamable $edx(tied-def 0), implicit-def dead $eflags; renamable $eax = MOVZX32rm8 renamable $rsi, 1, $noreg, 10, $noreg :: (load (s8) from %ir.64, align 2, !tbaa !29); CMP32rr renamable $edx, killed renamable $eax, implicit-def $eflags; JCC_1 %bb.15, 2, implicit killed $eflags"
lua_setupvalue,BB#14,2,"renamable $eax = MOV32r0 implicit-def dead $eflags, implicit-def $rax; RET 0, $rax"
lua_setupvalue,BB#15,5,"renamable $eax = MOV32rr killed renamable $edx, implicit-def $rax; renamable $rax = SHL64ri killed renamable $rax(tied-def 0), 4, implicit-def dead $eflags; renamable $rcx = LEA64r renamable $rsi, 1, killed renamable $rax, 32, $noreg; renamable $rax = MOV32ri64 @.str; JMP_1 %bb.19"
lua_setupvalue,BB#16,5,"renamable $rcx = MOV64rm killed renamable $rax, 1, $noreg, 0, $noreg :: (load (s64) from %ir.56, !tbaa !12); renamable $rax = MOV64rm renamable $rcx, 1, $noreg, 24, $noreg :: (load (s64) from %ir.73, !tbaa !75); renamable $edx = DEC32r killed renamable $edx(tied-def 0), implicit-def dead $eflags; CMP32rm renamable $edx, renamable $rax, 1, $noreg, 16, $noreg, implicit-def $eflags :: (load (s32) from %ir.76, align 8, !tbaa !76); JCC_1 %bb.18, 2, implicit killed $eflags"
lua_setupvalue,BB#17,2,"renamable $eax = MOV32r0 implicit-def dead $eflags, implicit-def $rax; RET 0, $rax"
lua_setupvalue,BB#18,10,"renamable $rdx = MOVSX64rr32 killed renamable $edx; renamable $rsi = MOV64rm killed renamable $rcx, 8, renamable $rdx, 32, $noreg :: (load (s64) from %ir.81, !tbaa !23); renamable $rcx = MOV64rm renamable $rsi, 1, $noreg, 16, $noreg :: (load (s64) from %ir.83, !tbaa !12); renamable $rax = MOV64rm killed renamable $rax, 1, $noreg, 80, $noreg :: (load (s64) from %ir.85, !tbaa !78); renamable $rdx = SHL64ri killed renamable $rdx(tied-def 0), 4, implicit-def dead $eflags; renamable $rax = MOV64rm killed renamable $rax, 1, killed renamable $rdx, 0, $noreg :: (load (s64) from %ir.87, !tbaa !79); renamable $rdx = LEA64r renamable $rax, 1, $noreg, 24, $noreg; TEST64rr killed renamable $rax, renamable $rax, implicit-def $eflags; renamable $rax = MOV32ri64 @.str.2; renamable $rax = CMOV64rr killed renamable $rax(tied-def 0), killed renamable $rdx, 5, implicit killed $eflags"
lua_setupvalue,BB#19,9,"renamable $r8 = MOV64rm renamable $rdi, 1, $noreg, 16, $noreg :: (load (s64) from %ir.96, !tbaa !12); renamable $rdx = LEA64r renamable $r8, 1, $noreg, -16, $noreg; MOV64mr renamable $rdi, 1, $noreg, 16, $noreg, killed renamable $rdx :: (store (s64) into %ir.96, !tbaa !12); renamable $rdx = MOV64rm renamable $r8, 1, $noreg, -16, $noreg :: (load (s64) from %ir.98); MOV64mr renamable $rcx, 1, $noreg, 0, $noreg, renamable $rdx :: (store (s64) into %ir.93); renamable $r8b = MOV8rm killed renamable $r8, 1, $noreg, -8, $noreg :: (load (s8) from %ir.100, align 8, !tbaa !13); MOV8mr killed renamable $rcx, 1, $noreg, 8, $noreg, renamable $r8b :: (store (s8) into %ir.102, align 8, !tbaa !13); TEST8ri killed renamable $r8b, 64, implicit-def $eflags; JCC_1 %bb.23, 4, implicit $eflags"
lua_setupvalue,BB#20,2,"TEST8mi renamable $rsi, 1, $noreg, 9, $noreg, 32, implicit-def $eflags :: (load (s8) from %ir.106, !tbaa !31); JCC_1 %bb.23, 4, implicit $eflags"
lua_setupvalue,BB#21,2,"TEST8mi renamable $rdx, 1, $noreg, 9, $noreg, 24, implicit-def $eflags :: (load (s8) from %ir.112, !tbaa !31); JCC_1 %bb.23, 4, implicit $eflags"
lua_setupvalue,BB#22,9,"frame-setup PUSH64r killed $rbx, implicit-def $rsp, implicit $rsp; frame-setup CFI_INSTRUCTION def_cfa_offset 16; CFI_INSTRUCTION offset $rbx, -16; renamable $rbx = COPY killed renamable $rax; CALL64pcrel32 @luaC_barrier_, <regmask $bh $bl $bp $bph $bpl $bx $ebp $ebx $hbp $hbx $rbp $rbx $r12 $r13 $r14 $r15 $r12b $r13b $r14b $r15b $r12bh $r13bh $r14bh $r15bh $r12d $r13d $r14d $r15d $r12w $r13w $r14w $r15w $r12wh and 3 more...>, implicit $rsp, implicit $ssp, implicit $rdi, implicit $rsi, implicit $rdx, implicit-def $rsp, implicit-def $ssp; renamable $rax = COPY killed renamable $rbx; $rbx = frame-destroy POP64r implicit-def $rsp, implicit $rsp; frame-destroy CFI_INSTRUCTION def_cfa_offset 8; CFI_INSTRUCTION restore $rbx"
lua_setupvalue,BB#23,1,"RET 0, $rax"
lua_upvalueid,BB#0,4,"renamable $edx = KILL $edx, implicit-def $rdx; renamable $rax = MOV64rm renamable $rdi, 1, $noreg, 32, $noreg :: (load (s64) from %ir.4, !tbaa !3); TEST32rr renamable $esi, renamable $esi, implicit-def $eflags; JCC_1 %bb.3, 14, implicit killed $eflags"
lua_upvalueid,BB#1,5,"renamable $ecx = MOV32rr renamable $esi, implicit-def $rcx; renamable $rcx = SHL64ri killed renamable $rcx(tied-def 0), 4, implicit-def dead $eflags; renamable $rcx = ADD64rm killed renamable $rcx(tied-def 0), renamable $rax, 1, $noreg, 0, $noreg, implicit-def dead $eflags :: (load (s64) from %ir.5, !tbaa !12); CMP64rm renamable $rcx, renamable $rdi, 1, $noreg, 16, $noreg, implicit-def $eflags :: (load (s64) from %ir.11, !tbaa !12); JCC_1 %bb.10, 2, implicit $eflags"
lua_upvalueid,BB#2,3,"renamable $rcx = MOV64rm renamable $rdi, 1, $noreg, 24, $noreg :: (load (s64) from %ir.52, !tbaa !17), (load (s64) from %ir.48, !tbaa !17), (load (s64) from %ir.15, !tbaa !17); renamable $rcx = nuw ADD64ri32 killed renamable $rcx(tied-def 0), 80, implicit-def dead $eflags; JMP_1 %bb.10"
lua_upvalueid,BB#3,2,"CMP32ri renamable $esi, -1000999, implicit-def $eflags; JCC_1 %bb.5, 12, implicit killed $eflags"
lua_upvalueid,BB#4,4,"renamable $rcx = MOVSX64rr32 renamable $esi; renamable $rcx = SHL64ri killed renamable $rcx(tied-def 0), 4, implicit-def dead $eflags; renamable $rcx = ADD64rm killed renamable $rcx(tied-def 0), renamable $rdi, 1, $noreg, 16, $noreg, implicit-def dead $eflags :: (load (s64) from %ir.21, !tbaa !12); JMP_1 %bb.10"
lua_upvalueid,BB#5,2,"CMP32ri renamable $esi, -1001000, implicit-def $eflags; JCC_1 %bb.7, 5, implicit killed $eflags"
lua_upvalueid,BB#6,3,"renamable $rcx = MOV64rm renamable $rdi, 1, $noreg, 24, $noreg :: (load (s64) from %ir.28, !tbaa !17); renamable $rcx = nuw ADD64ri32 killed renamable $rcx(tied-def 0), 64, implicit-def dead $eflags; JMP_1 %bb.10"
lua_upvalueid,BB#7,3,"renamable $rcx = MOV64rm renamable $rax, 1, $noreg, 0, $noreg :: (load (s64) from %ir.5, !tbaa !12); CMP8mi renamable $rcx, 1, $noreg, 8, $noreg, 102, implicit-def $eflags :: (load (s8) from %ir.33, align 8, !tbaa !12); JCC_1 %bb.2, 5, implicit $eflags"
lua_upvalueid,BB#8,6,"renamable $r8d = MOV32ri -1001000; renamable $r8d = nuw nsw SUB32rr killed renamable $r8d(tied-def 0), renamable $esi, implicit-def dead $eflags; renamable $rcx = MOV64rm killed renamable $rcx, 1, $noreg, 0, $noreg :: (load (s64) from %ir.32, !tbaa !12); renamable $r9d = MOVZX32rm8 renamable $rcx, 1, $noreg, 10, $noreg :: (load (s8) from %ir.39, align 2, !tbaa !29); CMP32rr killed renamable $r8d, killed renamable $r9d, implicit-def $eflags; JCC_1 %bb.2, 7, implicit $eflags"
lua_upvalueid,BB#9,4,"renamable $r8d = MOV32ri -1001001, implicit-def $r8; renamable $r8d = nuw nsw SUB32rr renamable $r8d(tied-def 0), renamable $esi, implicit-def dead $eflags, implicit killed $r8, implicit-def $r8; renamable $r8 = SHL64ri killed renamable $r8(tied-def 0), 4, implicit-def dead $eflags; renamable $rcx = LEA64r killed renamable $rcx, 1, killed renamable $r8, 32, $noreg"
lua_upvalueid,BB#10,4,"renamable $r8d = MOVZX32rm8 renamable $rcx, 1, $noreg, 8, $noreg :: (load (s8) from %ir.57, align 8, !tbaa !13); renamable $r8d = AND32ri killed renamable $r8d(tied-def 0), 63, implicit-def dead $eflags; CMP32ri renamable $r8d, 38, implicit-def $eflags; JCC_1 %bb.27, 4, implicit killed $eflags"
lua_upvalueid,BB#11,2,"CMP32ri killed renamable $r8d, 6, implicit-def $eflags; JCC_1 %bb.13, 4, implicit killed $eflags"
lua_upvalueid,BB#12,2,"renamable $eax = MOV32r0 implicit-def dead $eflags, implicit-def $rax; RET 0, $rax"
lua_upvalueid,BB#13,2,"TEST32rr renamable $esi, renamable $esi, implicit-def $eflags; JCC_1 %bb.16, 14, implicit killed $eflags"
lua_upvalueid,BB#14,5,"renamable $ecx = MOV32rr killed renamable $esi, implicit-def $rcx; renamable $rcx = SHL64ri killed renamable $rcx(tied-def 0), 4, implicit-def dead $eflags; renamable $rcx = ADD64rm killed renamable $rcx(tied-def 0), killed renamable $rax, 1, $noreg, 0, $noreg, implicit-def dead $eflags :: (load (s64) from %ir.5, !tbaa !12); CMP64rm renamable $rcx, renamable $rdi, 1, $noreg, 16, $noreg, implicit-def $eflags :: (load (s64) from %ir.67, !tbaa !12); JCC_1 %bb.23, 2, implicit $eflags"
lua_upvalueid,BB#15,3,"renamable $rcx = MOV64rm killed renamable $rdi, 1, $noreg, 24, $noreg :: (load (s64) from %ir.108, !tbaa !17), (load (s64) from %ir.104, !tbaa !17), (load (s64) from %ir.71, !tbaa !17); renamable $rcx = nuw ADD64ri32 killed renamable $rcx(tied-def 0), 80, implicit-def dead $eflags; JMP_1 %bb.23"
lua_upvalueid,BB#16,2,"CMP32ri renamable $esi, -1000999, implicit-def $eflags; JCC_1 %bb.18, 12, implicit killed $eflags"
lua_upvalueid,BB#17,4,"renamable $rcx = MOVSX64rr32 killed renamable $esi; renamable $rcx = SHL64ri killed renamable $rcx(tied-def 0), 4, implicit-def dead $eflags; renamable $rcx = ADD64rm killed renamable $rcx(tied-def 0), killed renamable $rdi, 1, $noreg, 16, $noreg, implicit-def dead $eflags :: (load (s64) from %ir.77, !tbaa !12); JMP_1 %bb.23"
lua_upvalueid,BB#18,2,"CMP32ri renamable $esi, -1001000, implicit-def $eflags; JCC_1 %bb.20, 5, implicit killed $eflags"
lua_upvalueid,BB#19,3,"renamable $rcx = MOV64rm killed renamable $rdi, 1, $noreg, 24, $noreg :: (load (s64) from %ir.84, !tbaa !17); renamable $rcx = nuw ADD64ri32 killed renamable $rcx(tied-def 0), 64, implicit-def dead $eflags; JMP_1 %bb.23"
lua_upvalueid,BB#20,3,"renamable $rax = MOV64rm killed renamable $rax, 1, $noreg, 0, $noreg :: (load (s64) from %ir.5, !tbaa !12); CMP8mi renamable $rax, 1, $noreg, 8, $noreg, 102, implicit-def $eflags :: (load (s8) from %ir.89, align 8, !tbaa !12); JCC_1 %bb.15, 5, implicit $eflags"
lua_upvalueid,BB#21,6,"renamable $ecx = MOV32ri -1001000; renamable $ecx = nuw nsw SUB32rr killed renamable $ecx(tied-def 0), renamable $esi, implicit-def dead $eflags; renamable $rax = MOV64rm killed renamable $rax, 1, $noreg, 0, $noreg :: (load (s64) from %ir.88, !tbaa !12); renamable $r8d = MOVZX32rm8 renamable $rax, 1, $noreg, 10, $noreg :: (load (s8) from %ir.95, align 2, !tbaa !29); CMP32rr killed renamable $ecx, killed renamable $r8d, implicit-def $eflags; JCC_1 %bb.15, 7, implicit $eflags"
lua_upvalueid,BB#22,4,"renamable $ecx = MOV32ri -1001001, implicit-def $rcx; renamable $ecx = nuw nsw SUB32rr renamable $ecx(tied-def 0), killed renamable $esi, implicit-def dead $eflags, implicit killed $rcx, implicit-def $rcx; renamable $rcx = SHL64ri killed renamable $rcx(tied-def 0), 4, implicit-def dead $eflags; renamable $rcx = LEA64r killed renamable $rax, 1, killed renamable $rcx, 32, $noreg"
lua_upvalueid,BB#23,3,"renamable $rax = MOV32ri64 @getupvalref.nullup; TEST32rr renamable $edx, renamable $edx, implicit-def $eflags; JCC_1 %bb.26, 14, implicit $eflags"
lua_upvalueid,BB#24,4,"renamable $rcx = MOV64rm killed renamable $rcx, 1, $noreg, 0, $noreg :: (load (s64) from %ir.112, !tbaa !12); renamable $rsi = MOV64rm renamable $rcx, 1, $noreg, 24, $noreg :: (load (s64) from %ir.116, !tbaa !75); CMP32mr killed renamable $rsi, 1, $noreg, 16, $noreg, renamable $edx, implicit-def $eflags :: (load (s32) from %ir.118, align 8, !tbaa !76); JCC_1 %bb.26, 12, implicit $eflags"
lua_upvalueid,BB#25,2,"renamable $edx = nsw DEC32r renamable $edx(tied-def 0), implicit-def dead $eflags, implicit killed $rdx, implicit-def $rdx; renamable $rax = LEA64r killed renamable $rcx, 8, killed renamable $rdx, 32, $noreg"
lua_upvalueid,BB#26,2,"renamable $rax = MOV64rm killed renamable $rax, 1, $noreg, 0, $noreg :: (load (s64) from %ir.126, !tbaa !23); RET 0, $rax"
lua_upvalueid,BB#27,2,"TEST32rr renamable $edx, renamable $edx, implicit-def $eflags; JCC_1 %bb.29, 15, implicit killed $eflags"
lua_upvalueid,BB#28,2,"renamable $eax = MOV32r0 implicit-def dead $eflags, implicit-def $rax; RET 0, $rax"
lua_upvalueid,BB#29,4,"renamable $rax = MOV64rm killed renamable $rcx, 1, $noreg, 0, $noreg :: (load (s64) from %ir.56, !tbaa !12); renamable $ecx = MOVZX32rm8 renamable $rax, 1, $noreg, 10, $noreg :: (load (s8) from %ir.132, align 2, !tbaa !29); CMP32rr killed renamable $ecx, renamable $edx, implicit-def $eflags; JCC_1 %bb.31, 3, implicit killed $eflags"
lua_upvalueid,BB#30,2,"renamable $eax = MOV32r0 implicit-def dead $eflags, implicit-def $rax; RET 0, $rax"
lua_upvalueid,BB#31,4,"renamable $edx = nsw DEC32r renamable $edx(tied-def 0), implicit-def dead $eflags, implicit killed $rdx, implicit-def $rdx; renamable $rdx = SHL64ri killed renamable $rdx(tied-def 0), 4, implicit-def dead $eflags; renamable $rax = LEA64r killed renamable $rax, 1, killed renamable $rdx, 32, $noreg; RET 0, $rax"
lua_upvaluejoin,BB#0,5,"renamable $r8d = KILL $r8d, implicit-def $r8; renamable $edx = KILL $edx, implicit-def $rdx; renamable $rax = MOV64rm renamable $rdi, 1, $noreg, 32, $noreg :: (load (s64) from %ir.6, !tbaa !3); TEST32rr renamable $esi, renamable $esi, implicit-def $eflags; JCC_1 %bb.3, 14, implicit killed $eflags"
lua_upvaluejoin,BB#1,5,"renamable $esi = MOV32rr killed renamable $esi, implicit-def $rsi; renamable $rsi = SHL64ri killed renamable $rsi(tied-def 0), 4, implicit-def dead $eflags; renamable $rsi = ADD64rm killed renamable $rsi(tied-def 0), renamable $rax, 1, $noreg, 0, $noreg, implicit-def dead $eflags :: (load (s64) from %ir.7, !tbaa !12); CMP64rm renamable $rsi, renamable $rdi, 1, $noreg, 16, $noreg, implicit-def $eflags :: (load (s64) from %ir.13, !tbaa !12); JCC_1 %bb.10, 2, implicit $eflags"
lua_upvaluejoin,BB#2,3,"renamable $rsi = MOV64rm renamable $rdi, 1, $noreg, 24, $noreg :: (load (s64) from %ir.54, !tbaa !17), (load (s64) from %ir.50, !tbaa !17), (load (s64) from %ir.17, !tbaa !17); renamable $rsi = nuw ADD64ri32 killed renamable $rsi(tied-def 0), 80, implicit-def dead $eflags; JMP_1 %bb.10"
lua_upvaluejoin,BB#3,2,"CMP32ri renamable $esi, -1000999, implicit-def $eflags; JCC_1 %bb.5, 12, implicit killed $eflags"
lua_upvaluejoin,BB#4,4,"renamable $rsi = MOVSX64rr32 killed renamable $esi; renamable $rsi = SHL64ri killed renamable $rsi(tied-def 0), 4, implicit-def dead $eflags; renamable $rsi = ADD64rm killed renamable $rsi(tied-def 0), renamable $rdi, 1, $noreg, 16, $noreg, implicit-def dead $eflags :: (load (s64) from %ir.23, !tbaa !12); JMP_1 %bb.10"
lua_upvaluejoin,BB#5,2,"CMP32ri renamable $esi, -1001000, implicit-def $eflags; JCC_1 %bb.7, 5, implicit killed $eflags"
lua_upvaluejoin,BB#6,3,"renamable $rsi = MOV64rm renamable $rdi, 1, $noreg, 24, $noreg :: (load (s64) from %ir.30, !tbaa !17); renamable $rsi = nuw ADD64ri32 killed renamable $rsi(tied-def 0), 64, implicit-def dead $eflags; JMP_1 %bb.10"
lua_upvaluejoin,BB#7,3,"renamable $r9 = MOV64rm renamable $rax, 1, $noreg, 0, $noreg :: (load (s64) from %ir.7, !tbaa !12); CMP8mi renamable $r9, 1, $noreg, 8, $noreg, 102, implicit-def $eflags :: (load (s8) from %ir.35, align 8, !tbaa !12); JCC_1 %bb.2, 5, implicit $eflags"
lua_upvaluejoin,BB#8,6,"renamable $r10d = MOV32ri -1001000; renamable $r10d = nuw nsw SUB32rr killed renamable $r10d(tied-def 0), renamable $esi, implicit-def dead $eflags; renamable $r9 = MOV64rm killed renamable $r9, 1, $noreg, 0, $noreg :: (load (s64) from %ir.34, !tbaa !12); renamable $r11d = MOVZX32rm8 renamable $r9, 1, $noreg, 10, $noreg :: (load (s8) from %ir.41, align 2, !tbaa !29); CMP32rr killed renamable $r10d, killed renamable $r11d, implicit-def $eflags; JCC_1 %bb.2, 7, implicit $eflags"
lua_upvaluejoin,BB#9,4,"renamable $r10d = MOV32ri -1001001, implicit-def $r10; renamable $r10d = nuw nsw SUB32rr renamable $r10d(tied-def 0), killed renamable $esi, implicit-def dead $eflags, implicit killed $r10, implicit-def $r10; renamable $r10 = SHL64ri killed renamable $r10(tied-def 0), 4, implicit-def dead $eflags; renamable $rsi = LEA64r killed renamable $r9, 1, killed renamable $r10, 32, $noreg"
lua_upvaluejoin,BB#10,4,"renamable $rsi = MOV64rm killed renamable $rsi, 1, $noreg, 0, $noreg :: (load (s64) from %ir.58, !tbaa !12); renamable $r9 = MOV32ri64 @getupvalref.nullup; TEST32rr renamable $edx, renamable $edx, implicit-def $eflags; JCC_1 %bb.13, 14, implicit $eflags"
lua_upvaluejoin,BB#11,3,"renamable $r10 = MOV64rm renamable $rsi, 1, $noreg, 24, $noreg :: (load (s64) from %ir.62, !tbaa !75); CMP32mr killed renamable $r10, 1, $noreg, 16, $noreg, renamable $edx, implicit-def $eflags :: (load (s32) from %ir.64, align 8, !tbaa !76); JCC_1 %bb.13, 12, implicit $eflags"
lua_upvaluejoin,BB#12,2,"renamable $edx = nsw DEC32r renamable $edx(tied-def 0), implicit-def dead $eflags, implicit killed $rdx, implicit-def $rdx; renamable $r9 = LEA64r renamable $rsi, 8, killed renamable $rdx, 32, $noreg"
lua_upvaluejoin,BB#13,2,"TEST32rr renamable $ecx, renamable $ecx, implicit-def $eflags; JCC_1 %bb.16, 14, implicit killed $eflags"
lua_upvaluejoin,BB#14,5,"renamable $ecx = MOV32rr killed renamable $ecx, implicit-def $rcx; renamable $rcx = SHL64ri killed renamable $rcx(tied-def 0), 4, implicit-def dead $eflags; renamable $rcx = ADD64rm killed renamable $rcx(tied-def 0), killed renamable $rax, 1, $noreg, 0, $noreg, implicit-def dead $eflags :: (load (s64) from %ir.7, !tbaa !12); CMP64rm renamable $rcx, renamable $rdi, 1, $noreg, 16, $noreg, implicit-def $eflags :: (load (s64) from %ir.78, !tbaa !12); JCC_1 %bb.23, 2, implicit $eflags"
lua_upvaluejoin,BB#15,3,"renamable $rcx = MOV64rm renamable $rdi, 1, $noreg, 24, $noreg :: (load (s64) from %ir.119, !tbaa !17), (load (s64) from %ir.115, !tbaa !17), (load (s64) from %ir.82, !tbaa !17); renamable $rcx = nuw ADD64ri32 killed renamable $rcx(tied-def 0), 80, implicit-def dead $eflags; JMP_1 %bb.23"
lua_upvaluejoin,BB#16,2,"CMP32ri renamable $ecx, -1000999, implicit-def $eflags; JCC_1 %bb.18, 12, implicit killed $eflags"
lua_upvaluejoin,BB#17,4,"renamable $rcx = MOVSX64rr32 killed renamable $ecx; renamable $rcx = SHL64ri killed renamable $rcx(tied-def 0), 4, implicit-def dead $eflags; renamable $rcx = ADD64rm killed renamable $rcx(tied-def 0), renamable $rdi, 1, $noreg, 16, $noreg, implicit-def dead $eflags :: (load (s64) from %ir.88, !tbaa !12); JMP_1 %bb.23"
lua_upvaluejoin,BB#18,2,"CMP32ri renamable $ecx, -1001000, implicit-def $eflags; JCC_1 %bb.20, 5, implicit killed $eflags"
lua_upvaluejoin,BB#19,3,"renamable $rcx = MOV64rm renamable $rdi, 1, $noreg, 24, $noreg :: (load (s64) from %ir.95, !tbaa !17); renamable $rcx = nuw ADD64ri32 killed renamable $rcx(tied-def 0), 64, implicit-def dead $eflags; JMP_1 %bb.23"
lua_upvaluejoin,BB#20,3,"renamable $rax = MOV64rm killed renamable $rax, 1, $noreg, 0, $noreg :: (load (s64) from %ir.7, !tbaa !12); CMP8mi renamable $rax, 1, $noreg, 8, $noreg, 102, implicit-def $eflags :: (load (s8) from %ir.100, align 8, !tbaa !12); JCC_1 %bb.15, 5, implicit $eflags"
lua_upvaluejoin,BB#21,6,"renamable $edx = MOV32ri -1001000; renamable $edx = nuw nsw SUB32rr killed renamable $edx(tied-def 0), renamable $ecx, implicit-def dead $eflags; renamable $rax = MOV64rm killed renamable $rax, 1, $noreg, 0, $noreg :: (load (s64) from %ir.99, !tbaa !12); renamable $r10d = MOVZX32rm8 renamable $rax, 1, $noreg, 10, $noreg :: (load (s8) from %ir.106, align 2, !tbaa !29); CMP32rr killed renamable $edx, killed renamable $r10d, implicit-def $eflags; JCC_1 %bb.15, 7, implicit $eflags"
lua_upvaluejoin,BB#22,4,"renamable $edx = MOV32ri -1001001, implicit-def $rdx; renamable $edx = nuw nsw SUB32rr renamable $edx(tied-def 0), killed renamable $ecx, implicit-def dead $eflags, implicit killed $rdx, implicit-def $rdx; renamable $rdx = SHL64ri killed renamable $rdx(tied-def 0), 4, implicit-def dead $eflags; renamable $rcx = LEA64r killed renamable $rax, 1, killed renamable $rdx, 32, $noreg"
lua_upvaluejoin,BB#23,3,"renamable $rax = MOV32ri64 @getupvalref.nullup; TEST32rr renamable $r8d, renamable $r8d, implicit-def $eflags; JCC_1 %bb.26, 14, implicit $eflags"
lua_upvaluejoin,BB#24,4,"renamable $rcx = MOV64rm killed renamable $rcx, 1, $noreg, 0, $noreg :: (load (s64) from %ir.123, !tbaa !12); renamable $rdx = MOV64rm renamable $rcx, 1, $noreg, 24, $noreg :: (load (s64) from %ir.127, !tbaa !75); CMP32mr killed renamable $rdx, 1, $noreg, 16, $noreg, renamable $r8d, implicit-def $eflags :: (load (s32) from %ir.129, align 8, !tbaa !76); JCC_1 %bb.26, 12, implicit $eflags"
lua_upvaluejoin,BB#25,2,"renamable $r8d = nsw DEC32r renamable $r8d(tied-def 0), implicit-def dead $eflags, implicit killed $r8, implicit-def $r8; renamable $rax = LEA64r killed renamable $rcx, 8, killed renamable $r8, 32, $noreg"
lua_upvaluejoin,BB#26,4,"renamable $rdx = MOV64rm killed renamable $rax, 1, $noreg, 0, $noreg :: (load (s64) from %ir.137, !tbaa !23); MOV64mr killed renamable $r9, 1, $noreg, 0, $noreg, renamable $rdx :: (store (s64) into %ir.72, !tbaa !23); TEST8mi renamable $rsi, 1, $noreg, 9, $noreg, 32, implicit-def $eflags :: (load (s8) from %ir.139, !tbaa !81); JCC_1 %bb.28, 4, implicit $eflags"
lua_upvaluejoin,BB#27,2,"TEST8mi renamable $rdx, 1, $noreg, 9, $noreg, 24, implicit-def $eflags :: (load (s8) from %ir.144, !tbaa !54); TCRETURNdi64cc @luaC_barrier_, 0, 5, <regmask $bh $bl $bp $bph $bpl $bx $ebp $ebx $hbp $hbx $rbp $rbx $r12 $r13 $r14 $r15 $r12b $r13b $r14b $r15b $r12bh $r13bh $r14bh $r15bh $r12d $r13d $r14d $r15d $r12w $r13w $r14w $r15w $r12wh and 3 more...>, implicit $rsp, implicit $eflags, implicit $ssp, implicit $rsp, implicit $ssp, implicit $rdi, implicit $rsi, implicit $rdx, implicit $rdi, implicit-def $rdi, implicit $hsi, implicit-def $hsi, implicit $sih, implicit-def $sih, implicit $sil, implicit-def $sil, implicit $si, implicit-def $si, implicit $esi, implicit-def $esi, implicit $rsi, implicit-def $rsi, implicit $hdx, implicit-def $hdx, implicit $dh, implicit-def $dh, implicit $dl, implicit-def $dl, implicit $dx, implicit-def $dx, implicit $edx, implicit-def $edx, implicit $rdx, implicit-def $rdx, implicit $hdi, implicit-def $hdi, implicit $dih, implicit-def $dih, implicit $dil, implicit-def $dil, implicit $di, implicit-def $di, implicit $edi, implicit-def $edi"
lua_upvaluejoin,BB#28,1,RET 0
